Workbook

Sheet ENTETES_MATURIN_0
A1: nomfichier | B1: E_NUM_INTERNE | C1: E_NUM_TICKET | D1: E_DATE_TICKET | E1: E_HEURE_TICKET | F1: E_HT1 | G1: E_HT2 | H1: E_HT3 | I1: E_HT4 | J1: E_TVA1 | K1: E_TVA2 | L1: E_TVA3 | M1: E_TVA4 | N1: E_HT_NON_TAXABLE | O1: E_TTC | P1: E_MDP_CB | Q1: E_MDP_ESPECES | R1: E_MDP_CHEQUES
A2: EJ010223.TXT | B2: 000977 | C2: 000609 | D2: 44930 | E2: 12:01 | F2: 747.5 | J2: 149.5 | O2: 897 | Q2: 897
A3: EJ010223.TXT | B3: 000978 | C3: 000610 | D3: 44932 | E3: 11:30 | F3: 498.33 | J3: 99.67 | O3: 598 | P3: 598
A4: EJ010223.TXT | B4: 000979 | C4: 000611 | D4: 44932 | E4: 13:38 | F4: 483.33 | J4: 96.67 | O4: 580 | P4: 580
A5: EJ010223.TXT | B5: 000980 | C5: 000612 | D5: 44932 | E5: 13:38 | F5: 1450 | J5: 290 | O5: 1740 | P5: 1740
A6: EJ010223.TXT | B6: 000981 | C6: 000613 | D6: 44932 | E6: 13:58 | F6: 1450 | J6: 290 | O6: 1740 | P6: 1740
A7: EJ010223.TXT | B7: 000982 | C7: 000614 | D7: 44932 | E7: 13:59 | F7: 2900 | J7: 580 | O7: 3480 | P7: 3480
A8: EJ010223.TXT | B8: 000983 | C8: 000615 | D8: 44937 | E8: 12:38 | F8: 73.33 | J8: 14.67 | O8: 88 | P8: 88
A9: EJ010223.TXT | B9: 000984 | C9: 000616 | D9: 44937 | E9: 14:46 | F9: 311.5 | J9: 62.3 | O9: 373.8 | P9: 373.8
A10: EJ010223.TXT | B10: 000985 | C10: 000617 | D10: 44939 | E10: 10:27 | F10: 249.17 | J10: 49.83 | O10: 299 | P10: 299
A11: EJ010223.TXT | B11: 000986 | C11: 000618 | D11: 44939 | E11: 10:48 | F11: 146.67 | J11: 29.33 | O11: 176 | P11: 176
A12: EJ010223.TXT | B12: 000987 | C12: 000619 | D12: 44939 | E12: 13:05 | F12: 498.33 | J12: 99.67 | O12: 598 | P12: 598
A13: EJ010223.TXT | B13: 000988 | C13: 000620 | D13: 44940 | E13: 16:39 | F13: 498.33 | J13: 99.67 | O13: 598 | P13: 598
A14: EJ010223.TXT | B14: 000989 | C14: 000621 | D14: 44940 | E14: 16:53 | F14: 288.33 | J14: 57.67 | O14: 346 | P14: 346
A15: EJ010223.TXT | B15: 000990 | C15: 000622 | D15: 44942 | E15: 17:36 | F15: 658.33 | J15: 131.67 | O15: 790 | Q15: 790
A16: EJ010223.TXT | B16: 000991 | C16: 000623 | D16: 44942 | E16: 17:44 | F16: 241.67 | J16: 48.33 | O16: 290 | Q16: 290
A17: EJ010223.TXT | B17: 000992 | C17: 000624 | D17: 44942 | E17: 17:44 | F17: 241.67 | J17: 48.33 | O17: 290 | Q17: 290
A18: EJ010223.TXT | B18: 000993 | C18: 000625 | D18: 44942 | E18: 17:44 | F18: 241.67 | J18: 48.33 | O18: 290 | Q18: 290
A19: EJ010223.TXT | B19: 000994 | C19: 000626 | D19: 44943 | E19: 10:05 | F19: 747.5 | J19: 149.5 | O19: 897 | P19: 897
A20: EJ010223.TXT | B20: 000995 | C20: 000627 | D20: 44943 | E20: 11:17 | F20: 115.83 | J20: 23.17 | O20: 139 | P20: 139
A21: EJ010223.TXT | B21: 000996 | C21: 000628 | D21: 44943 | E21: 11:23 | F21: 2900 | J21: 580 | O21: 3480 | P21: 3480
A22: EJ010223.TXT | B22: 000997 | C22: 000629 | D22: 44943 | E22: 12:30 | F22: 144.17 | J22: 28.83 | O22: 173 | P22: 173
A23: EJ010223.TXT | B23: 000998 | C23: 000630 | D23: 44943 | E23: 13:47 | F23: 498.33 | J23: 99.67 | O23: 598 | Q23: 598
A24: EJ010223.TXT | B24: 000999 | C24: 000631 | D24: 44944 | E24: 12:59 | F24: 149 | J24: 29.8 | O24: 178.8 | P24: 178.8
A25: EJ010223.TXT | B25: 001000 | C25: 000632 | D25: 44944 | E25: 17:24 | F25: 73.33 | J25: 14.67 | O25: 88 | P25: 88
A26: EJ010223.TXT | B26: 001001 | C26: 000633 | D26: 44945 | E26: 12:34 | F26: 498.33 | J26: 99.67 | O26: 598 | Q26: 598
A27: EJ010223.TXT | B27: 001002 | C27: 000634 | D27: 44947 | E27: 14:43 | F27: 498.33 | J27: 99.67 | O27: 598 | P27: 598
A28: EJ010223.TXT | B28: 001003 | C28: 000635 | D28: 44951 | E28: 09:58 | F28: 249.17 | J28: 49.83 | O28: 299 | Q28: 299
A29: EJ010223.TXT | B29: 001004 | C29: 000636 | D29: 44951 | E29: 16:08 | F29: 498.33 | J29: 99.67 | O29: 598 | P29: 598
A30: EJ010223.TXT | B30: 001005 | C30: 000637 | D30: 44951 | E30: 16:46 | F30: 498.33 | J30: 99.67 | O30: 598 | Q30: 598
A31: EJ010223.TXT | B31: 001006 | C31: 000638 | D31: 44952 | E31: 16:05 | F31: 498.33 | J31: 99.67 | O31: 598 | Q31: 598
A32: EJ010223.TXT | B32: 001007 | C32: 000639 | D32: 44953 | E32: 13:19 | F32: 498.33 | J32: 99.67 | O32: 598 | P32: 598
A33: EJ010223.TXT | B33: 001008 | C33: 000640 | D33: 44953 | E33: 17:19 | F33: 498.33 | J33: 99.67 | O33: 598 | P33: 598
A34: EJ010323.TXT | B34: 001015 | C34: 000641 | D34: 44958 | E34: 15:26 | F34: 24.83 | J34: 4.97 | O34: 29.8 | Q34: 29.8
A35: EJ010323.TXT | B35: 001017 | C35: 000642 | D35: 44959 | E35: 12:55 | F35: 274.17 | J35: 54.83 | O35: 329 | P35: 329
A36: EJ010323.TXT | B36: 001020 | C36: 000643 | D36: 44959 | E36: 14:04 | F36: 274.17 | J36: 54.83 | O36: 329 | Q36: 329
A37: EJ010323.TXT | B37: 001021 | C37: 000644 | D37: 44961 | E37: 15:31 | F37: 548.33 | J37: 109.67 | O37: 658 | Q37: 658
A38: EJ010323.TXT | B38: 001022 | C38: 000645 | D38: 44961 | E38: 15:34 | F38: 548.33 | J38: 109.67 | O38: 658 | P38: 658
A39: EJ010323.TXT | B39: 001023 | C39: 000646 | D39: 44961 | E39: 16:26 | F39: 822.5 | J39: 164.5 | O39: 987 | Q39: 987
A40: EJ010323.TXT | B40: 001024 | C40: 000647 | D40: 44961 | E40: 16:35 | F40: 548.33 | J40: 109.67 | O40: 658 | P40: 658
A41: EJ010323.TXT | B41: 001025 | C41: 000648 | D41: 44963 | E41: 13:29 | F41: 1495 | J41: 299 | O41: 1794 | P41: 1794
A42: EJ010323.TXT | B42: 001026 | C42: 000649 | D42: 44963 | E42: 17:56 | F42: 897.5 | J42: 179.5 | O42: 1077 | Q42: 1077
A43: EJ010323.TXT | B43: 001027 | C43: 000650 | D43: 44966 | E43: 15:16 | F43: 548.33 | J43: 109.67 | O43: 658 | P43: 58 | Q43: 600
A44: EJ010323.TXT | B44: 001029 | C44: 000651 | D44: 44967 | E44: 17:03 | F44: 1449.17 | J44: 289.83 | O44: 1739 | P44: 1739
A45: EJ010323.TXT | B45: 001030 | C45: 000652 | D45: 44970 | E45: 11:49 | F45: 646.67 | J45: 129.33 | O45: 776 | Q45: 776
A46: EJ010323.TXT | B46: 001031 | C46: 000653 | D46: 44972 | E46: 10:22 | F46: 1600 | J46: 320 | O46: 1920 | P46: 920 | Q46: 1000
A47: EJ010323.TXT | B47: 001033 | C47: 000654 | D47: 44972 | E47: 10:50 | F47: 274.17 | J47: 54.83 | O47: 329 | R47: 329
A48: EJ010323.TXT | B48: 001034 | C48: 000655 | D48: 44972 | E48: 13:58 | F48: 465 | J48: 93 | O48: 558 | P48: 558
A49: EJ010323.TXT | B49: 001035 | C49: 000656 | D49: 44972 | E49: 15:51 | F49: 548.33 | J49: 109.67 | O49: 658 | P49: 158 | Q49: 500
A50: EJ010323.TXT | B50: 001038 | C50: 000657 | D50: 44974 | E50: 13:43 | F50: 548.33 | J50: 109.67 | O50: 658 | Q50: 658
A51: EJ010323.TXT | B51: 001039 | C51: 000658 | D51: 44974 | E51: 13:43 | F51: 548.33 | J51: 109.67 | O51: 658 | Q51: 658
A52: EJ010323.TXT | B52: 001040 | C52: 000659 | D52: 44975 | E52: 17:47 | F52: 533.33 | J52: 106.67 | O52: 640 | Q52: 640
A53: EJ010323.TXT | B53: 001041 | C53: 000660 | D53: 44978 | E53: 11:02 | F53: 548.33 | J53: 109.67 | O53: 658 | P53: 658
A54: EJ010323.TXT | B54: 001042 | C54: 000661 | D54: 44978 | E54: 11:03 | F54: 548.33 | J54: 109.67 | O54: 658 | P54: 658
A55: EJ010323.TXT | B55: 001043 | C55: 000662 | D55: 44978 | E55: 11:09 | F55: 274.17 | J55: 54.83 | O55: 329 | P55: 329
A56: EJ010323.TXT | B56: 001044 | C56: 000663 | D56: 44978 | E56: 13:53 | F56: 2466.67 | J56: 493.33 | O56: 2960 | P56: 2960
A57: EJ010323.TXT | B57: 001045 | C57: 000664 | D57: 44982 | E57: 15:57 | F57: 274.17 | J57: 54.83 | O57: 329 | Q57: 329
A58: EJ010323.TXT | B58: 001046 | C58: 000665 | D58: 44982 | E58: 15:58 | F58: 274.17 | J58: 54.83 | O58: 329 | Q58: 329
A59: EJ010423.TXT | B59: 001055 | C59: 000666 | D59: 44988 | E59: 15:04 | F59: 329.17 | J59: 65.83 | O59: 395 | P59: 395
A60: EJ010423.TXT | B60: 001056 | C60: 000667 | D60: 44988 | E60: 16:02 | F60: 274.17 | J60: 54.83 | O60: 329 | P60: 329
A61: EJ010423.TXT | B61: 001057 | C61: 000668 | D61: 44991 | E61: 17:27 | F61: 274.17 | J61: 54.83 | O61: 329 | Q61: 329
A62: EJ010423.TXT | B62: 001058 | C62: 000669 | D62: 44993 | E62: 10:18 | F62: 548.33 | J62: 109.67 | O62: 658 | Q62: 658
A63: EJ010423.TXT | B63: 001059 | C63: 000670 | D63: 44996 | E63: 17:07 | F63: 199.17 | J63: 39.83 | O63: 239 | Q63: 239
A64: EJ010423.TXT | B64: 001060 | C64: 000671 | D64: 45001 | E64: 11:14 | F64: 548.33 | J64: 109.67 | O64: 658 | P64: 8 | Q64: 650
A65: EJ010423.TXT | B65: 001062 | C65: 000672 | D65: 45001 | E65: 11:24 | F65: 822.5 | J65: 164.5 | O65: 987 | P65: 987
A66: EJ010423.TXT | B66: 001063 | C66: 000673 | D66: 45002 | E66: 17:35 | F66: 3200 | J66: 640 | O66: 3840 | P66: 3840
A67: EJ010423.TXT | B67: 001064 | C67: 000674 | D67: 45003 | E67: 14:58 | F67: 548.33 | J67: 109.67 | O67: 658 | P67: 58 | Q67: 600
A68: EJ010423.TXT | B68: 001066 | C68: 000675 | D68: 45003 | E68: 16:53 | F68: 1770 | J68: 354 | O68: 2124 | P68: 2124
A69: EJ010423.TXT | B69: 001067 | C69: 000676 | D69: 45005 | E69: 13:47 | F69: 548.33 | J69: 109.67 | O69: 658 | Q69: 658
A70: EJ010423.TXT | B70: 001070 | C70: 000677 | D70: 45010 | E70: 14:47 | F70: 797.5 | J70: 159.5 | O70: 957 | Q70: 957
A71: EJ010423.TXT | B71: 001071 | C71: 000678 | D71: 45010 | E71: 15:18 | F71: 797.5 | J71: 159.5 | O71: 957 | Q71: 957
A72: EJ010423.TXT | B72: 001072 | C72: 000679 | D72: 45010 | E72: 15:26 | F72: 800 | J72: 160 | O72: 960 | Q72: 960
A73: EJ010423.TXT | B73: 001074 | C73: 000680 | D73: 45010 | E73: 15:31 | F73: 2400 | J73: 480 | O73: 2880 | P73: 2880
A74: EJ010423.TXT | B74: 001075 | C74: 000681 | D74: 45010 | E74: 15:41 | F74: 548.33 | J74: 109.67 | O74: 658 | P74: 658
A75: EJ010423.TXT | B75: 001076 | C75: 000682 | D75: 45010 | E75: 16:05 | F75: 797.5 | J75: 159.5 | O75: 957 | Q75: 957
A76: EJ010423.TXT | B76: 001077 | C76: 000683 | D76: 45010 | E76: 16:06 | F76: 797.5 | J76: 159.5 | O76: 957 | Q76: 957
A77: EJ010423.TXT | B77: 001078 | C77: 000684 | D77: 45010 | E77: 16:09 | F77: 274.17 | J77: 54.83 | O77: 329 | P77: 329
A78: EJ010423.TXT | B78: 001079 | C78: 000685 | D78: 45010 | E78: 16:19 | F78: 531.67 | J78: 106.33 | O78: 638 | P78: 638
A79: EJ010423.TXT | B79: 001080 | C79: 000686 | D79: 45011 | E79: 17:15 | F79: 797.5 | J79: 159.5 | O79: 957 | Q79: 957
A80: EJ010423.TXT | B80: 001081 | C80: 000687 | D80: 45011 | E80: 17:18 | F80: 797.5 | J80: 159.5 | O80: 957 | Q80: 957
A81: EJ010423.TXT | B81: 001082 | C81: 000688 | D81: 45013 | E81: 09:40 | F81: 548.33 | J81: 109.67 | O81: 658 | P81: 658
A82: EJ010423.TXT | B82: 001083 | C82: 000689 | D82: 45014 | E82: 11:47 | F82: 548.33 | J82: 109.67 | O82: 658 | P82: 658
A83: EJ010423.TXT | B83: 001084 | C83: 000690 | D83: 45016 | E83: 08:58 | F83: 1645 | J83: 329 | O83: 1974 | P83: 1974
A84: EJ020523.TXT | B84: 001092 | C84: 000691 | D84: 45020 | E84: 12:37 | F84: 398.33 | J84: 79.67 | O84: 478 | P84: 478
A85: EJ020523.TXT | B85: 001098 | C85: 000692 | D85: 45023 | E85: 12:24 | F85: 548.33 | J85: 109.67 | O85: 658 | P85: 658
A86: EJ020523.TXT | B86: 001099 | C86: 000693 | D86: 45028 | E86: 12:43 | F86: 274.17 | J86: 54.83 | O86: 329 | P86: 329
A87: EJ020523.TXT | B87: 001100 | C87: 000694 | D87: 45030 | E87: 12:11 | F87: 73.33 | J87: 14.67 | O87: 88 | Q87: 88
A88: EJ020523.TXT | B88: 001107 | C88: 000695 | D88: 45038 | E88: 15:55 | F88: 548.33 | J88: 109.67 | O88: 658 | P88: 658
A89: EJ020523.TXT | B89: 001109 | C89: 000696 | D89: 45041 | E89: 15:17 | F89: 73.33 | J89: 14.67 | O89: 88 | Q89: 88
A90: EJ020523.TXT | B90: 001110 | C90: 000697 | D90: 45041 | E90: 15:48 | F90: 822.5 | J90: 164.5 | O90: 987 | Q90: 987
A91: EJ020523.TXT | B91: 001111 | C91: 000698 | D91: 45041 | E91: 15:57 | F91: 822.5 | J91: 164.5 | O91: 987 | Q91: 987
A92: EJ020523.TXT | B92: 001112 | C92: 000699 | D92: 45041 | E92: 17:02 | F92: 5298.33 | J92: 1059.67 | O92: 6358 | P92: 6358
A93: EJ020523.TXT | B93: 001114 | C93: 000700 | D93: 45042 | E93: 09:36 | F93: 548.33 | J93: 109.67 | O93: 658 | Q93: 658
A94: EJ020523.TXT | B94: 001115 | C94: 000701 | D94: 45042 | E94: 09:50 | F94: 146.67 | J94: 29.33 | O94: 176 | Q94: 176
A95: EJ020523.TXT | B95: 001119 | C95: 000702 | D95: 45043 | E95: 12:23 | F95: 49.17 | J95: 9.83 | O95: 59 | P95: 59
A96: EJ020523.TXT | B96: 001120 | C96: 000703 | D96: 45043 | E96: 16:00 | F96: 615 | J96: 123 | O96: 738 | P96: 738
A97: EJ020523.TXT | B97: 001122 | C97: 000704 | D97: 45045 | E97: 16:12 | F97: 597.5 | J97: 119.5 | O97: 717 | P97: 717
A98: EJ020523.TXT | B98: 001123 | C98: 000705 | D98: 45045 | E98: 16:55 | F98: 381.67 | J98: 76.33 | O98: 458 | Q98: 458
A99: EJ010623.TXT | B99: 001130 | C99: 000706 | D99: 45048 | E99: 12:22 | F99: 548.33 | J99: 109.67 | O99: 658 | P99: 658
A100: EJ010623.TXT | B100: 001131 | C100: 000707 | D100: 45048 | E100: 13:04 | F100: 581.67 | J100: 116.33 | O100: 698 | P100: 698
...

Sheet Entetes_TriNumInterne
A1: nomfichier | B1: E_NUM_INTERNE | C1: E_NUM_TICKET | D1: E_DATE_TICKET | E1: E_HEURE_TICKET | F1: E_HT1 | G1: E_HT2 | H1: E_HT3 | I1: E_HT4 | J1: E_TVA1 | K1: E_TVA2 | L1: E_TVA3 | M1: E_TVA4 | N1: E_HT_NON_TAXABLE | O1: E_TTC | P1: E_MDP_CB | Q1: E_MDP_ESPECES | R1: E_MDP_CHEQUES
A2: EJ010223.TXT | B2: 000977 | C2: 000609 | D2: 44930 | E2: 12:01 | F2: 747.5 | J2: 149.5 | O2: 897 | Q2: 897
A3: EJ010223.TXT | B3: 000978 | C3: 000610 | D3: 44932 | E3: 11:30 | F3: 498.33 | J3: 99.67 | O3: 598 | P3: 598
A4: EJ010223.TXT | B4: 000979 | C4: 000611 | D4: 44932 | E4: 13:38 | F4: 483.33 | J4: 96.67 | O4: 580 | P4: 580
A5: EJ010223.TXT | B5: 000980 | C5: 000612 | D5: 44932 | E5: 13:38 | F5: 1450 | J5: 290 | O5: 1740 | P5: 1740
A6: EJ010223.TXT | B6: 000981 | C6: 000613 | D6: 44932 | E6: 13:58 | F6: 1450 | J6: 290 | O6: 1740 | P6: 1740
A7: EJ010223.TXT | B7: 000982 | C7: 000614 | D7: 44932 | E7: 13:59 | F7: 2900 | J7: 580 | O7: 3480 | P7: 3480
A8: EJ010223.TXT | B8: 000983 | C8: 000615 | D8: 44937 | E8: 12:38 | F8: 73.33 | J8: 14.67 | O8: 88 | P8: 88
A9: EJ010223.TXT | B9: 000984 | C9: 000616 | D9: 44937 | E9: 14:46 | F9: 311.5 | J9: 62.3 | O9: 373.8 | P9: 373.8
A10: EJ010223.TXT | B10: 000985 | C10: 000617 | D10: 44939 | E10: 10:27 | F10: 249.17 | J10: 49.83 | O10: 299 | P10: 299
A11: EJ010223.TXT | B11: 000986 | C11: 000618 | D11: 44939 | E11: 10:48 | F11: 146.67 | J11: 29.33 | O11: 176 | P11: 176
A12: EJ010223.TXT | B12: 000987 | C12: 000619 | D12: 44939 | E12: 13:05 | F12: 498.33 | J12: 99.67 | O12: 598 | P12: 598
A13: EJ010223.TXT | B13: 000988 | C13: 000620 | D13: 44940 | E13: 16:39 | F13: 498.33 | J13: 99.67 | O13: 598 | P13: 598
A14: EJ010223.TXT | B14: 000989 | C14: 000621 | D14: 44940 | E14: 16:53 | F14: 288.33 | J14: 57.67 | O14: 346 | P14: 346
A15: EJ010223.TXT | B15: 000990 | C15: 000622 | D15: 44942 | E15: 17:36 | F15: 658.33 | J15: 131.67 | O15: 790 | Q15: 790
A16: EJ010223.TXT | B16: 000991 | C16: 000623 | D16: 44942 | E16: 17:44 | F16: 241.67 | J16: 48.33 | O16: 290 | Q16: 290
A17: EJ010223.TXT | B17: 000992 | C17: 000624 | D17: 44942 | E17: 17:44 | F17: 241.67 | J17: 48.33 | O17: 290 | Q17: 290
A18: EJ010223.TXT | B18: 000993 | C18: 000625 | D18: 44942 | E18: 17:44 | F18: 241.67 | J18: 48.33 | O18: 290 | Q18: 290
A19: EJ010223.TXT | B19: 000994 | C19: 000626 | D19: 44943 | E19: 10:05 | F19: 747.5 | J19: 149.5 | O19: 897 | P19: 897
A20: EJ010223.TXT | B20: 000995 | C20: 000627 | D20: 44943 | E20: 11:17 | F20: 115.83 | J20: 23.17 | O20: 139 | P20: 139
A21: EJ010223.TXT | B21: 000996 | C21: 000628 | D21: 44943 | E21: 11:23 | F21: 2900 | J21: 580 | O21: 3480 | P21: 3480
A22: EJ010223.TXT | B22: 000997 | C22: 000629 | D22: 44943 | E22: 12:30 | F22: 144.17 | J22: 28.83 | O22: 173 | P22: 173
A23: EJ010223.TXT | B23: 000998 | C23: 000630 | D23: 44943 | E23: 13:47 | F23: 498.33 | J23: 99.67 | O23: 598 | Q23: 598
A24: EJ010223.TXT | B24: 000999 | C24: 000631 | D24: 44944 | E24: 12:59 | F24: 149 | J24: 29.8 | O24: 178.8 | P24: 178.8
A25: EJ010223.TXT | B25: 001000 | C25: 000632 | D25: 44944 | E25: 17:24 | F25: 73.33 | J25: 14.67 | O25: 88 | P25: 88
A26: EJ010223.TXT | B26: 001001 | C26: 000633 | D26: 44945 | E26: 12:34 | F26: 498.33 | J26: 99.67 | O26: 598 | Q26: 598
A27: EJ010223.TXT | B27: 001002 | C27: 000634 | D27: 44947 | E27: 14:43 | F27: 498.33 | J27: 99.67 | O27: 598 | P27: 598
A28: EJ010223.TXT | B28: 001003 | C28: 000635 | D28: 44951 | E28: 09:58 | F28: 249.17 | J28: 49.83 | O28: 299 | Q28: 299
A29: EJ010223.TXT | B29: 001004 | C29: 000636 | D29: 44951 | E29: 16:08 | F29: 498.33 | J29: 99.67 | O29: 598 | P29: 598
A30: EJ010223.TXT | B30: 001005 | C30: 000637 | D30: 44951 | E30: 16:46 | F30: 498.33 | J30: 99.67 | O30: 598 | Q30: 598
A31: EJ010223.TXT | B31: 001006 | C31: 000638 | D31: 44952 | E31: 16:05 | F31: 498.33 | J31: 99.67 | O31: 598 | Q31: 598
A32: EJ010223.TXT | B32: 001007 | C32: 000639 | D32: 44953 | E32: 13:19 | F32: 498.33 | J32: 99.67 | O32: 598 | P32: 598
A33: EJ010223.TXT | B33: 001008 | C33: 000640 | D33: 44953 | E33: 17:19 | F33: 498.33 | J33: 99.67 | O33: 598 | P33: 598
A34: EJ010323.TXT | B34: 001015 | C34: 000641 | D34: 44958 | E34: 15:26 | F34: 24.83 | J34: 4.97 | O34: 29.8 | Q34: 29.8
A35: EJ010323.TXT | B35: 001017 | C35: 000642 | D35: 44959 | E35: 12:55 | F35: 274.17 | J35: 54.83 | O35: 329 | P35: 329
A36: EJ010323.TXT | B36: 001020 | C36: 000643 | D36: 44959 | E36: 14:04 | F36: 274.17 | J36: 54.83 | O36: 329 | Q36: 329
A37: EJ010323.TXT | B37: 001021 | C37: 000644 | D37: 44961 | E37: 15:31 | F37: 548.33 | J37: 109.67 | O37: 658 | Q37: 658
A38: EJ010323.TXT | B38: 001022 | C38: 000645 | D38: 44961 | E38: 15:34 | F38: 548.33 | J38: 109.67 | O38: 658 | P38: 658
A39: EJ010323.TXT | B39: 001023 | C39: 000646 | D39: 44961 | E39: 16:26 | F39: 822.5 | J39: 164.5 | O39: 987 | Q39: 987
A40: EJ010323.TXT | B40: 001024 | C40: 000647 | D40: 44961 | E40: 16:35 | F40: 548.33 | J40: 109.67 | O40: 658 | P40: 658
A41: EJ010323.TXT | B41: 001025 | C41: 000648 | D41: 44963 | E41: 13:29 | F41: 1495 | J41: 299 | O41: 1794 | P41: 1794
A42: EJ010323.TXT | B42: 001026 | C42: 000649 | D42: 44963 | E42: 17:56 | F42: 897.5 | J42: 179.5 | O42: 1077 | Q42: 1077
A43: EJ010323.TXT | B43: 001027 | C43: 000650 | D43: 44966 | E43: 15:16 | F43: 548.33 | J43: 109.67 | O43: 658 | P43: 58 | Q43: 600
A44: EJ010323.TXT | B44: 001029 | C44: 000651 | D44: 44967 | E44: 17:03 | F44: 1449.17 | J44: 289.83 | O44: 1739 | P44: 1739
A45: EJ010323.TXT | B45: 001030 | C45: 000652 | D45: 44970 | E45: 11:49 | F45: 646.67 | J45: 129.33 | O45: 776 | Q45: 776
A46: EJ010323.TXT | B46: 001031 | C46: 000653 | D46: 44972 | E46: 10:22 | F46: 1600 | J46: 320 | O46: 1920 | P46: 920 | Q46: 1000
A47: EJ010323.TXT | B47: 001033 | C47: 000654 | D47: 44972 | E47: 10:50 | F47: 274.17 | J47: 54.83 | O47: 329 | R47: 329
A48: EJ010323.TXT | B48: 001034 | C48: 000655 | D48: 44972 | E48: 13:58 | F48: 465 | J48: 93 | O48: 558 | P48: 558
A49: EJ010323.TXT | B49: 001035 | C49: 000656 | D49: 44972 | E49: 15:51 | F49: 548.33 | J49: 109.67 | O49: 658 | P49: 158 | Q49: 500
A50: EJ010323.TXT | B50: 001038 | C50: 000657 | D50: 44974 | E50: 13:43 | F50: 548.33 | J50: 109.67 | O50: 658 | Q50: 658
A51: EJ010323.TXT | B51: 001039 | C51: 000658 | D51: 44974 | E51: 13:43 | F51: 548.33 | J51: 109.67 | O51: 658 | Q51: 658
A52: EJ010323.TXT | B52: 001040 | C52: 000659 | D52: 44975 | E52: 17:47 | F52: 533.33 | J52: 106.67 | O52: 640 | Q52: 640
A53: EJ010323.TXT | B53: 001041 | C53: 000660 | D53: 44978 | E53: 11:02 | F53: 548.33 | J53: 109.67 | O53: 658 | P53: 658
A54: EJ010323.TXT | B54: 001042 | C54: 000661 | D54: 44978 | E54: 11:03 | F54: 548.33 | J54: 109.67 | O54: 658 | P54: 658
A55: EJ010323.TXT | B55: 001043 | C55: 000662 | D55: 44978 | E55: 11:09 | F55: 274.17 | J55: 54.83 | O55: 329 | P55: 329
A56: EJ010323.TXT | B56: 001044 | C56: 000663 | D56: 44978 | E56: 13:53 | F56: 2466.67 | J56: 493.33 | O56: 2960 | P56: 2960
A57: EJ010323.TXT | B57: 001045 | C57: 000664 | D57: 44982 | E57: 15:57 | F57: 274.17 | J57: 54.83 | O57: 329 | Q57: 329
A58: EJ010323.TXT | B58: 001046 | C58: 000665 | D58: 44982 | E58: 15:58 | F58: 274.17 | J58: 54.83 | O58: 329 | Q58: 329
A59: EJ010423.TXT | B59: 001055 | C59: 000666 | D59: 44988 | E59: 15:04 | F59: 329.17 | J59: 65.83 | O59: 395 | P59: 395
A60: EJ010423.TXT | B60: 001056 | C60: 000667 | D60: 44988 | E60: 16:02 | F60: 274.17 | J60: 54.83 | O60: 329 | P60: 329
A61: EJ010423.TXT | B61: 001057 | C61: 000668 | D61: 44991 | E61: 17:27 | F61: 274.17 | J61: 54.83 | O61: 329 | Q61: 329
A62: EJ010423.TXT | B62: 001058 | C62: 000669 | D62: 44993 | E62: 10:18 | F62: 548.33 | J62: 109.67 | O62: 658 | Q62: 658
A63: EJ010423.TXT | B63: 001059 | C63: 000670 | D63: 44996 | E63: 17:07 | F63: 199.17 | J63: 39.83 | O63: 239 | Q63: 239
A64: EJ010423.TXT | B64: 001060 | C64: 000671 | D64: 45001 | E64: 11:14 | F64: 548.33 | J64: 109.67 | O64: 658 | P64: 8 | Q64: 650
A65: EJ010423.TXT | B65: 001062 | C65: 000672 | D65: 45001 | E65: 11:24 | F65: 822.5 | J65: 164.5 | O65: 987 | P65: 987
A66: EJ010423.TXT | B66: 001063 | C66: 000673 | D66: 45002 | E66: 17:35 | F66: 3200 | J66: 640 | O66: 3840 | P66: 3840
A67: EJ010423.TXT | B67: 001064 | C67: 000674 | D67: 45003 | E67: 14:58 | F67: 548.33 | J67: 109.67 | O67: 658 | P67: 58 | Q67: 600
A68: EJ010423.TXT | B68: 001066 | C68: 000675 | D68: 45003 | E68: 16:53 | F68: 1770 | J68: 354 | O68: 2124 | P68: 2124
A69: EJ010423.TXT | B69: 001067 | C69: 000676 | D69: 45005 | E69: 13:47 | F69: 548.33 | J69: 109.67 | O69: 658 | Q69: 658
A70: EJ010423.TXT | B70: 001070 | C70: 000677 | D70: 45010 | E70: 14:47 | F70: 797.5 | J70: 159.5 | O70: 957 | Q70: 957
A71: EJ010423.TXT | B71: 001071 | C71: 000678 | D71: 45010 | E71: 15:18 | F71: 797.5 | J71: 159.5 | O71: 957 | Q71: 957
A72: EJ010423.TXT | B72: 001072 | C72: 000679 | D72: 45010 | E72: 15:26 | F72: 800 | J72: 160 | O72: 960 | Q72: 960
A73: EJ010423.TXT | B73: 001074 | C73: 000680 | D73: 45010 | E73: 15:31 | F73: 2400 | J73: 480 | O73: 2880 | P73: 2880
A74: EJ010423.TXT | B74: 001075 | C74: 000681 | D74: 45010 | E74: 15:41 | F74: 548.33 | J74: 109.67 | O74: 658 | P74: 658
A75: EJ010423.TXT | B75: 001076 | C75: 000682 | D75: 45010 | E75: 16:05 | F75: 797.5 | J75: 159.5 | O75: 957 | Q75: 957
A76: EJ010423.TXT | B76: 001077 | C76: 000683 | D76: 45010 | E76: 16:06 | F76: 797.5 | J76: 159.5 | O76: 957 | Q76: 957
A77: EJ010423.TXT | B77: 001078 | C77: 000684 | D77: 45010 | E77: 16:09 | F77: 274.17 | J77: 54.83 | O77: 329 | P77: 329
A78: EJ010423.TXT | B78: 001079 | C78: 000685 | D78: 45010 | E78: 16:19 | F78: 531.67 | J78: 106.33 | O78: 638 | P78: 638
A79: EJ010423.TXT | B79: 001080 | C79: 000686 | D79: 45011 | E79: 17:15 | F79: 797.5 | J79: 159.5 | O79: 957 | Q79: 957
A80: EJ010423.TXT | B80: 001081 | C80: 000687 | D80: 45011 | E80: 17:18 | F80: 797.5 | J80: 159.5 | O80: 957 | Q80: 957
A81: EJ010423.TXT | B81: 001082 | C81: 000688 | D81: 45013 | E81: 09:40 | F81: 548.33 | J81: 109.67 | O81: 658 | P81: 658
A82: EJ010423.TXT | B82: 001083 | C82: 000689 | D82: 45014 | E82: 11:47 | F82: 548.33 | J82: 109.67 | O82: 658 | P82: 658
A83: EJ010423.TXT | B83: 001084 | C83: 000690 | D83: 45016 | E83: 08:58 | F83: 1645 | J83: 329 | O83: 1974 | P83: 1974
A84: EJ020523.TXT | B84: 001092 | C84: 000691 | D84: 45020 | E84: 12:37 | F84: 398.33 | J84: 79.67 | O84: 478 | P84: 478
A85: EJ020523.TXT | B85: 001098 | C85: 000692 | D85: 45023 | E85: 12:24 | F85: 548.33 | J85: 109.67 | O85: 658 | P85: 658
A86: EJ020523.TXT | B86: 001099 | C86: 000693 | D86: 45028 | E86: 12:43 | F86: 274.17 | J86: 54.83 | O86: 329 | P86: 329
A87: EJ020523.TXT | B87: 001100 | C87: 000694 | D87: 45030 | E87: 12:11 | F87: 73.33 | J87: 14.67 | O87: 88 | Q87: 88
A88: EJ020523.TXT | B88: 001107 | C88: 000695 | D88: 45038 | E88: 15:55 | F88: 548.33 | J88: 109.67 | O88: 658 | P88: 658
A89: EJ020523.TXT | B89: 001109 | C89: 000696 | D89: 45041 | E89: 15:17 | F89: 73.33 | J89: 14.67 | O89: 88 | Q89: 88
A90: EJ020523.TXT | B90: 001110 | C90: 000697 | D90: 45041 | E90: 15:48 | F90: 822.5 | J90: 164.5 | O90: 987 | Q90: 987
A91: EJ020523.TXT | B91: 001111 | C91: 000698 | D91: 45041 | E91: 15:57 | F91: 822.5 | J91: 164.5 | O91: 987 | Q91: 987
A92: EJ020523.TXT | B92: 001112 | C92: 000699 | D92: 45041 | E92: 17:02 | F92: 5298.33 | J92: 1059.67 | O92: 6358 | P92: 6358
A93: EJ020523.TXT | B93: 001114 | C93: 000700 | D93: 45042 | E93: 09:36 | F93: 548.33 | J93: 109.67 | O93: 658 | Q93: 658
A94: EJ020523.TXT | B94: 001115 | C94: 000701 | D94: 45042 | E94: 09:50 | F94: 146.67 | J94: 29.33 | O94: 176 | Q94: 176
A95: EJ020523.TXT | B95: 001119 | C95: 000702 | D95: 45043 | E95: 12:23 | F95: 49.17 | J95: 9.83 | O95: 59 | P95: 59
A96: EJ020523.TXT | B96: 001120 | C96: 000703 | D96: 45043 | E96: 16:00 | F96: 615 | J96: 123 | O96: 738 | P96: 738
A97: EJ020523.TXT | B97: 001122 | C97: 000704 | D97: 45045 | E97: 16:12 | F97: 597.5 | J97: 119.5 | O97: 717 | P97: 717
A98: EJ020523.TXT | B98: 001123 | C98: 000705 | D98: 45045 | E98: 16:55 | F98: 381.67 | J98: 76.33 | O98: 458 | Q98: 458
A99: EJ010623.TXT | B99: 001130 | C99: 000706 | D99: 45048 | E99: 12:22 | F99: 548.33 | J99: 109.67 | O99: 658 | P99: 658
A100: EJ010623.TXT | B100: 001131 | C100: 000707 | D100: 45048 | E100: 13:04 | F100: 581.67 | J100: 116.33 | O100: 698 | P100: 698
...

Sheet Entetes_CtrlCoherence
A1: nomfichier | B1: E_NUM_INTERNE | C1: E_NUM_TICKET | D1: E_DATE_TICKET | E1: E_HEURE_TICKET | F1: E_HT1 | G1: E_HT2 | H1: E_HT3 | I1: E_HT4 | J1: E_TVA1 | K1: E_TVA2 | L1: E_TVA3 | M1: E_TVA4 | N1: E_HT_NON_TAXABLE | O1: E_TTC | P1: E_MDP_CB | Q1: E_MDP_ESPECES | R1: E_MDP_CHEQUES | S1: AJ_TVA1_CALCULE | T1: AJ_ECART_TVA1 | U1: AJ_TTC_CALCULE | V1: AJ_ECART_TTC | W1: AJ_SOLDE_DU | X1: AJ_SOLDE_TOUS_MDP
A2: EJ010223.TXT | B2: 000977 | C2: 000609 | D2: 44930 | E2: 12:01 | F2: 747.5 | J2: 149.5 | O2: 897 | Q2: 897 | S2: =F2*20% | T2: =J2-S2 | U2: =F2+J2 | V2: =O2-U2 | W2: =O2-(P2+R2) | X2: =O2-(P2+Q2+R2)
A3: EJ010223.TXT | B3: 000978 | C3: 000610 | D3: 44932 | E3: 11:30 | F3: 498.33 | J3: 99.67 | O3: 598 | P3: 598 | S3: =F3*20% | T3: =J3-S3 | U3: =F3+J3 | V3: =O3-U3 | W3: =O3-(P3+R3) | X3: =O3-(P3+Q3+R3)
A4: EJ010223.TXT | B4: 000979 | C4: 000611 | D4: 44932 | E4: 13:38 | F4: 483.33 | J4: 96.67 | O4: 580 | P4: 580 | S4: =F4*20% | T4: =J4-S4 | U4: =F4+J4 | V4: =O4-U4 | W4: =O4-(P4+R4) | X4: =O4-(P4+Q4+R4)
A5: EJ010223.TXT | B5: 000980 | C5: 000612 | D5: 44932 | E5: 13:38 | F5: 1450 | J5: 290 | O5: 1740 | P5: 1740 | S5: =F5*20% | T5: =J5-S5 | U5: =F5+J5 | V5: =O5-U5 | W5: =O5-(P5+R5) | X5: =O5-(P5+Q5+R5)
A6: EJ010223.TXT | B6: 000981 | C6: 000613 | D6: 44932 | E6: 13:58 | F6: 1450 | J6: 290 | O6: 1740 | P6: 1740 | S6: =F6*20% | T6: =J6-S6 | U6: =F6+J6 | V6: =O6-U6 | W6: =O6-(P6+R6) | X6: =O6-(P6+Q6+R6)
A7: EJ010223.TXT | B7: 000982 | C7: 000614 | D7: 44932 | E7: 13:59 | F7: 2900 | J7: 580 | O7: 3480 | P7: 3480 | S7: =F7*20% | T7: =J7-S7 | U7: =F7+J7 | V7: =O7-U7 | W7: =O7-(P7+R7) | X7: =O7-(P7+Q7+R7)
A8: EJ010223.TXT | B8: 000983 | C8: 000615 | D8: 44937 | E8: 12:38 | F8: 73.33 | J8: 14.67 | O8: 88 | P8: 88 | S8: =F8*20% | T8: =J8-S8 | U8: =F8+J8 | V8: =O8-U8 | W8: =O8-(P8+R8) | X8: =O8-(P8+Q8+R8)
A9: EJ010223.TXT | B9: 000984 | C9: 000616 | D9: 44937 | E9: 14:46 | F9: 311.5 | J9: 62.3 | O9: 373.8 | P9: 373.8 | S9: =F9*20% | T9: =J9-S9 | U9: =F9+J9 | V9: =O9-U9 | W9: =O9-(P9+R9) | X9: =O9-(P9+Q9+R9)
A10: EJ010223.TXT | B10: 000985 | C10: 000617 | D10: 44939 | E10: 10:27 | F10: 249.17 | J10: 49.83 | O10: 299 | P10: 299 | S10: =F10*20% | T10: =J10-S10 | U10: =F10+J10 | V10: =O10-U10 | W10: =O10-(P10+R10) | X10: =O10-(P10+Q10+R10)
A11: EJ010223.TXT | B11: 000986 | C11: 000618 | D11: 44939 | E11: 10:48 | F11: 146.67 | J11: 29.33 | O11: 176 | P11: 176 | S11: =F11*20% | T11: =J11-S11 | U11: =F11+J11 | V11: =O11-U11 | W11: =O11-(P11+R11) | X11: =O11-(P11+Q11+R11)
A12: EJ010223.TXT | B12: 000987 | C12: 000619 | D12: 44939 | E12: 13:05 | F12: 498.33 | J12: 99.67 | O12: 598 | P12: 598 | S12: =F12*20% | T12: =J12-S12 | U12: =F12+J12 | V12: =O12-U12 | W12: =O12-(P12+R12) | X12: =O12-(P12+Q12+R12)
A13: EJ010223.TXT | B13: 000988 | C13: 000620 | D13: 44940 | E13: 16:39 | F13: 498.33 | J13: 99.67 | O13: 598 | P13: 598 | S13: =F13*20% | T13: =J13-S13 | U13: =F13+J13 | V13: =O13-U13 | W13: =O13-(P13+R13) | X13: =O13-(P13+Q13+R13)
A14: EJ010223.TXT | B14: 000989 | C14: 000621 | D14: 44940 | E14: 16:53 | F14: 288.33 | J14: 57.67 | O14: 346 | P14: 346 | S14: =F14*20% | T14: =J14-S14 | U14: =F14+J14 | V14: =O14-U14 | W14: =O14-(P14+R14) | X14: =O14-(P14+Q14+R14)
A15: EJ010223.TXT | B15: 000990 | C15: 000622 | D15: 44942 | E15: 17:36 | F15: 658.33 | J15: 131.67 | O15: 790 | Q15: 790 | S15: =F15*20% | T15: =J15-S15 | U15: =F15+J15 | V15: =O15-U15 | W15: =O15-(P15+R15) | X15: =O15-(P15+Q15+R15)
A16: EJ010223.TXT | B16: 000991 | C16: 000623 | D16: 44942 | E16: 17:44 | F16: 241.67 | J16: 48.33 | O16: 290 | Q16: 290 | S16: =F16*20% | T16: =J16-S16 | U16: =F16+J16 | V16: =O16-U16 | W16: =O16-(P16+R16) | X16: =O16-(P16+Q16+R16)
A17: EJ010223.TXT | B17: 000992 | C17: 000624 | D17: 44942 | E17: 17:44 | F17: 241.67 | J17: 48.33 | O17: 290 | Q17: 290 | S17: =F17*20% | T17: =J17-S17 | U17: =F17+J17 | V17: =O17-U17 | W17: =O17-(P17+R17) | X17: =O17-(P17+Q17+R17)
A18: EJ010223.TXT | B18: 000993 | C18: 000625 | D18: 44942 | E18: 17:44 | F18: 241.67 | J18: 48.33 | O18: 290 | Q18: 290 | S18: =F18*20% | T18: =J18-S18 | U18: =F18+J18 | V18: =O18-U18 | W18: =O18-(P18+R18) | X18: =O18-(P18+Q18+R18)
A19: EJ010223.TXT | B19: 000994 | C19: 000626 | D19: 44943 | E19: 10:05 | F19: 747.5 | J19: 149.5 | O19: 897 | P19: 897 | S19: =F19*20% | T19: =J19-S19 | U19: =F19+J19 | V19: =O19-U19 | W19: =O19-(P19+R19) | X19: =O19-(P19+Q19+R19)
A20: EJ010223.TXT | B20: 000995 | C20: 000627 | D20: 44943 | E20: 11:17 | F20: 115.83 | J20: 23.17 | O20: 139 | P20: 139 | S20: =F20*20% | T20: =J20-S20 | U20: =F20+J20 | V20: =O20-U20 | W20: =O20-(P20+R20) | X20: =O20-(P20+Q20+R20)
A21: EJ010223.TXT | B21: 000996 | C21: 000628 | D21: 44943 | E21: 11:23 | F21: 2900 | J21: 580 | O21: 3480 | P21: 3480 | S21: =F21*20% | T21: =J21-S21 | U21: =F21+J21 | V21: =O21-U21 | W21: =O21-(P21+R21) | X21: =O21-(P21+Q21+R21)
A22: EJ010223.TXT | B22: 000997 | C22: 000629 | D22: 44943 | E22: 12:30 | F22: 144.17 | J22: 28.83 | O22: 173 | P22: 173 | S22: =F22*20% | T22: =J22-S22 | U22: =F22+J22 | V22: =O22-U22 | W22: =O22-(P22+R22) | X22: =O22-(P22+Q22+R22)
A23: EJ010223.TXT | B23: 000998 | C23: 000630 | D23: 44943 | E23: 13:47 | F23: 498.33 | J23: 99.67 | O23: 598 | Q23: 598 | S23: =F23*20% | T23: =J23-S23 | U23: =F23+J23 | V23: =O23-U23 | W23: =O23-(P23+R23) | X23: =O23-(P23+Q23+R23)
A24: EJ010223.TXT | B24: 000999 | C24: 000631 | D24: 44944 | E24: 12:59 | F24: 149 | J24: 29.8 | O24: 178.8 | P24: 178.8 | S24: =F24*20% | T24: =J24-S24 | U24: =F24+J24 | V24: =O24-U24 | W24: =O24-(P24+R24) | X24: =O24-(P24+Q24+R24)
A25: EJ010223.TXT | B25: 001000 | C25: 000632 | D25: 44944 | E25: 17:24 | F25: 73.33 | J25: 14.67 | O25: 88 | P25: 88 | S25: =F25*20% | T25: =J25-S25 | U25: =F25+J25 | V25: =O25-U25 | W25: =O25-(P25+R25) | X25: =O25-(P25+Q25+R25)
A26: EJ010223.TXT | B26: 001001 | C26: 000633 | D26: 44945 | E26: 12:34 | F26: 498.33 | J26: 99.67 | O26: 598 | Q26: 598 | S26: =F26*20% | T26: =J26-S26 | U26: =F26+J26 | V26: =O26-U26 | W26: =O26-(P26+R26) | X26: =O26-(P26+Q26+R26)
A27: EJ010223.TXT | B27: 001002 | C27: 000634 | D27: 44947 | E27: 14:43 | F27: 498.33 | J27: 99.67 | O27: 598 | P27: 598 | S27: =F27*20% | T27: =J27-S27 | U27: =F27+J27 | V27: =O27-U27 | W27: =O27-(P27+R27) | X27: =O27-(P27+Q27+R27)
A28: EJ010223.TXT | B28: 001003 | C28: 000635 | D28: 44951 | E28: 09:58 | F28: 249.17 | J28: 49.83 | O28: 299 | Q28: 299 | S28: =F28*20% | T28: =J28-S28 | U28: =F28+J28 | V28: =O28-U28 | W28: =O28-(P28+R28) | X28: =O28-(P28+Q28+R28)
A29: EJ010223.TXT | B29: 001004 | C29: 000636 | D29: 44951 | E29: 16:08 | F29: 498.33 | J29: 99.67 | O29: 598 | P29: 598 | S29: =F29*20% | T29: =J29-S29 | U29: =F29+J29 | V29: =O29-U29 | W29: =O29-(P29+R29) | X29: =O29-(P29+Q29+R29)
A30: EJ010223.TXT | B30: 001005 | C30: 000637 | D30: 44951 | E30: 16:46 | F30: 498.33 | J30: 99.67 | O30: 598 | Q30: 598 | S30: =F30*20% | T30: =J30-S30 | U30: =F30+J30 | V30: =O30-U30 | W30: =O30-(P30+R30) | X30: =O30-(P30+Q30+R30)
A31: EJ010223.TXT | B31: 001006 | C31: 000638 | D31: 44952 | E31: 16:05 | F31: 498.33 | J31: 99.67 | O31: 598 | Q31: 598 | S31: =F31*20% | T31: =J31-S31 | U31: =F31+J31 | V31: =O31-U31 | W31: =O31-(P31+R31) | X31: =O31-(P31+Q31+R31)
A32: EJ010223.TXT | B32: 001007 | C32: 000639 | D32: 44953 | E32: 13:19 | F32: 498.33 | J32: 99.67 | O32: 598 | P32: 598 | S32: =F32*20% | T32: =J32-S32 | U32: =F32+J32 | V32: =O32-U32 | W32: =O32-(P32+R32) | X32: =O32-(P32+Q32+R32)
A33: EJ010223.TXT | B33: 001008 | C33: 000640 | D33: 44953 | E33: 17:19 | F33: 498.33 | J33: 99.67 | O33: 598 | P33: 598 | S33: =F33*20% | T33: =J33-S33 | U33: =F33+J33 | V33: =O33-U33 | W33: =O33-(P33+R33) | X33: =O33-(P33+Q33+R33)
A34: EJ010323.TXT | B34: 001015 | C34: 000641 | D34: 44958 | E34: 15:26 | F34: 24.83 | J34: 4.97 | O34: 29.8 | Q34: 29.8 | S34: =F34*20% | T34: =J34-S34 | U34: =F34+J34 | V34: =O34-U34 | W34: =O34-(P34+R34) | X34: =O34-(P34+Q34+R34)
A35: EJ010323.TXT | B35: 001017 | C35: 000642 | D35: 44959 | E35: 12:55 | F35: 274.17 | J35: 54.83 | O35: 329 | P35: 329 | S35: =F35*20% | T35: =J35-S35 | U35: =F35+J35 | V35: =O35-U35 | W35: =O35-(P35+R35) | X35: =O35-(P35+Q35+R35)
A36: EJ010323.TXT | B36: 001020 | C36: 000643 | D36: 44959 | E36: 14:04 | F36: 274.17 | J36: 54.83 | O36: 329 | Q36: 329 | S36: =F36*20% | T36: =J36-S36 | U36: =F36+J36 | V36: =O36-U36 | W36: =O36-(P36+R36) | X36: =O36-(P36+Q36+R36)
A37: EJ010323.TXT | B37: 001021 | C37: 000644 | D37: 44961 | E37: 15:31 | F37: 548.33 | J37: 109.67 | O37: 658 | Q37: 658 | S37: =F37*20% | T37: =J37-S37 | U37: =F37+J37 | V37: =O37-U37 | W37: =O37-(P37+R37) | X37: =O37-(P37+Q37+R37)
A38: EJ010323.TXT | B38: 001022 | C38: 000645 | D38: 44961 | E38: 15:34 | F38: 548.33 | J38: 109.67 | O38: 658 | P38: 658 | S38: =F38*20% | T38: =J38-S38 | U38: =F38+J38 | V38: =O38-U38 | W38: =O38-(P38+R38) | X38: =O38-(P38+Q38+R38)
A39: EJ010323.TXT | B39: 001023 | C39: 000646 | D39: 44961 | E39: 16:26 | F39: 822.5 | J39: 164.5 | O39: 987 | Q39: 987 | S39: =F39*20% | T39: =J39-S39 | U39: =F39+J39 | V39: =O39-U39 | W39: =O39-(P39+R39) | X39: =O39-(P39+Q39+R39)
A40: EJ010323.TXT | B40: 001024 | C40: 000647 | D40: 44961 | E40: 16:35 | F40: 548.33 | J40: 109.67 | O40: 658 | P40: 658 | S40: =F40*20% | T40: =J40-S40 | U40: =F40+J40 | V40: =O40-U40 | W40: =O40-(P40+R40) | X40: =O40-(P40+Q40+R40)
A41: EJ010323.TXT | B41: 001025 | C41: 000648 | D41: 44963 | E41: 13:29 | F41: 1495 | J41: 299 | O41: 1794 | P41: 1794 | S41: =F41*20% | T41: =J41-S41 | U41: =F41+J41 | V41: =O41-U41 | W41: =O41-(P41+R41) | X41: =O41-(P41+Q41+R41)
A42: EJ010323.TXT | B42: 001026 | C42: 000649 | D42: 44963 | E42: 17:56 | F42: 897.5 | J42: 179.5 | O42: 1077 | Q42: 1077 | S42: =F42*20% | T42: =J42-S42 | U42: =F42+J42 | V42: =O42-U42 | W42: =O42-(P42+R42) | X42: =O42-(P42+Q42+R42)
A43: EJ010323.TXT | B43: 001027 | C43: 000650 | D43: 44966 | E43: 15:16 | F43: 548.33 | J43: 109.67 | O43: 658 | P43: 58 | Q43: 600 | S43: =F43*20% | T43: =J43-S43 | U43: =F43+J43 | V43: =O43-U43 | W43: =O43-(P43+R43) | X43: =O43-(P43+Q43+R43)
A44: EJ010323.TXT | B44: 001029 | C44: 000651 | D44: 44967 | E44: 17:03 | F44: 1449.17 | J44: 289.83 | O44: 1739 | P44: 1739 | S44: =F44*20% | T44: =J44-S44 | U44: =F44+J44 | V44: =O44-U44 | W44: =O44-(P44+R44) | X44: =O44-(P44+Q44+R44)
A45: EJ010323.TXT | B45: 001030 | C45: 000652 | D45: 44970 | E45: 11:49 | F45: 646.67 | J45: 129.33 | O45: 776 | Q45: 776 | S45: =F45*20% | T45: =J45-S45 | U45: =F45+J45 | V45: =O45-U45 | W45: =O45-(P45+R45) | X45: =O45-(P45+Q45+R45)
A46: EJ010323.TXT | B46: 001031 | C46: 000653 | D46: 44972 | E46: 10:22 | F46: 1600 | J46: 320 | O46: 1920 | P46: 920 | Q46: 1000 | S46: =F46*20% | T46: =J46-S46 | U46: =F46+J46 | V46: =O46-U46 | W46: =O46-(P46+R46) | X46: =O46-(P46+Q46+R46)
A47: EJ010323.TXT | B47: 001033 | C47: 000654 | D47: 44972 | E47: 10:50 | F47: 274.17 | J47: 54.83 | O47: 329 | R47: 329 | S47: =F47*20% | T47: =J47-S47 | U47: =F47+J47 | V47: =O47-U47 | W47: =O47-(P47+R47) | X47: =O47-(P47+Q47+R47)
A48: EJ010323.TXT | B48: 001034 | C48: 000655 | D48: 44972 | E48: 13:58 | F48: 465 | J48: 93 | O48: 558 | P48: 558 | S48: =F48*20% | T48: =J48-S48 | U48: =F48+J48 | V48: =O48-U48 | W48: =O48-(P48+R48) | X48: =O48-(P48+Q48+R48)
A49: EJ010323.TXT | B49: 001035 | C49: 000656 | D49: 44972 | E49: 15:51 | F49: 548.33 | J49: 109.67 | O49: 658 | P49: 158 | Q49: 500 | S49: =F49*20% | T49: =J49-S49 | U49: =F49+J49 | V49: =O49-U49 | W49: =O49-(P49+R49) | X49: =O49-(P49+Q49+R49)
A50: EJ010323.TXT | B50: 001038 | C50: 000657 | D50: 44974 | E50: 13:43 | F50: 548.33 | J50: 109.67 | O50: 658 | Q50: 658 | S50: =F50*20% | T50: =J50-S50 | U50: =F50+J50 | V50: =O50-U50 | W50: =O50-(P50+R50) | X50: =O50-(P50+Q50+R50)
A51: EJ010323.TXT | B51: 001039 | C51: 000658 | D51: 44974 | E51: 13:43 | F51: 548.33 | J51: 109.67 | O51: 658 | Q51: 658 | S51: =F51*20% | T51: =J51-S51 | U51: =F51+J51 | V51: =O51-U51 | W51: =O51-(P51+R51) | X51: =O51-(P51+Q51+R51)
A52: EJ010323.TXT | B52: 001040 | C52: 000659 | D52: 44975 | E52: 17:47 | F52: 533.33 | J52: 106.67 | O52: 640 | Q52: 640 | S52: =F52*20% | T52: =J52-S52 | U52: =F52+J52 | V52: =O52-U52 | W52: =O52-(P52+R52) | X52: =O52-(P52+Q52+R52)
A53: EJ010323.TXT | B53: 001041 | C53: 000660 | D53: 44978 | E53: 11:02 | F53: 548.33 | J53: 109.67 | O53: 658 | P53: 658 | S53: =F53*20% | T53: =J53-S53 | U53: =F53+J53 | V53: =O53-U53 | W53: =O53-(P53+R53) | X53: =O53-(P53+Q53+R53)
A54: EJ010323.TXT | B54: 001042 | C54: 000661 | D54: 44978 | E54: 11:03 | F54: 548.33 | J54: 109.67 | O54: 658 | P54: 658 | S54: =F54*20% | T54: =J54-S54 | U54: =F54+J54 | V54: =O54-U54 | W54: =O54-(P54+R54) | X54: =O54-(P54+Q54+R54)
A55: EJ010323.TXT | B55: 001043 | C55: 000662 | D55: 44978 | E55: 11:09 | F55: 274.17 | J55: 54.83 | O55: 329 | P55: 329 | S55: =F55*20% | T55: =J55-S55 | U55: =F55+J55 | V55: =O55-U55 | W55: =O55-(P55+R55) | X55: =O55-(P55+Q55+R55)
A56: EJ010323.TXT | B56: 001044 | C56: 000663 | D56: 44978 | E56: 13:53 | F56: 2466.67 | J56: 493.33 | O56: 2960 | P56: 2960 | S56: =F56*20% | T56: =J56-S56 | U56: =F56+J56 | V56: =O56-U56 | W56: =O56-(P56+R56) | X56: =O56-(P56+Q56+R56)
A57: EJ010323.TXT | B57: 001045 | C57: 000664 | D57: 44982 | E57: 15:57 | F57: 274.17 | J57: 54.83 | O57: 329 | Q57: 329 | S57: =F57*20% | T57: =J57-S57 | U57: =F57+J57 | V57: =O57-U57 | W57: =O57-(P57+R57) | X57: =O57-(P57+Q57+R57)
A58: EJ010323.TXT | B58: 001046 | C58: 000665 | D58: 44982 | E58: 15:58 | F58: 274.17 | J58: 54.83 | O58: 329 | Q58: 329 | S58: =F58*20% | T58: =J58-S58 | U58: =F58+J58 | V58: =O58-U58 | W58: =O58-(P58+R58) | X58: =O58-(P58+Q58+R58)
A59: EJ010423.TXT | B59: 001055 | C59: 000666 | D59: 44988 | E59: 15:04 | F59: 329.17 | J59: 65.83 | O59: 395 | P59: 395 | S59: =F59*20% | T59: =J59-S59 | U59: =F59+J59 | V59: =O59-U59 | W59: =O59-(P59+R59) | X59: =O59-(P59+Q59+R59)
A60: EJ010423.TXT | B60: 001056 | C60: 000667 | D60: 44988 | E60: 16:02 | F60: 274.17 | J60: 54.83 | O60: 329 | P60: 329 | S60: =F60*20% | T60: =J60-S60 | U60: =F60+J60 | V60: =O60-U60 | W60: =O60-(P60+R60) | X60: =O60-(P60+Q60+R60)
A61: EJ010423.TXT | B61: 001057 | C61: 000668 | D61: 44991 | E61: 17:27 | F61: 274.17 | J61: 54.83 | O61: 329 | Q61: 329 | S61: =F61*20% | T61: =J61-S61 | U61: =F61+J61 | V61: =O61-U61 | W61: =O61-(P61+R61) | X61: =O61-(P61+Q61+R61)
A62: EJ010423.TXT | B62: 001058 | C62: 000669 | D62: 44993 | E62: 10:18 | F62: 548.33 | J62: 109.67 | O62: 658 | Q62: 658 | S62: =F62*20% | T62: =J62-S62 | U62: =F62+J62 | V62: =O62-U62 | W62: =O62-(P62+R62) | X62: =O62-(P62+Q62+R62)
A63: EJ010423.TXT | B63: 001059 | C63: 000670 | D63: 44996 | E63: 17:07 | F63: 199.17 | J63: 39.83 | O63: 239 | Q63: 239 | S63: =F63*20% | T63: =J63-S63 | U63: =F63+J63 | V63: =O63-U63 | W63: =O63-(P63+R63) | X63: =O63-(P63+Q63+R63)
A64: EJ010423.TXT | B64: 001060 | C64: 000671 | D64: 45001 | E64: 11:14 | F64: 548.33 | J64: 109.67 | O64: 658 | P64: 8 | Q64: 650 | S64: =F64*20% | T64: =J64-S64 | U64: =F64+J64 | V64: =O64-U64 | W64: =O64-(P64+R64) | X64: =O64-(P64+Q64+R64)
A65: EJ010423.TXT | B65: 001062 | C65: 000672 | D65: 45001 | E65: 11:24 | F65: 822.5 | J65: 164.5 | O65: 987 | P65: 987 | S65: =F65*20% | T65: =J65-S65 | U65: =F65+J65 | V65: =O65-U65 | W65: =O65-(P65+R65) | X65: =O65-(P65+Q65+R65)
A66: EJ010423.TXT | B66: 001063 | C66: 000673 | D66: 45002 | E66: 17:35 | F66: 3200 | J66: 640 | O66: 3840 | P66: 3840 | S66: =F66*20% | T66: =J66-S66 | U66: =F66+J66 | V66: =O66-U66 | W66: =O66-(P66+R66) | X66: =O66-(P66+Q66+R66)
A67: EJ010423.TXT | B67: 001064 | C67: 000674 | D67: 45003 | E67: 14:58 | F67: 548.33 | J67: 109.67 | O67: 658 | P67: 58 | Q67: 600 | S67: =F67*20% | T67: =J67-S67 | U67: =F67+J67 | V67: =O67-U67 | W67: =O67-(P67+R67) | X67: =O67-(P67+Q67+R67)
A68: EJ010423.TXT | B68: 001066 | C68: 000675 | D68: 45003 | E68: 16:53 | F68: 1770 | J68: 354 | O68: 2124 | P68: 2124 | S68: =F68*20% | T68: =J68-S68 | U68: =F68+J68 | V68: =O68-U68 | W68: =O68-(P68+R68) | X68: =O68-(P68+Q68+R68)
A69: EJ010423.TXT | B69: 001067 | C69: 000676 | D69: 45005 | E69: 13:47 | F69: 548.33 | J69: 109.67 | O69: 658 | Q69: 658 | S69: =F69*20% | T69: =J69-S69 | U69: =F69+J69 | V69: =O69-U69 | W69: =O69-(P69+R69) | X69: =O69-(P69+Q69+R69)
A70: EJ010423.TXT | B70: 001070 | C70: 000677 | D70: 45010 | E70: 14:47 | F70: 797.5 | J70: 159.5 | O70: 957 | Q70: 957 | S70: =F70*20% | T70: =J70-S70 | U70: =F70+J70 | V70: =O70-U70 | W70: =O70-(P70+R70) | X70: =O70-(P70+Q70+R70)
A71: EJ010423.TXT | B71: 001071 | C71: 000678 | D71: 45010 | E71: 15:18 | F71: 797.5 | J71: 159.5 | O71: 957 | Q71: 957 | S71: =F71*20% | T71: =J71-S71 | U71: =F71+J71 | V71: =O71-U71 | W71: =O71-(P71+R71) | X71: =O71-(P71+Q71+R71)
A72: EJ010423.TXT | B72: 001072 | C72: 000679 | D72: 45010 | E72: 15:26 | F72: 800 | J72: 160 | O72: 960 | Q72: 960 | S72: =F72*20% | T72: =J72-S72 | U72: =F72+J72 | V72: =O72-U72 | W72: =O72-(P72+R72) | X72: =O72-(P72+Q72+R72)
A73: EJ010423.TXT | B73: 001074 | C73: 000680 | D73: 45010 | E73: 15:31 | F73: 2400 | J73: 480 | O73: 2880 | P73: 2880 | S73: =F73*20% | T73: =J73-S73 | U73: =F73+J73 | V73: =O73-U73 | W73: =O73-(P73+R73) | X73: =O73-(P73+Q73+R73)
A74: EJ010423.TXT | B74: 001075 | C74: 000681 | D74: 45010 | E74: 15:41 | F74: 548.33 | J74: 109.67 | O74: 658 | P74: 658 | S74: =F74*20% | T74: =J74-S74 | U74: =F74+J74 | V74: =O74-U74 | W74: =O74-(P74+R74) | X74: =O74-(P74+Q74+R74)
A75: EJ010423.TXT | B75: 001076 | C75: 000682 | D75: 45010 | E75: 16:05 | F75: 797.5 | J75: 159.5 | O75: 957 | Q75: 957 | S75: =F75*20% | T75: =J75-S75 | U75: =F75+J75 | V75: =O75-U75 | W75: =O75-(P75+R75) | X75: =O75-(P75+Q75+R75)
A76: EJ010423.TXT | B76: 001077 | C76: 000683 | D76: 45010 | E76: 16:06 | F76: 797.5 | J76: 159.5 | O76: 957 | Q76: 957 | S76: =F76*20% | T76: =J76-S76 | U76: =F76+J76 | V76: =O76-U76 | W76: =O76-(P76+R76) | X76: =O76-(P76+Q76+R76)
A77: EJ010423.TXT | B77: 001078 | C77: 000684 | D77: 45010 | E77: 16:09 | F77: 274.17 | J77: 54.83 | O77: 329 | P77: 329 | S77: =F77*20% | T77: =J77-S77 | U77: =F77+J77 | V77: =O77-U77 | W77: =O77-(P77+R77) | X77: =O77-(P77+Q77+R77)
A78: EJ010423.TXT | B78: 001079 | C78: 000685 | D78: 45010 | E78: 16:19 | F78: 531.67 | J78: 106.33 | O78: 638 | P78: 638 | S78: =F78*20% | T78: =J78-S78 | U78: =F78+J78 | V78: =O78-U78 | W78: =O78-(P78+R78) | X78: =O78-(P78+Q78+R78)
A79: EJ010423.TXT | B79: 001080 | C79: 000686 | D79: 45011 | E79: 17:15 | F79: 797.5 | J79: 159.5 | O79: 957 | Q79: 957 | S79: =F79*20% | T79: =J79-S79 | U79: =F79+J79 | V79: =O79-U79 | W79: =O79-(P79+R79) | X79: =O79-(P79+Q79+R79)
A80: EJ010423.TXT | B80: 001081 | C80: 000687 | D80: 45011 | E80: 17:18 | F80: 797.5 | J80: 159.5 | O80: 957 | Q80: 957 | S80: =F80*20% | T80: =J80-S80 | U80: =F80+J80 | V80: =O80-U80 | W80: =O80-(P80+R80) | X80: =O80-(P80+Q80+R80)
A81: EJ010423.TXT | B81: 001082 | C81: 000688 | D81: 45013 | E81: 09:40 | F81: 548.33 | J81: 109.67 | O81: 658 | P81: 658 | S81: =F81*20% | T81: =J81-S81 | U81: =F81+J81 | V81: =O81-U81 | W81: =O81-(P81+R81) | X81: =O81-(P81+Q81+R81)
A82: EJ010423.TXT | B82: 001083 | C82: 000689 | D82: 45014 | E82: 11:47 | F82: 548.33 | J82: 109.67 | O82: 658 | P82: 658 | S82: =F82*20% | T82: =J82-S82 | U82: =F82+J82 | V82: =O82-U82 | W82: =O82-(P82+R82) | X82: =O82-(P82+Q82+R82)
A83: EJ010423.TXT | B83: 001084 | C83: 000690 | D83: 45016 | E83: 08:58 | F83: 1645 | J83: 329 | O83: 1974 | P83: 1974 | S83: =F83*20% | T83: =J83-S83 | U83: =F83+J83 | V83: =O83-U83 | W83: =O83-(P83+R83) | X83: =O83-(P83+Q83+R83)
A84: EJ020523.TXT | B84: 001092 | C84: 000691 | D84: 45020 | E84: 12:37 | F84: 398.33 | J84: 79.67 | O84: 478 | P84: 478 | S84: =F84*20% | T84: =J84-S84 | U84: =F84+J84 | V84: =O84-U84 | W84: =O84-(P84+R84) | X84: =O84-(P84+Q84+R84)
A85: EJ020523.TXT | B85: 001098 | C85: 000692 | D85: 45023 | E85: 12:24 | F85: 548.33 | J85: 109.67 | O85: 658 | P85: 658 | S85: =F85*20% | T85: =J85-S85 | U85: =F85+J85 | V85: =O85-U85 | W85: =O85-(P85+R85) | X85: =O85-(P85+Q85+R85)
A86: EJ020523.TXT | B86: 001099 | C86: 000693 | D86: 45028 | E86: 12:43 | F86: 274.17 | J86: 54.83 | O86: 329 | P86: 329 | S86: =F86*20% | T86: =J86-S86 | U86: =F86+J86 | V86: =O86-U86 | W86: =O86-(P86+R86) | X86: =O86-(P86+Q86+R86)
A87: EJ020523.TXT | B87: 001100 | C87: 000694 | D87: 45030 | E87: 12:11 | F87: 73.33 | J87: 14.67 | O87: 88 | Q87: 88 | S87: =F87*20% | T87: =J87-S87 | U87: =F87+J87 | V87: =O87-U87 | W87: =O87-(P87+R87) | X87: =O87-(P87+Q87+R87)
A88: EJ020523.TXT | B88: 001107 | C88: 000695 | D88: 45038 | E88: 15:55 | F88: 548.33 | J88: 109.67 | O88: 658 | P88: 658 | S88: =F88*20% | T88: =J88-S88 | U88: =F88+J88 | V88: =O88-U88 | W88: =O88-(P88+R88) | X88: =O88-(P88+Q88+R88)
A89: EJ020523.TXT | B89: 001109 | C89: 000696 | D89: 45041 | E89: 15:17 | F89: 73.33 | J89: 14.67 | O89: 88 | Q89: 88 | S89: =F89*20% | T89: =J89-S89 | U89: =F89+J89 | V89: =O89-U89 | W89: =O89-(P89+R89) | X89: =O89-(P89+Q89+R89)
A90: EJ020523.TXT | B90: 001110 | C90: 000697 | D90: 45041 | E90: 15:48 | F90: 822.5 | J90: 164.5 | O90: 987 | Q90: 987 | S90: =F90*20% | T90: =J90-S90 | U90: =F90+J90 | V90: =O90-U90 | W90: =O90-(P90+R90) | X90: =O90-(P90+Q90+R90)
A91: EJ020523.TXT | B91: 001111 | C91: 000698 | D91: 45041 | E91: 15:57 | F91: 822.5 | J91: 164.5 | O91: 987 | Q91: 987 | S91: =F91*20% | T91: =J91-S91 | U91: =F91+J91 | V91: =O91-U91 | W91: =O91-(P91+R91) | X91: =O91-(P91+Q91+R91)
A92: EJ020523.TXT | B92: 001112 | C92: 000699 | D92: 45041 | E92: 17:02 | F92: 5298.33 | J92: 1059.67 | O92: 6358 | P92: 6358 | S92: =F92*20% | T92: =J92-S92 | U92: =F92+J92 | V92: =O92-U92 | W92: =O92-(P92+R92) | X92: =O92-(P92+Q92+R92)
A93: EJ020523.TXT | B93: 001114 | C93: 000700 | D93: 45042 | E93: 09:36 | F93: 548.33 | J93: 109.67 | O93: 658 | Q93: 658 | S93: =F93*20% | T93: =J93-S93 | U93: =F93+J93 | V93: =O93-U93 | W93: =O93-(P93+R93) | X93: =O93-(P93+Q93+R93)
A94: EJ020523.TXT | B94: 001115 | C94: 000701 | D94: 45042 | E94: 09:50 | F94: 146.67 | J94: 29.33 | O94: 176 | Q94: 176 | S94: =F94*20% | T94: =J94-S94 | U94: =F94+J94 | V94: =O94-U94 | W94: =O94-(P94+R94) | X94: =O94-(P94+Q94+R94)
A95: EJ020523.TXT | B95: 001119 | C95: 000702 | D95: 45043 | E95: 12:23 | F95: 49.17 | J95: 9.83 | O95: 59 | P95: 59 | S95: =F95*20% | T95: =J95-S95 | U95: =F95+J95 | V95: =O95-U95 | W95: =O95-(P95+R95) | X95: =O95-(P95+Q95+R95)
A96: EJ020523.TXT | B96: 001120 | C96: 000703 | D96: 45043 | E96: 16:00 | F96: 615 | J96: 123 | O96: 738 | P96: 738 | S96: =F96*20% | T96: =J96-S96 | U96: =F96+J96 | V96: =O96-U96 | W96: =O96-(P96+R96) | X96: =O96-(P96+Q96+R96)
A97: EJ020523.TXT | B97: 001122 | C97: 000704 | D97: 45045 | E97: 16:12 | F97: 597.5 | J97: 119.5 | O97: 717 | P97: 717 | S97: =F97*20% | T97: =J97-S97 | U97: =F97+J97 | V97: =O97-U97 | W97: =O97-(P97+R97) | X97: =O97-(P97+Q97+R97)
A98: EJ020523.TXT | B98: 001123 | C98: 000705 | D98: 45045 | E98: 16:55 | F98: 381.67 | J98: 76.33 | O98: 458 | Q98: 458 | S98: =F98*20% | T98: =J98-S98 | U98: =F98+J98 | V98: =O98-U98 | W98: =O98-(P98+R98) | X98: =O98-(P98+Q98+R98)
A99: EJ010623.TXT | B99: 001130 | C99: 000706 | D99: 45048 | E99: 12:22 | F99: 548.33 | J99: 109.67 | O99: 658 | P99: 658 | S99: =F99*20% | T99: =J99-S99 | U99: =F99+J99 | V99: =O99-U99 | W99: =O99-(P99+R99) | X99: =O99-(P99+Q99+R99)
A100: EJ010623.TXT | B100: 001131 | C100: 000707 | D100: 45048 | E100: 13:04 | F100: 581.67 | J100: 116.33 | O100: 698 | P100: 698 | S100: =F100*20% | T100: =J100-S100 | U100: =F100+J100 | V100: =O100-U100 | W100: =O100-(P100+R100) | X100: =O100-(P100+Q100+R100)
...

Sheet Entetes_sequentialite
A1: nomfichier | B1: E_NUM_INTERNE | C1: E_NUM_TICKET | D1: E_DATE_TICKET | E1: E_HEURE_TICKET | F1: AJ_TROU_NUM_TICKET | G1: AJ_TROU_NUM_INTERNE | H1: OBSERVATION
A2: EJ010223.TXT | B2: 000977 | C2: 000609 | D2: 44930 | E2: 12:01 | F2: ="" | G2: ="" | H2: ="Premier enregistrement"
A3: EJ010223.TXT | B3: 000978 | C3: 000610 | D3: 44932 | E3: 11:30 | F3: =C3-C2 | G3: =B3-B2 | H3: =IF(AND(F3=1,G3=1),"OK","À JUSTIFIER")
A4: EJ010223.TXT | B4: 000979 | C4: 000611 | D4: 44932 | E4: 13:38 | F4: =C4-C3 | G4: =B4-B3 | H4: =IF(AND(F4=1,G4=1),"OK","À JUSTIFIER")
A5: EJ010223.TXT | B5: 000980 | C5: 000612 | D5: 44932 | E5: 13:38 | F5: =C5-C4 | G5: =B5-B4 | H5: =IF(AND(F5=1,G5=1),"OK","À JUSTIFIER")
A6: EJ010223.TXT | B6: 000981 | C6: 000613 | D6: 44932 | E6: 13:58 | F6: =C6-C5 | G6: =B6-B5 | H6: =IF(AND(F6=1,G6=1),"OK","À JUSTIFIER")
A7: EJ010223.TXT | B7: 000982 | C7: 000614 | D7: 44932 | E7: 13:59 | F7: =C7-C6 | G7: =B7-B6 | H7: =IF(AND(F7=1,G7=1),"OK","À JUSTIFIER")
A8: EJ010223.TXT | B8: 000983 | C8: 000615 | D8: 44937 | E8: 12:38 | F8: =C8-C7 | G8: =B8-B7 | H8: =IF(AND(F8=1,G8=1),"OK","À JUSTIFIER")
A9: EJ010223.TXT | B9: 000984 | C9: 000616 | D9: 44937 | E9: 14:46 | F9: =C9-C8 | G9: =B9-B8 | H9: =IF(AND(F9=1,G9=1),"OK","À JUSTIFIER")
A10: EJ010223.TXT | B10: 000985 | C10: 000617 | D10: 44939 | E10: 10:27 | F10: =C10-C9 | G10: =B10-B9 | H10: =IF(AND(F10=1,G10=1),"OK","À JUSTIFIER")
A11: EJ010223.TXT | B11: 000986 | C11: 000618 | D11: 44939 | E11: 10:48 | F11: =C11-C10 | G11: =B11-B10 | H11: =IF(AND(F11=1,G11=1),"OK","À JUSTIFIER")
A12: EJ010223.TXT | B12: 000987 | C12: 000619 | D12: 44939 | E12: 13:05 | F12: =C12-C11 | G12: =B12-B11 | H12: =IF(AND(F12=1,G12=1),"OK","À JUSTIFIER")
A13: EJ010223.TXT | B13: 000988 | C13: 000620 | D13: 44940 | E13: 16:39 | F13: =C13-C12 | G13: =B13-B12 | H13: =IF(AND(F13=1,G13=1),"OK","À JUSTIFIER")
A14: EJ010223.TXT | B14: 000989 | C14: 000621 | D14: 44940 | E14: 16:53 | F14: =C14-C13 | G14: =B14-B13 | H14: =IF(AND(F14=1,G14=1),"OK","À JUSTIFIER")
... A723: EJ010925.TXT | B723: 002113 | C723: 001330 | D723: 45898 | E723: 15:06 | F723: =C723-C722 | G723: =B723-B722 | H723: =IF(AND(F723=1,G723=1),"OK","À JUSTIFIER")

Sheet TD_OccurenceNumInterne
A1: E_NUM_INTERNE | B1: COMPTER_E_NUM_INTERNE
A2: 000977 | B2: =COUNTIF('Entetes_TriNumInterne'!$B$2:$B$723,A2)
A3: 000978 | B3: =COUNTIF('Entetes_TriNumInterne'!$B$2:$B$723,A3)
A4: 000979 | B4: =COUNTIF('Entetes_TriNumInterne'!$B$2:$B$723,A4)
A5: 000980 | B5: =COUNTIF('Entetes_TriNumInterne'!$B$2:$B$723,A5)
A6: 000981 | B6: =COUNTIF('Entetes_TriNumInterne'!$B$2:$B$723,A6)
A7: 000982 | B7: =COUNTIF('Entetes_TriNumInterne'!$B$2:$B$723,A7)
A8: 000983 | B8: =COUNTIF('Entetes_TriNumInterne'!$B$2:$B$723,A8)
A9: 000984 | B9: =COUNTIF('Entetes_TriNumInterne'!$B$2:$B$723,A9)
A10: 000985 | B10: =COUNTIF('Entetes_TriNumInterne'!$B$2:$B$723,A10)
A11: 000986 | B11: =COUNTIF('Entetes_TriNumInterne'!$B$2:$B$723,A11)
A12: 000987 | B12: =COUNTIF('Entetes_TriNumInterne'!$B$2:$B$723,A12)
A13: 000988 | B13: =COUNTIF('Entetes_TriNumInterne'!$B$2:$B$723,A13)
... A723: 002113 | B723: =COUNTIF('Entetes_TriNumInterne'!$B$2:$B$723,A723)

Sheet DoublonNumInterne
A1: E_NUM_INTERNE | B1: COMPTER_E_NUM_INTERNE
A2: AUCUN | B2: 0

Sheet TD_OccurenceNumTicket
A1: E_NUM_TICKET | B1: COMPTER_E_NUM_TICKET
A2: 000609 | B2: =COUNTIF('Entetes_TriNumInterne'!$C$2:$C$723,A2)
A3: 000610 | B3: =COUNTIF('Entetes_TriNumInterne'!$C$2:$C$723,A3)
A4: 000611 | B4: =COUNTIF('Entetes_TriNumInterne'!$C$2:$C$723,A4)
A5: 000612 | B5: =COUNTIF('Entetes_TriNumInterne'!$C$2:$C$723,A5)
A6: 000613 | B6: =COUNTIF('Entetes_TriNumInterne'!$C$2:$C$723,A6)
A7: 000614 | B7: =COUNTIF('Entetes_TriNumInterne'!$C$2:$C$723,A7)
A8: 000615 | B8: =COUNTIF('Entetes_TriNumInterne'!$C$2:$C$723,A8)
A9: 000616 | B9: =COUNTIF('Entetes_TriNumInterne'!$C$2:$C$723,A9)
A10: 000617 | B10: =COUNTIF('Entetes_TriNumInterne'!$C$2:$C$723,A10)
A11: 000618 | B11: =COUNTIF('Entetes_TriNumInterne'!$C$2:$C$723,A11)
A12: 000619 | B12: =COUNTIF('Entetes_TriNumInterne'!$C$2:$C$723,A12)
A13: 000620 | B13: =COUNTIF('Entetes_TriNumInterne'!$C$2:$C$723,A13)
... A723: 001330 | B723: =COUNTIF('Entetes_TriNumInterne'!$C$2:$C$723,A723)

Sheet DoublonNumTicket
A1: E_NUM_TICKET | B1: COMPTER_E_NUM_TICKET
A2: AUCUN | B2: 0

Sheet Entetes_CplteAnneeMois
A1: nomfichier | B1: E_NUM_INTERNE | C1: E_NUM_TICKET | D1: E_DATE_TICKET | E1: E_HEURE_TICKET | F1: E_HT1 | G1: E_HT2 | H1: E_HT3 | I1: E_HT4 | J1: E_TVA1 | K1: E_TVA2 | L1: E_TVA3 | M1: E_TVA4 | N1: E_HT_NON_TAXABLE | O1: E_TTC | P1: E_MDP_CB | Q1: E_MDP_ESPECES | R1: E_MDP_CHEQUES | S1: AJ_TOTAL_HT | T1: AJ_TOTAL_TVA_20 | U1: AJ_ANNEE | V1: AJ_MOIS
A2: EJ010223.TXT | B2: 000977 | C2: 000609 | D2: 44930 | E2: 12:01 | F2: 747.5 | J2: 149.5 | O2: 897 | Q2: 897 | S2: =SUM(F2:I2)+N2 | T2: =J2 | U2: =YEAR(D2) | V2: =TEXT(D2,"yyyy-mm")
A3: EJ010223.TXT | B3: 000978 | C3: 000610 | D3: 44932 | E3: 11:30 | F3: 498.33 | J3: 99.67 | O3: 598 | P3: 598 | S3: =SUM(F3:I3)+N3 | T3: =J3 | U3: =YEAR(D3) | V3: =TEXT(D3,"yyyy-mm")
A4: EJ010223.TXT | B4: 000979 | C4: 000611 | D4: 44932 | E4: 13:38 | F4: 483.33 | J4: 96.67 | O4: 580 | P4: 580 | S4: =SUM(F4:I4)+N4 | T4: =J4 | U4: =YEAR(D4) | V4: =TEXT(D4,"yyyy-mm")
A5: EJ010223.TXT | B5: 000980 | C5: 000612 | D5: 44932 | E5: 13:38 | F5: 1450 | J5: 290 | O5: 1740 | P5: 1740 | S5: =SUM(F5:I5)+N5 | T5: =J5 | U5: =YEAR(D5) | V5: =TEXT(D5,"yyyy-mm")
A6: EJ010223.TXT | B6: 000981 | C6: 000613 | D6: 44932 | E6: 13:58 | F6: 1450 | J6: 290 | O6: 1740 | P6: 1740 | S6: =SUM(F6:I6)+N6 | T6: =J6 | U6: =YEAR(D6) | V6: =TEXT(D6,"yyyy-mm")
A7: EJ010223.TXT | B7: 000982 | C7: 000614 | D7: 44932 | E7: 13:59 | F7: 2900 | J7: 580 | O7: 3480 | P7: 3480 | S7: =SUM(F7:I7)+N7 | T7: =J7 | U7: =YEAR(D7) | V7: =TEXT(D7,"yyyy-mm")
A8: EJ010223.TXT | B8: 000983 | C8: 000615 | D8: 44937 | E8: 12:38 | F8: 73.33 | J8: 14.67 | O8: 88 | P8: 88 | S8: =SUM(F8:I8)+N8 | T8: =J8 | U8: =YEAR(D8) | V8: =TEXT(D8,"yyyy-mm")
A9: EJ010223.TXT | B9: 000984 | C9: 000616 | D9: 44937 | E9: 14:46 | F9: 311.5 | J9: 62.3 | O9: 373.8 | P9: 373.8 | S9: =SUM(F9:I9)+N9 | T9: =J9 | U9: =YEAR(D9) | V9: =TEXT(D9,"yyyy-mm")
A10: EJ010223.TXT | B10: 000985 | C10: 000617 | D10: 44939 | E10: 10:27 | F10: 249.17 | J10: 49.83 | O10: 299 | P10: 299 | S10: =SUM(F10:I10)+N10 | T10: =J10 | U10: =YEAR(D10) | V10: =TEXT(D10,"yyyy-mm")
A11: EJ010223.TXT | B11: 000986 | C11: 000618 | D11: 44939 | E11: 10:48 | F11: 146.67 | J11: 29.33 | O11: 176 | P11: 176 | S11: =SUM(F11:I11)+N11 | T11: =J11 | U11: =YEAR(D11) | V11: =TEXT(D11,"yyyy-mm")
A12: EJ010223.TXT | B12: 000987 | C12: 000619 | D12: 44939 | E12: 13:05 | F12: 498.33 | J12: 99.67 | O12: 598 | P12: 598 | S12: =SUM(F12:I12)+N12 | T12: =J12 | U12: =YEAR(D12) | V12: =TEXT(D12,"yyyy-mm")
A13: EJ010223.TXT | B13: 000988 | C13: 000620 | D13: 44940 | E13: 16:39 | F13: 498.33 | J13: 99.67 | O13: 598 | P13: 598 | S13: =SUM(F13:I13)+N13 | T13: =J13 | U13: =YEAR(D13) | V13: =TEXT(D13,"yyyy-mm")
A14: EJ010223.TXT | B14: 000989 | C14: 000621 | D14: 44940 | E14: 16:53 | F14: 288.33 | J14: 57.67 | O14: 346 | P14: 346 | S14: =SUM(F14:I14)+N14 | T14: =J14 | U14: =YEAR(D14) | V14: =TEXT(D14,"yyyy-mm")
A15: EJ010223.TXT | B15: 000990 | C15: 000622 | D15: 44942 | E15: 17:36 | F15: 658.33 | J15: 131.67 | O15: 790 | Q15: 790 | S15: =SUM(F15:I15)+N15 | T15: =J15 | U15: =YEAR(D15) | V15: =TEXT(D15,"yyyy-mm")
A16: EJ010223.TXT | B16: 000991 | C16: 000623 | D16: 44942 | E16: 17:44 | F16: 241.67 | J16: 48.33 | O16: 290 | Q16: 290 | S16: =SUM(F16:I16)+N16 | T16: =J16 | U16: =YEAR(D16) | V16: =TEXT(D16,"yyyy-mm")
A17: EJ010223.TXT | B17: 000992 | C17: 000624 | D17: 44942 | E17: 17:44 | F17: 241.67 | J17: 48.33 | O17: 290 | Q17: 290 | S17: =SUM(F17:I17)+N17 | T17: =J17 | U17: =YEAR(D17) | V17: =TEXT(D17,"yyyy-mm")
A18: EJ010223.TXT | B18: 000993 | C18: 000625 | D18: 44942 | E18: 17:44 | F18: 241.67 | J18: 48.33 | O18: 290 | Q18: 290 | S18: =SUM(F18:I18)+N18 | T18: =J18 | U18: =YEAR(D18) | V18: =TEXT(D18,"yyyy-mm")
A19: EJ010223.TXT | B19: 000994 | C19: 000626 | D19: 44943 | E19: 10:05 | F19: 747.5 | J19: 149.5 | O19: 897 | P19: 897 | S19: =SUM(F19:I19)+N19 | T19: =J19 | U19: =YEAR(D19) | V19: =TEXT(D19,"yyyy-mm")
A20: EJ010223.TXT | B20: 000995 | C20: 000627 | D20: 44943 | E20: 11:17 | F20: 115.83 | J20: 23.17 | O20: 139 | P20: 139 | S20: =SUM(F20:I20)+N20 | T20: =J20 | U20: =YEAR(D20) | V20: =TEXT(D20,"yyyy-mm")
A21: EJ010223.TXT | B21: 000996 | C21: 000628 | D21: 44943 | E21: 11:23 | F21: 2900 | J21: 580 | O21: 3480 | P21: 3480 | S21: =SUM(F21:I21)+N21 | T21: =J21 | U21: =YEAR(D21) | V21: =TEXT(D21,"yyyy-mm")
A22: EJ010223.TXT | B22: 000997 | C22: 000629 | D22: 44943 | E22: 12:30 | F22: 144.17 | J22: 28.83 | O22: 173 | P22: 173 | S22: =SUM(F22:I22)+N22 | T22: =J22 | U22: =YEAR(D22) | V22: =TEXT(D22,"yyyy-mm")
A23: EJ010223.TXT | B23: 000998 | C23: 000630 | D23: 44943 | E23: 13:47 | F23: 498.33 | J23: 99.67 | O23: 598 | Q23: 598 | S23: =SUM(F23:I23)+N23 | T23: =J23 | U23: =YEAR(D23) | V23: =TEXT(D23,"yyyy-mm")
A24: EJ010223.TXT | B24: 000999 | C24: 000631 | D24: 44944 | E24: 12:59 | F24: 149 | J24: 29.8 | O24: 178.8 | P24: 178.8 | S24: =SUM(F24:I24)+N24 | T24: =J24 | U24: =YEAR(D24) | V24: =TEXT(D24,"yyyy-mm")
A25: EJ010223.TXT | B25: 001000 | C25: 000632 | D25: 44944 | E25: 17:24 | F25: 73.33 | J25: 14.67 | O25: 88 | P25: 88 | S25: =SUM(F25:I25)+N25 | T25: =J25 | U25: =YEAR(D25) | V25: =TEXT(D25,"yyyy-mm")
A26: EJ010223.TXT | B26: 001001 | C26: 000633 | D26: 44945 | E26: 12:34 | F26: 498.33 | J26: 99.67 | O26: 598 | Q26: 598 | S26: =SUM(F26:I26)+N26 | T26: =J26 | U26: =YEAR(D26) | V26: =TEXT(D26,"yyyy-mm")
A27: EJ010223.TXT | B27: 001002 | C27: 000634 | D27: 44947 | E27: 14:43 | F27: 498.33 | J27: 99.67 | O27: 598 | P27: 598 | S27: =SUM(F27:I27)+N27 | T27: =J27 | U27: =YEAR(D27) | V27: =TEXT(D27,"yyyy-mm")
A28: EJ010223.TXT | B28: 001003 | C28: 000635 | D28: 44951 | E28: 09:58 | F28: 249.17 | J28: 49.83 | O28: 299 | Q28: 299 | S28: =SUM(F28:I28)+N28 | T28: =J28 | U28: =YEAR(D28) | V28: =TEXT(D28,"yyyy-mm")
A29: EJ010223.TXT | B29: 001004 | C29: 000636 | D29: 44951 | E29: 16:08 | F29: 498.33 | J29: 99.67 | O29: 598 | P29: 598 | S29: =SUM(F29:I29)+N29 | T29: =J29 | U29: =YEAR(D29) | V29: =TEXT(D29,"yyyy-mm")
A30: EJ010223.TXT | B30: 001005 | C30: 000637 | D30: 44951 | E30: 16:46 | F30: 498.33 | J30: 99.67 | O30: 598 | Q30: 598 | S30: =SUM(F30:I30)+N30 | T30: =J30 | U30: =YEAR(D30) | V30: =TEXT(D30,"yyyy-mm")
A31: EJ010223.TXT | B31: 001006 | C31: 000638 | D31: 44952 | E31: 16:05 | F31: 498.33 | J31: 99.67 | O31: 598 | Q31: 598 | S31: =SUM(F31:I31)+N31 | T31: =J31 | U31: =YEAR(D31) | V31: =TEXT(D31,"yyyy-mm")
A32: EJ010223.TXT | B32: 001007 | C32: 000639 | D32: 44953 | E32: 13:19 | F32: 498.33 | J32: 99.67 | O32: 598 | P32: 598 | S32: =SUM(F32:I32)+N32 | T32: =J32 | U32: =YEAR(D32) | V32: =TEXT(D32,"yyyy-mm")
A33: EJ010223.TXT | B33: 001008 | C33: 000640 | D33: 44953 | E33: 17:19 | F33: 498.33 | J33: 99.67 | O33: 598 | P33: 598 | S33: =SUM(F33:I33)+N33 | T33: =J33 | U33: =YEAR(D33) | V33: =TEXT(D33,"yyyy-mm")
A34: EJ010323.TXT | B34: 001015 | C34: 000641 | D34: 44958 | E34: 15:26 | F34: 24.83 | J34: 4.97 | O34: 29.8 | Q34: 29.8 | S34: =SUM(F34:I34)+N34 | T34: =J34 | U34: =YEAR(D34) | V34: =TEXT(D34,"yyyy-mm")
A35: EJ010323.TXT | B35: 001017 | C35: 000642 | D35: 44959 | E35: 12:55 | F35: 274.17 | J35: 54.83 | O35: 329 | P35: 329 | S35: =SUM(F35:I35)+N35 | T35: =J35 | U35: =YEAR(D35) | V35: =TEXT(D35,"yyyy-mm")
A36: EJ010323.TXT | B36: 001020 | C36: 000643 | D36: 44959 | E36: 14:04 | F36: 274.17 | J36: 54.83 | O36: 329 | Q36: 329 | S36: =SUM(F36:I36)+N36 | T36: =J36 | U36: =YEAR(D36) | V36: =TEXT(D36,"yyyy-mm")
A37: EJ010323.TXT | B37: 001021 | C37: 000644 | D37: 44961 | E37: 15:31 | F37: 548.33 | J37: 109.67 | O37: 658 | Q37: 658 | S37: =SUM(F37:I37)+N37 | T37: =J37 | U37: =YEAR(D37) | V37: =TEXT(D37,"yyyy-mm")
A38: EJ010323.TXT | B38: 001022 | C38: 000645 | D38: 44961 | E38: 15:34 | F38: 548.33 | J38: 109.67 | O38: 658 | P38: 658 | S38: =SUM(F38:I38)+N38 | T38: =J38 | U38: =YEAR(D38) | V38: =TEXT(D38,"yyyy-mm")
A39: EJ010323.TXT | B39: 001023 | C39: 000646 | D39: 44961 | E39: 16:26 | F39: 822.5 | J39: 164.5 | O39: 987 | Q39: 987 | S39: =SUM(F39:I39)+N39 | T39: =J39 | U39: =YEAR(D39) | V39: =TEXT(D39,"yyyy-mm")
A40: EJ010323.TXT | B40: 001024 | C40: 000647 | D40: 44961 | E40: 16:35 | F40: 548.33 | J40: 109.67 | O40: 658 | P40: 658 | S40: =SUM(F40:I40)+N40 | T40: =J40 | U40: =YEAR(D40) | V40: =TEXT(D40,"yyyy-mm")
A41: EJ010323.TXT | B41: 001025 | C41: 000648 | D41: 44963 | E41: 13:29 | F41: 1495 | J41: 299 | O41: 1794 | P41: 1794 | S41: =SUM(F41:I41)+N41 | T41: =J41 | U41: =YEAR(D41) | V41: =TEXT(D41,"yyyy-mm")
A42: EJ010323.TXT | B42: 001026 | C42: 000649 | D42: 44963 | E42: 17:56 | F42: 897.5 | J42: 179.5 | O42: 1077 | Q42: 1077 | S42: =SUM(F42:I42)+N42 | T42: =J42 | U42: =YEAR(D42) | V42: =TEXT(D42,"yyyy-mm")
A43: EJ010323.TXT | B43: 001027 | C43: 000650 | D43: 44966 | E43: 15:16 | F43: 548.33 | J43: 109.67 | O43: 658 | P43: 58 | Q43: 600 | S43: =SUM(F43:I43)+N43 | T43: =J43 | U43: =YEAR(D43) | V43: =TEXT(D43,"yyyy-mm")
A44: EJ010323.TXT | B44: 001029 | C44: 000651 | D44: 44967 | E44: 17:03 | F44: 1449.17 | J44: 289.83 | O44: 1739 | P44: 1739 | S44: =SUM(F44:I44)+N44 | T44: =J44 | U44: =YEAR(D44) | V44: =TEXT(D44,"yyyy-mm")
A45: EJ010323.TXT | B45: 001030 | C45: 000652 | D45: 44970 | E45: 11:49 | F45: 646.67 | J45: 129.33 | O45: 776 | Q45: 776 | S45: =SUM(F45:I45)+N45 | T45: =J45 | U45: =YEAR(D45) | V45: =TEXT(D45,"yyyy-mm")
A46: EJ010323.TXT | B46: 001031 | C46: 000653 | D46: 44972 | E46: 10:22 | F46: 1600 | J46: 320 | O46: 1920 | P46: 920 | Q46: 1000 | S46: =SUM(F46:I46)+N46 | T46: =J46 | U46: =YEAR(D46) | V46: =TEXT(D46,"yyyy-mm")
A47: EJ010323.TXT | B47: 001033 | C47: 000654 | D47: 44972 | E47: 10:50 | F47: 274.17 | J47: 54.83 | O47: 329 | R47: 329 | S47: =SUM(F47:I47)+N47 | T47: =J47 | U47: =YEAR(D47) | V47: =TEXT(D47,"yyyy-mm")
A48: EJ010323.TXT | B48: 001034 | C48: 000655 | D48: 44972 | E48: 13:58 | F48: 465 | J48: 93 | O48: 558 | P48: 558 | S48: =SUM(F48:I48)+N48 | T48: =J48 | U48: =YEAR(D48) | V48: =TEXT(D48,"yyyy-mm")
A49: EJ010323.TXT | B49: 001035 | C49: 000656 | D49: 44972 | E49: 15:51 | F49: 548.33 | J49: 109.67 | O49: 658 | P49: 158 | Q49: 500 | S49: =SUM(F49:I49)+N49 | T49: =J49 | U49: =YEAR(D49) | V49: =TEXT(D49,"yyyy-mm")
A50: EJ010323.TXT | B50: 001038 | C50: 000657 | D50: 44974 | E50: 13:43 | F50: 548.33 | J50: 109.67 | O50: 658 | Q50: 658 | S50: =SUM(F50:I50)+N50 | T50: =J50 | U50: =YEAR(D50) | V50: =TEXT(D50,"yyyy-mm")
A51: EJ010323.TXT | B51: 001039 | C51: 000658 | D51: 44974 | E51: 13:43 | F51: 548.33 | J51: 109.67 | O51: 658 | Q51: 658 | S51: =SUM(F51:I51)+N51 | T51: =J51 | U51: =YEAR(D51) | V51: =TEXT(D51,"yyyy-mm")
A52: EJ010323.TXT | B52: 001040 | C52: 000659 | D52: 44975 | E52: 17:47 | F52: 533.33 | J52: 106.67 | O52: 640 | Q52: 640 | S52: =SUM(F52:I52)+N52 | T52: =J52 | U52: =YEAR(D52) | V52: =TEXT(D52,"yyyy-mm")
A53: EJ010323.TXT | B53: 001041 | C53: 000660 | D53: 44978 | E53: 11:02 | F53: 548.33 | J53: 109.67 | O53: 658 | P53: 658 | S53: =SUM(F53:I53)+N53 | T53: =J53 | U53: =YEAR(D53) | V53: =TEXT(D53,"yyyy-mm")
A54: EJ010323.TXT | B54: 001042 | C54: 000661 | D54: 44978 | E54: 11:03 | F54: 548.33 | J54: 109.67 | O54: 658 | P54: 658 | S54: =SUM(F54:I54)+N54 | T54: =J54 | U54: =YEAR(D54) | V54: =TEXT(D54,"yyyy-mm")
A55: EJ010323.TXT | B55: 001043 | C55: 000662 | D55: 44978 | E55: 11:09 | F55: 274.17 | J55: 54.83 | O55: 329 | P55: 329 | S55: =SUM(F55:I55)+N55 | T55: =J55 | U55: =YEAR(D55) | V55: =TEXT(D55,"yyyy-mm")
A56: EJ010323.TXT | B56: 001044 | C56: 000663 | D56: 44978 | E56: 13:53 | F56: 2466.67 | J56: 493.33 | O56: 2960 | P56: 2960 | S56: =SUM(F56:I56)+N56 | T56: =J56 | U56: =YEAR(D56) | V56: =TEXT(D56,"yyyy-mm")
A57: EJ010323.TXT | B57: 001045 | C57: 000664 | D57: 44982 | E57: 15:57 | F57: 274.17 | J57: 54.83 | O57: 329 | Q57: 329 | S57: =SUM(F57:I57)+N57 | T57: =J57 | U57: =YEAR(D57) | V57: =TEXT(D57,"yyyy-mm")
A58: EJ010323.TXT | B58: 001046 | C58: 000665 | D58: 44982 | E58: 15:58 | F58: 274.17 | J58: 54.83 | O58: 329 | Q58: 329 | S58: =SUM(F58:I58)+N58 | T58: =J58 | U58: =YEAR(D58) | V58: =TEXT(D58,"yyyy-mm")
A59: EJ010423.TXT | B59: 001055 | C59: 000666 | D59: 44988 | E59: 15:04 | F59: 329.17 | J59: 65.83 | O59: 395 | P59: 395 | S59: =SUM(F59:I59)+N59 | T59: =J59 | U59: =YEAR(D59) | V59: =TEXT(D59,"yyyy-mm")
A60: EJ010423.TXT | B60: 001056 | C60: 000667 | D60: 44988 | E60: 16:02 | F60: 274.17 | J60: 54.83 | O60: 329 | P60: 329 | S60: =SUM(F60:I60)+N60 | T60: =J60 | U60: =YEAR(D60) | V60: =TEXT(D60,"yyyy-mm")
A61: EJ010423.TXT | B61: 001057 | C61: 000668 | D61: 44991 | E61: 17:27 | F61: 274.17 | J61: 54.83 | O61: 329 | Q61: 329 | S61: =SUM(F61:I61)+N61 | T61: =J61 | U61: =YEAR(D61) | V61: =TEXT(D61,"yyyy-mm")
A62: EJ010423.TXT | B62: 001058 | C62: 000669 | D62: 44993 | E62: 10:18 | F62: 548.33 | J62: 109.67 | O62: 658 | Q62: 658 | S62: =SUM(F62:I62)+N62 | T62: =J62 | U62: =YEAR(D62) | V62: =TEXT(D62,"yyyy-mm")
A63: EJ010423.TXT | B63: 001059 | C63: 000670 | D63: 44996 | E63: 17:07 | F63: 199.17 | J63: 39.83 | O63: 239 | Q63: 239 | S63: =SUM(F63:I63)+N63 | T63: =J63 | U63: =YEAR(D63) | V63: =TEXT(D63,"yyyy-mm")
A64: EJ010423.TXT | B64: 001060 | C64: 000671 | D64: 45001 | E64: 11:14 | F64: 548.33 | J64: 109.67 | O64: 658 | P64: 8 | Q64: 650 | S64: =SUM(F64:I64)+N64 | T64: =J64 | U64: =YEAR(D64) | V64: =TEXT(D64,"yyyy-mm")
A65: EJ010423.TXT | B65: 001062 | C65: 000672 | D65: 45001 | E65: 11:24 | F65: 822.5 | J65: 164.5 | O65: 987 | P65: 987 | S65: =SUM(F65:I65)+N65 | T65: =J65 | U65: =YEAR(D65) | V65: =TEXT(D65,"yyyy-mm")
A66: EJ010423.TXT | B66: 001063 | C66: 000673 | D66: 45002 | E66: 17:35 | F66: 3200 | J66: 640 | O66: 3840 | P66: 3840 | S66: =SUM(F66:I66)+N66 | T66: =J66 | U66: =YEAR(D66) | V66: =TEXT(D66,"yyyy-mm")
A67: EJ010423.TXT | B67: 001064 | C67: 000674 | D67: 45003 | E67: 14:58 | F67: 548.33 | J67: 109.67 | O67: 658 | P67: 58 | Q67: 600 | S67: =SUM(F67:I67)+N67 | T67: =J67 | U67: =YEAR(D67) | V67: =TEXT(D67,"yyyy-mm")
A68: EJ010423.TXT | B68: 001066 | C68: 000675 | D68: 45003 | E68: 16:53 | F68: 1770 | J68: 354 | O68: 2124 | P68: 2124 | S68: =SUM(F68:I68)+N68 | T68: =J68 | U68: =YEAR(D68) | V68: =TEXT(D68,"yyyy-mm")
A69: EJ010423.TXT | B69: 001067 | C69: 000676 | D69: 45005 | E69: 13:47 | F69: 548.33 | J69: 109.67 | O69: 658 | Q69: 658 | S69: =SUM(F69:I69)+N69 | T69: =J69 | U69: =YEAR(D69) | V69: =TEXT(D69,"yyyy-mm")
A70: EJ010423.TXT | B70: 001070 | C70: 000677 | D70: 45010 | E70: 14:47 | F70: 797.5 | J70: 159.5 | O70: 957 | Q70: 957 | S70: =SUM(F70:I70)+N70 | T70: =J70 | U70: =YEAR(D70) | V70: =TEXT(D70,"yyyy-mm")
A71: EJ010423.TXT | B71: 001071 | C71: 000678 | D71: 45010 | E71: 15:18 | F71: 797.5 | J71: 159.5 | O71: 957 | Q71: 957 | S71: =SUM(F71:I71)+N71 | T71: =J71 | U71: =YEAR(D71) | V71: =TEXT(D71,"yyyy-mm")
A72: EJ010423.TXT | B72: 001072 | C72: 000679 | D72: 45010 | E72: 15:26 | F72: 800 | J72: 160 | O72: 960 | Q72: 960 | S72: =SUM(F72:I72)+N72 | T72: =J72 | U72: =YEAR(D72) | V72: =TEXT(D72,"yyyy-mm")
A73: EJ010423.TXT | B73: 001074 | C73: 000680 | D73: 45010 | E73: 15:31 | F73: 2400 | J73: 480 | O73: 2880 | P73: 2880 | S73: =SUM(F73:I73)+N73 | T73: =J73 | U73: =YEAR(D73) | V73: =TEXT(D73,"yyyy-mm")
A74: EJ010423.TXT | B74: 001075 | C74: 000681 | D74: 45010 | E74: 15:41 | F74: 548.33 | J74: 109.67 | O74: 658 | P74: 658 | S74: =SUM(F74:I74)+N74 | T74: =J74 | U74: =YEAR(D74) | V74: =TEXT(D74,"yyyy-mm")
A75: EJ010423.TXT | B75: 001076 | C75: 000682 | D75: 45010 | E75: 16:05 | F75: 797.5 | J75: 159.5 | O75: 957 | Q75: 957 | S75: =SUM(F75:I75)+N75 | T75: =J75 | U75: =YEAR(D75) | V75: =TEXT(D75,"yyyy-mm")
A76: EJ010423.TXT | B76: 001077 | C76: 000683 | D76: 45010 | E76: 16:06 | F76: 797.5 | J76: 159.5 | O76: 957 | Q76: 957 | S76: =SUM(F76:I76)+N76 | T76: =J76 | U76: =YEAR(D76) | V76: =TEXT(D76,"yyyy-mm")
A77: EJ010423.TXT | B77: 001078 | C77: 000684 | D77: 45010 | E77: 16:09 | F77: 274.17 | J77: 54.83 | O77: 329 | P77: 329 | S77: =SUM(F77:I77)+N77 | T77: =J77 | U77: =YEAR(D77) | V77: =TEXT(D77,"yyyy-mm")
A78: EJ010423.TXT | B78: 001079 | C78: 000685 | D78: 45010 | E78: 16:19 | F78: 531.67 | J78: 106.33 | O78: 638 | P78: 638 | S78: =SUM(F78:I78)+N78 | T78: =J78 | U78: =YEAR(D78) | V78: =TEXT(D78,"yyyy-mm")
A79: EJ010423.TXT | B79: 001080 | C79: 000686 | D79: 45011 | E79: 17:15 | F79: 797.5 | J79: 159.5 | O79: 957 | Q79: 957 | S79: =SUM(F79:I79)+N79 | T79: =J79 | U79: =YEAR(D79) | V79: =TEXT(D79,"yyyy-mm")
A80: EJ010423.TXT | B80: 001081 | C80: 000687 | D80: 45011 | E80: 17:18 | F80: 797.5 | J80: 159.5 | O80: 957 | Q80: 957 | S80: =SUM(F80:I80)+N80 | T80: =J80 | U80: =YEAR(D80) | V80: =TEXT(D80,"yyyy-mm")
A81: EJ010423.TXT | B81: 001082 | C81: 000688 | D81: 45013 | E81: 09:40 | F81: 548.33 | J81: 109.67 | O81: 658 | P81: 658 | S81: =SUM(F81:I81)+N81 | T81: =J81 | U81: =YEAR(D81) | V81: =TEXT(D81,"yyyy-mm")
A82: EJ010423.TXT | B82: 001083 | C82: 000689 | D82: 45014 | E82: 11:47 | F82: 548.33 | J82: 109.67 | O82: 658 | P82: 658 | S82: =SUM(F82:I82)+N82 | T82: =J82 | U82: =YEAR(D82) | V82: =TEXT(D82,"yyyy-mm")
A83: EJ010423.TXT | B83: 001084 | C83: 000690 | D83: 45016 | E83: 08:58 | F83: 1645 | J83: 329 | O83: 1974 | P83: 1974 | S83: =SUM(F83:I83)+N83 | T83: =J83 | U83: =YEAR(D83) | V83: =TEXT(D83,"yyyy-mm")
A84: EJ020523.TXT | B84: 001092 | C84: 000691 | D84: 45020 | E84: 12:37 | F84: 398.33 | J84: 79.67 | O84: 478 | P84: 478 | S84: =SUM(F84:I84)+N84 | T84: =J84 | U84: =YEAR(D84) | V84: =TEXT(D84,"yyyy-mm")
A85: EJ020523.TXT | B85: 001098 | C85: 000692 | D85: 45023 | E85: 12:24 | F85: 548.33 | J85: 109.67 | O85: 658 | P85: 658 | S85: =SUM(F85:I85)+N85 | T85: =J85 | U85: =YEAR(D85) | V85: =TEXT(D85,"yyyy-mm")
A86: EJ020523.TXT | B86: 001099 | C86: 000693 | D86: 45028 | E86: 12:43 | F86: 274.17 | J86: 54.83 | O86: 329 | P86: 329 | S86: =SUM(F86:I86)+N86 | T86: =J86 | U86: =YEAR(D86) | V86: =TEXT(D86,"yyyy-mm")
A87: EJ020523.TXT | B87: 001100 | C87: 000694 | D87: 45030 | E87: 12:11 | F87: 73.33 | J87: 14.67 | O87: 88 | Q87: 88 | S87: =SUM(F87:I87)+N87 | T87: =J87 | U87: =YEAR(D87) | V87: =TEXT(D87,"yyyy-mm")
A88: EJ020523.TXT | B88: 001107 | C88: 000695 | D88: 45038 | E88: 15:55 | F88: 548.33 | J88: 109.67 | O88: 658 | P88: 658 | S88: =SUM(F88:I88)+N88 | T88: =J88 | U88: =YEAR(D88) | V88: =TEXT(D88,"yyyy-mm")
A89: EJ020523.TXT | B89: 001109 | C89: 000696 | D89: 45041 | E89: 15:17 | F89: 73.33 | J89: 14.67 | O89: 88 | Q89: 88 | S89: =SUM(F89:I89)+N89 | T89: =J89 | U89: =YEAR(D89) | V89: =TEXT(D89,"yyyy-mm")
A90: EJ020523.TXT | B90: 001110 | C90: 000697 | D90: 45041 | E90: 15:48 | F90: 822.5 | J90: 164.5 | O90: 987 | Q90: 987 | S90: =SUM(F90:I90)+N90 | T90: =J90 | U90: =YEAR(D90) | V90: =TEXT(D90,"yyyy-mm")
A91: EJ020523.TXT | B91: 001111 | C91: 000698 | D91: 45041 | E91: 15:57 | F91: 822.5 | J91: 164.5 | O91: 987 | Q91: 987 | S91: =SUM(F91:I91)+N91 | T91: =J91 | U91: =YEAR(D91) | V91: =TEXT(D91,"yyyy-mm")
A92: EJ020523.TXT | B92: 001112 | C92: 000699 | D92: 45041 | E92: 17:02 | F92: 5298.33 | J92: 1059.67 | O92: 6358 | P92: 6358 | S92: =SUM(F92:I92)+N92 | T92: =J92 | U92: =YEAR(D92) | V92: =TEXT(D92,"yyyy-mm")
A93: EJ020523.TXT | B93: 001114 | C93: 000700 | D93: 45042 | E93: 09:36 | F93: 548.33 | J93: 109.67 | O93: 658 | Q93: 658 | S93: =SUM(F93:I93)+N93 | T93: =J93 | U93: =YEAR(D93) | V93: =TEXT(D93,"yyyy-mm")
A94: EJ020523.TXT | B94: 001115 | C94: 000701 | D94: 45042 | E94: 09:50 | F94: 146.67 | J94: 29.33 | O94: 176 | Q94: 176 | S94: =SUM(F94:I94)+N94 | T94: =J94 | U94: =YEAR(D94) | V94: =TEXT(D94,"yyyy-mm")
A95: EJ020523.TXT | B95: 001119 | C95: 000702 | D95: 45043 | E95: 12:23 | F95: 49.17 | J95: 9.83 | O95: 59 | P95: 59 | S95: =SUM(F95:I95)+N95 | T95: =J95 | U95: =YEAR(D95) | V95: =TEXT(D95,"yyyy-mm")
A96: EJ020523.TXT | B96: 001120 | C96: 000703 | D96: 45043 | E96: 16:00 | F96: 615 | J96: 123 | O96: 738 | P96: 738 | S96: =SUM(F96:I96)+N96 | T96: =J96 | U96: =YEAR(D96) | V96: =TEXT(D96,"yyyy-mm")
A97: EJ020523.TXT | B97: 001122 | C97: 000704 | D97: 45045 | E97: 16:12 | F97: 597.5 | J97: 119.5 | O97: 717 | P97: 717 | S97: =SUM(F97:I97)+N97 | T97: =J97 | U97: =YEAR(D97) | V97: =TEXT(D97,"yyyy-mm")
A98: EJ020523.TXT | B98: 001123 | C98: 000705 | D98: 45045 | E98: 16:55 | F98: 381.67 | J98: 76.33 | O98: 458 | Q98: 458 | S98: =SUM(F98:I98)+N98 | T98: =J98 | U98: =YEAR(D98) | V98: =TEXT(D98,"yyyy-mm")
A99: EJ010623.TXT | B99: 001130 | C99: 000706 | D99: 45048 | E99: 12:22 | F99: 548.33 | J99: 109.67 | O99: 658 | P99: 658 | S99: =SUM(F99:I99)+N99 | T99: =J99 | U99: =YEAR(D99) | V99: =TEXT(D99,"yyyy-mm")
A100: EJ010623.TXT | B100: 001131 | C100: 000707 | D100: 45048 | E100: 13:04 | F100: 581.67 | J100: 116.33 | O100: 698 | P100: 698 | S100: =SUM(F100:I100)+N100 | T100: =J100 | U100: =YEAR(D100) | V100: =TEXT(D100,"yyyy-mm")
...

Sheet TD_TotalEnctTTC
A1: AJ_ANNEE | B1: AJ_MOIS | C1: SOMME_E_TTC | D1: SOMME_E_MDP_CB | E1: SOMME_E_MDP_CHEQUES | F1: SOMME_E_MDP_ESPECES
A2: 2023 | B2: 2023-01 | C2: =SUMIFS('Entetes_CplteAnneeMois'!$O$2:$O$723,'Entetes_CplteAnneeMois'!$V$2:$V$723,B2) | D2: =SUMIFS('Entetes_CplteAnneeMois'!$P$2:$P$723,'Entetes_CplteAnneeMois'!$V$2:$V$723,B2) | E2: =SUMIFS('Entetes_CplteAnneeMois'!$R$2:$R$723,'Entetes_CplteAnneeMois'!$V$2:$V$723,B2) | F2: =SUMIFS('Entetes_CplteAnneeMois'!$Q$2:$Q$723,'Entetes_CplteAnneeMois'!$V$2:$V$723,B2)
A3: 2023 | B3: 2023-02 | C3: =SUMIFS('Entetes_CplteAnneeMois'!$O$2:$O$723,'Entetes_CplteAnneeMois'!$V$2:$V$723,B3) | D3: =SUMIFS('Entetes_CplteAnneeMois'!$P$2:$P$723,'Entetes_CplteAnneeMois'!$V$2:$V$723,B3) | E3: =SUMIFS('Entetes_CplteAnneeMois'!$R$2:$R$723,'Entetes_CplteAnneeMois'!$V$2:$V$723,B3) | F3: =SUMIFS('Entetes_CplteAnneeMois'!$Q$2:$Q$723,'Entetes_CplteAnneeMois'!$V$2:$V$723,B3)
A4: 2023 | B4: 2023-03 | C4: =SUMIFS('Entetes_CplteAnneeMois'!$O$2:$O$723,'Entetes_CplteAnneeMois'!$V$2:$V$723,B4) | D4: =SUMIFS('Entetes_CplteAnneeMois'!$P$2:$P$723,'Entetes_CplteAnneeMois'!$V$2:$V$723,B4) | E4: =SUMIFS('Entetes_CplteAnneeMois'!$R$2:$R$723,'Entetes_CplteAnneeMois'!$V$2:$V$723,B4) | F4: =SUMIFS('Entetes_CplteAnneeMois'!$Q$2:$Q$723,'Entetes_CplteAnneeMois'!$V$2:$V$723,B4)
A5: 2023 | B5: 2023-04 | C5: =SUMIFS('Entetes_CplteAnneeMois'!$O$2:$O$723,'Entetes_CplteAnneeMois'!$V$2:$V$723,B5) | D5: =SUMIFS('Entetes_CplteAnneeMois'!$P$2:$P$723,'Entetes_CplteAnneeMois'!$V$2:$V$723,B5) | E5: =SUMIFS('Entetes_CplteAnneeMois'!$R$2:$R$723,'Entetes_CplteAnneeMois'!$V$2:$V$723,B5) | F5: =SUMIFS('Entetes_CplteAnneeMois'!$Q$2:$Q$723,'Entetes_CplteAnneeMois'!$V$2:$V$723,B5)
A6: 2023 | B6: 2023-05 | C6: =SUMIFS('Entetes_CplteAnneeMois'!$O$2:$O$723,'Entetes_CplteAnneeMois'!$V$2:$V$723,B6) | D6: =SUMIFS('Entetes_CplteAnneeMois'!$P$2:$P$723,'Entetes_CplteAnneeMois'!$V$2:$V$723,B6) | E6: =SUMIFS('Entetes_CplteAnneeMois'!$R$2:$R$723,'Entetes_CplteAnneeMois'!$V$2:$V$723,B6) | F6: =SUMIFS('Entetes_CplteAnneeMois'!$Q$2:$Q$723,'Entetes_CplteAnneeMois'!$V$2:$V$723,B6)
A7: 2023 | B7: 2023-06 | C7: =SUMIFS('Entetes_CplteAnneeMois'!$O$2:$O$723,'Entetes_CplteAnneeMois'!$V$2:$V$723,B7) | D7: =SUMIFS('Entetes_CplteAnneeMois'!$P$2:$P$723,'Entetes_CplteAnneeMois'!$V$2:$V$723,B7) | E7: =SUMIFS('Entetes_CplteAnneeMois'!$R$2:$R$723,'Entetes_CplteAnneeMois'!$V$2:$V$723,B7) | F7: =SUMIFS('Entetes_CplteAnneeMois'!$Q$2:$Q$723,'Entetes_CplteAnneeMois'!$V$2:$V$723,B7)
A8: 2023 | B8: 2023-07 | C8: =SUMIFS('Entetes_CplteAnneeMois'!$O$2:$O$723,'Entetes_CplteAnneeMois'!$V$2:$V$723,B8) | D8: =SUMIFS('Entetes_CplteAnneeMois'!$P$2:$P$723,'Entetes_CplteAnneeMois'!$V$2:$V$723,B8) | E8: =SUMIFS('Entetes_CplteAnneeMois'!$R$2:$R$723,'Entetes_CplteAnneeMois'!$V$2:$V$723,B8) | F8: =SUMIFS('Entetes_CplteAnneeMois'!$Q$2:$Q$723,'Entetes_CplteAnneeMois'!$V$2:$V$723,B8)
A9: 2023 | B9: 2023-08 | C9: =SUMIFS('Entetes_CplteAnneeMois'!$O$2:$O$723,'Entetes_CplteAnneeMois'!$V$2:$V$723,B9) | D9: =SUMIFS('Entetes_CplteAnneeMois'!$P$2:$P$723,'Entetes_CplteAnneeMois'!$V$2:$V$723,B9) | E9: =SUMIFS('Entetes_CplteAnneeMois'!$R$2:$R$723,'Entetes_CplteAnneeMois'!$V$2:$V$723,B9) | F9: =SUMIFS('Entetes_CplteAnneeMois'!$Q$2:$Q$723,'Entetes_CplteAnneeMois'!$V$2:$V$723,B9)
A10: 2023 | B10: 2023-09 | C10: =SUMIFS('Entetes_CplteAnneeMois'!$O$2:$O$723,'Entetes_CplteAnneeMois'!$V$2:$V$723,B10) | D10: =SUMIFS('Entetes_CplteAnneeMois'!$P$2:$P$723,'Entetes_CplteAnneeMois'!$V$2:$V$723,B10) | E10: =SUMIFS('Entetes_CplteAnneeMois'!$R$2:$R$723,'Entetes_CplteAnneeMois'!$V$2:$V$723,B10) | F10: =SUMIFS('Entetes_CplteAnneeMois'!$Q$2:$Q$723,'Entetes_CplteAnneeMois'!$V$2:$V$723,B10)
A11: 2023 | B11: 2023-10 | C11: =SUMIFS('Entetes_CplteAnneeMois'!$O$2:$O$723,'Entetes_CplteAnneeMois'!$V$2:$V$723,B11) | D11: =SUMIFS('Entetes_CplteAnneeMois'!$P$2:$P$723,'Entetes_CplteAnneeMois'!$V$2:$V$723,B11) | E11: =SUMIFS('Entetes_CplteAnneeMois'!$R$2:$R$723,'Entetes_CplteAnneeMois'!$V$2:$V$723,B11) | F11: =SUMIFS('Entetes_CplteAnneeMois'!$Q$2:$Q$723,'Entetes_CplteAnneeMois'!$V$2:$V$723,B11)
A12: 2023 | B12: 2023-11 | C12: =SUMIFS('Entetes_CplteAnneeMois'!$O$2:$O$723,'Entetes_CplteAnneeMois'!$V$2:$V$723,B12) | D12: =SUMIFS('Entetes_CplteAnneeMois'!$P$2:$P$723,'Entetes_CplteAnneeMois'!$V$2:$V$723,B12) | E12: =SUMIFS('Entetes_CplteAnneeMois'!$R$2:$R$723,'Entetes_CplteAnneeMois'!$V$2:$V$723,B12) | F12: =SUMIFS('Entetes_CplteAnneeMois'!$Q$2:$Q$723,'Entetes_CplteAnneeMois'!$V$2:$V$723,B12)
A13: 2023 | B13: 2023-12 | C13: =SUMIFS('Entetes_CplteAnneeMois'!$O$2:$O$723,'Entetes_CplteAnneeMois'!$V$2:$V$723,B13) | D13: =SUMIFS('Entetes_CplteAnneeMois'!$P$2:$P$723,'Entetes_CplteAnneeMois'!$V$2:$V$723,B13) | E13: =SUMIFS('Entetes_CplteAnneeMois'!$R$2:$R$723,'Entetes_CplteAnneeMois'!$V$2:$V$723,B13) | F13: =SUMIFS('Entetes_CplteAnneeMois'!$Q$2:$Q$723,'Entetes_CplteAnneeMois'!$V$2:$V$723,B13)
... A33: 2025 | B33: 2025-08 | C33: =SUMIFS('Entetes_CplteAnneeMois'!$O$2:$O$723,'Entetes_CplteAnneeMois'!$V$2:$V$723,B33) | D33: =SUMIFS('Entetes_CplteAnneeMois'!$P$2:$P$723,'Entetes_CplteAnneeMois'!$V$2:$V$723,B33) | E33: =SUMIFS('Entetes_CplteAnneeMois'!$R$2:$R$723,'Entetes_CplteAnneeMois'!$V$2:$V$723,B33) | F33: =SUMIFS('Entetes_CplteAnneeMois'!$Q$2:$Q$723,'Entetes_CplteAnneeMois'!$V$2:$V$723,B33)

Sheet enct_mensuels_MATURIN
A1: AJ_ANNEE | B1: AJ_MOIS | C1: SOMME_E_TTC | D1: SOMME_E_MDP_CB | E1: SOMME_E_MDP_CHEQUES | F1: SOMME_E_MDP_ESPECES
A2: ='TD_TotalEnctTTC'!A2 | B2: ='TD_TotalEnctTTC'!B2 | C2: ='TD_TotalEnctTTC'!C2 | D2: ='TD_TotalEnctTTC'!D2 | E2: ='TD_TotalEnctTTC'!E2 | F2: ='TD_TotalEnctTTC'!F2
A3: ='TD_TotalEnctTTC'!A3 | B3: ='TD_TotalEnctTTC'!B3 | C3: ='TD_TotalEnctTTC'!C3 | D3: ='TD_TotalEnctTTC'!D3 | E3: ='TD_TotalEnctTTC'!E3 | F3: ='TD_TotalEnctTTC'!F3
A4: ='TD_TotalEnctTTC'!A4 | B4: ='TD_TotalEnctTTC'!B4 | C4: ='TD_TotalEnctTTC'!C4 | D4: ='TD_TotalEnctTTC'!D4 | E4: ='TD_TotalEnctTTC'!E4 | F4: ='TD_TotalEnctTTC'!F4
A5: ='TD_TotalEnctTTC'!A5 | B5: ='TD_TotalEnctTTC'!B5 | C5: ='TD_TotalEnctTTC'!C5 | D5: ='TD_TotalEnctTTC'!D5 | E5: ='TD_TotalEnctTTC'!E5 | F5: ='TD_TotalEnctTTC'!F5
A6: ='TD_TotalEnctTTC'!A6 | B6: ='TD_TotalEnctTTC'!B6 | C6: ='TD_TotalEnctTTC'!C6 | D6: ='TD_TotalEnctTTC'!D6 | E6: ='TD_TotalEnctTTC'!E6 | F6: ='TD_TotalEnctTTC'!F6
A7: ='TD_TotalEnctTTC'!A7 | B7: ='TD_TotalEnctTTC'!B7 | C7: ='TD_TotalEnctTTC'!C7 | D7: ='TD_TotalEnctTTC'!D7 | E7: ='TD_TotalEnctTTC'!E7 | F7: ='TD_TotalEnctTTC'!F7
A8: ='TD_TotalEnctTTC'!A8 | B8: ='TD_TotalEnctTTC'!B8 | C8: ='TD_TotalEnctTTC'!C8 | D8: ='TD_TotalEnctTTC'!D8 | E8: ='TD_TotalEnctTTC'!E8 | F8: ='TD_TotalEnctTTC'!F8
A9: ='TD_TotalEnctTTC'!A9 | B9: ='TD_TotalEnctTTC'!B9 | C9: ='TD_TotalEnctTTC'!C9 | D9: ='TD_TotalEnctTTC'!D9 | E9: ='TD_TotalEnctTTC'!E9 | F9: ='TD_TotalEnctTTC'!F9
A10: ='TD_TotalEnctTTC'!A10 | B10: ='TD_TotalEnctTTC'!B10 | C10: ='TD_TotalEnctTTC'!C10 | D10: ='TD_TotalEnctTTC'!D10 | E10: ='TD_TotalEnctTTC'!E10 | F10: ='TD_TotalEnctTTC'!F10
A11: ='TD_TotalEnctTTC'!A11 | B11: ='TD_TotalEnctTTC'!B11 | C11: ='TD_TotalEnctTTC'!C11 | D11: ='TD_TotalEnctTTC'!D11 | E11: ='TD_TotalEnctTTC'!E11 | F11: ='TD_TotalEnctTTC'!F11
A12: ='TD_TotalEnctTTC'!A12 | B12: ='TD_TotalEnctTTC'!B12 | C12: ='TD_TotalEnctTTC'!C12 | D12: ='TD_TotalEnctTTC'!D12 | E12: ='TD_TotalEnctTTC'!E12 | F12: ='TD_TotalEnctTTC'!F12
A13: ='TD_TotalEnctTTC'!A13 | B13: ='TD_TotalEnctTTC'!B13 | C13: ='TD_TotalEnctTTC'!C13 | D13: ='TD_TotalEnctTTC'!D13 | E13: ='TD_TotalEnctTTC'!E13 | F13: ='TD_TotalEnctTTC'!F13
... A33: ='TD_TotalEnctTTC'!A33 | B33: ='TD_TotalEnctTTC'!B33 | C33: ='TD_TotalEnctTTC'!C33 | D33: ='TD_TotalEnctTTC'!D33 | E33: ='TD_TotalEnctTTC'!E33 | F33: ='TD_TotalEnctTTC'!F33

Sheet TD_TotalHtTvaTtc
A1: AJ_ANNEE | B1: AJ_MOIS | C1: SOMME_AJ_TOTAL_HT | D1: SOMME_AJ_TOTAL_TVA_20 | E1: SOMME_E_TTC
A2: 2023 | B2: 2023-01 | C2: =SUMIFS('Entetes_CplteAnneeMois'!$S$2:$S$723,'Entetes_CplteAnneeMois'!$V$2:$V$723,B2) | D2: =SUMIFS('Entetes_CplteAnneeMois'!$T$2:$T$723,'Entetes_CplteAnneeMois'!$V$2:$V$723,B2) | E2: =SUMIFS('Entetes_CplteAnneeMois'!$O$2:$O$723,'Entetes_CplteAnneeMois'!$V$2:$V$723,B2)
A3: 2023 | B3: 2023-02 | C3: =SUMIFS('Entetes_CplteAnneeMois'!$S$2:$S$723,'Entetes_CplteAnneeMois'!$V$2:$V$723,B3) | D3: =SUMIFS('Entetes_CplteAnneeMois'!$T$2:$T$723,'Entetes_CplteAnneeMois'!$V$2:$V$723,B3) | E3: =SUMIFS('Entetes_CplteAnneeMois'!$O$2:$O$723,'Entetes_CplteAnneeMois'!$V$2:$V$723,B3)
A4: 2023 | B4: 2023-03 | C4: =SUMIFS('Entetes_CplteAnneeMois'!$S$2:$S$723,'Entetes_CplteAnneeMois'!$V$2:$V$723,B4) | D4: =SUMIFS('Entetes_CplteAnneeMois'!$T$2:$T$723,'Entetes_CplteAnneeMois'!$V$2:$V$723,B4) | E4: =SUMIFS('Entetes_CplteAnneeMois'!$O$2:$O$723,'Entetes_CplteAnneeMois'!$V$2:$V$723,B4)
A5: 2023 | B5: 2023-04 | C5: =SUMIFS('Entetes_CplteAnneeMois'!$S$2:$S$723,'Entetes_CplteAnneeMois'!$V$2:$V$723,B5) | D5: =SUMIFS('Entetes_CplteAnneeMois'!$T$2:$T$723,'Entetes_CplteAnneeMois'!$V$2:$V$723,B5) | E5: =SUMIFS('Entetes_CplteAnneeMois'!$O$2:$O$723,'Entetes_CplteAnneeMois'!$V$2:$V$723,B5)
A6: 2023 | B6: 2023-05 | C6: =SUMIFS('Entetes_CplteAnneeMois'!$S$2:$S$723,'Entetes_CplteAnneeMois'!$V$2:$V$723,B6) | D6: =SUMIFS('Entetes_CplteAnneeMois'!$T$2:$T$723,'Entetes_CplteAnneeMois'!$V$2:$V$723,B6) | E6: =SUMIFS('Entetes_CplteAnneeMois'!$O$2:$O$723,'Entetes_CplteAnneeMois'!$V$2:$V$723,B6)
A7: 2023 | B7: 2023-06 | C7: =SUMIFS('Entetes_CplteAnneeMois'!$S$2:$S$723,'Entetes_CplteAnneeMois'!$V$2:$V$723,B7) | D7: =SUMIFS('Entetes_CplteAnneeMois'!$T$2:$T$723,'Entetes_CplteAnneeMois'!$V$2:$V$723,B7) | E7: =SUMIFS('Entetes_CplteAnneeMois'!$O$2:$O$723,'Entetes_CplteAnneeMois'!$V$2:$V$723,B7)
A8: 2023 | B8: 2023-07 | C8: =SUMIFS('Entetes_CplteAnneeMois'!$S$2:$S$723,'Entetes_CplteAnneeMois'!$V$2:$V$723,B8) | D8: =SUMIFS('Entetes_CplteAnneeMois'!$T$2:$T$723,'Entetes_CplteAnneeMois'!$V$2:$V$723,B8) | E8: =SUMIFS('Entetes_CplteAnneeMois'!$O$2:$O$723,'Entetes_CplteAnneeMois'!$V$2:$V$723,B8)
A9: 2023 | B9: 2023-08 | C9: =SUMIFS('Entetes_CplteAnneeMois'!$S$2:$S$723,'Entetes_CplteAnneeMois'!$V$2:$V$723,B9) | D9: =SUMIFS('Entetes_CplteAnneeMois'!$T$2:$T$723,'Entetes_CplteAnneeMois'!$V$2:$V$723,B9) | E9: =SUMIFS('Entetes_CplteAnneeMois'!$O$2:$O$723,'Entetes_CplteAnneeMois'!$V$2:$V$723,B9)
A10: 2023 | B10: 2023-09 | C10: =SUMIFS('Entetes_CplteAnneeMois'!$S$2:$S$723,'Entetes_CplteAnneeMois'!$V$2:$V$723,B10) | D10: =SUMIFS('Entetes_CplteAnneeMois'!$T$2:$T$723,'Entetes_CplteAnneeMois'!$V$2:$V$723,B10) | E10: =SUMIFS('Entetes_CplteAnneeMois'!$O$2:$O$723,'Entetes_CplteAnneeMois'!$V$2:$V$723,B10)
A11: 2023 | B11: 2023-10 | C11: =SUMIFS('Entetes_CplteAnneeMois'!$S$2:$S$723,'Entetes_CplteAnneeMois'!$V$2:$V$723,B11) | D11: =SUMIFS('Entetes_CplteAnneeMois'!$T$2:$T$723,'Entetes_CplteAnneeMois'!$V$2:$V$723,B11) | E11: =SUMIFS('Entetes_CplteAnneeMois'!$O$2:$O$723,'Entetes_CplteAnneeMois'!$V$2:$V$723,B11)
A12: 2023 | B12: 2023-11 | C12: =SUMIFS('Entetes_CplteAnneeMois'!$S$2:$S$723,'Entetes_CplteAnneeMois'!$V$2:$V$723,B12) | D12: =SUMIFS('Entetes_CplteAnneeMois'!$T$2:$T$723,'Entetes_CplteAnneeMois'!$V$2:$V$723,B12) | E12: =SUMIFS('Entetes_CplteAnneeMois'!$O$2:$O$723,'Entetes_CplteAnneeMois'!$V$2:$V$723,B12)
A13: 2023 | B13: 2023-12 | C13: =SUMIFS('Entetes_CplteAnneeMois'!$S$2:$S$723,'Entetes_CplteAnneeMois'!$V$2:$V$723,B13) | D13: =SUMIFS('Entetes_CplteAnneeMois'!$T$2:$T$723,'Entetes_CplteAnneeMois'!$V$2:$V$723,B13) | E13: =SUMIFS('Entetes_CplteAnneeMois'!$O$2:$O$723,'Entetes_CplteAnneeMois'!$V$2:$V$723,B13)
... A33: 2025 | B33: 2025-08 | C33: =SUMIFS('Entetes_CplteAnneeMois'!$S$2:$S$723,'Entetes_CplteAnneeMois'!$V$2:$V$723,B33) | D33: =SUMIFS('Entetes_CplteAnneeMois'!$T$2:$T$723,'Entetes_CplteAnneeMois'!$V$2:$V$723,B33) | E33: =SUMIFS('Entetes_CplteAnneeMois'!$O$2:$O$723,'Entetes_CplteAnneeMois'!$V$2:$V$723,B33)

Sheet recettes_mensuelles_MATURIN
A1: AJ_ANNEE | B1: AJ_MOIS | C1: SOMME_AJ_TOTAL_HT | D1: SOMME_AJ_TOTAL_TVA_20 | E1: SOMME_E_TTC
A2: ='TD_TotalHtTvaTtc'!A2 | B2: ='TD_TotalHtTvaTtc'!B2 | C2: ='TD_TotalHtTvaTtc'!C2 | D2: ='TD_TotalHtTvaTtc'!D2 | E2: ='TD_TotalHtTvaTtc'!E2
A3: ='TD_TotalHtTvaTtc'!A3 | B3: ='TD_TotalHtTvaTtc'!B3 | C3: ='TD_TotalHtTvaTtc'!C3 | D3: ='TD_TotalHtTvaTtc'!D3 | E3: ='TD_TotalHtTvaTtc'!E3
A4: ='TD_TotalHtTvaTtc'!A4 | B4: ='TD_TotalHtTvaTtc'!B4 | C4: ='TD_TotalHtTvaTtc'!C4 | D4: ='TD_TotalHtTvaTtc'!D4 | E4: ='TD_TotalHtTvaTtc'!E4
A5: ='TD_TotalHtTvaTtc'!A5 | B5: ='TD_TotalHtTvaTtc'!B5 | C5: ='TD_TotalHtTvaTtc'!C5 | D5: ='TD_TotalHtTvaTtc'!D5 | E5: ='TD_TotalHtTvaTtc'!E5
A6: ='TD_TotalHtTvaTtc'!A6 | B6: ='TD_TotalHtTvaTtc'!B6 | C6: ='TD_TotalHtTvaTtc'!C6 | D6: ='TD_TotalHtTvaTtc'!D6 | E6: ='TD_TotalHtTvaTtc'!E6
A7: ='TD_TotalHtTvaTtc'!A7 | B7: ='TD_TotalHtTvaTtc'!B7 | C7: ='TD_TotalHtTvaTtc'!C7 | D7: ='TD_TotalHtTvaTtc'!D7 | E7: ='TD_TotalHtTvaTtc'!E7
A8: ='TD_TotalHtTvaTtc'!A8 | B8: ='TD_TotalHtTvaTtc'!B8 | C8: ='TD_TotalHtTvaTtc'!C8 | D8: ='TD_TotalHtTvaTtc'!D8 | E8: ='TD_TotalHtTvaTtc'!E8
A9: ='TD_TotalHtTvaTtc'!A9 | B9: ='TD_TotalHtTvaTtc'!B9 | C9: ='TD_TotalHtTvaTtc'!C9 | D9: ='TD_TotalHtTvaTtc'!D9 | E9: ='TD_TotalHtTvaTtc'!E9
A10: ='TD_TotalHtTvaTtc'!A10 | B10: ='TD_TotalHtTvaTtc'!B10 | C10: ='TD_TotalHtTvaTtc'!C10 | D10: ='TD_TotalHtTvaTtc'!D10 | E10: ='TD_TotalHtTvaTtc'!E10
A11: ='TD_TotalHtTvaTtc'!A11 | B11: ='TD_TotalHtTvaTtc'!B11 | C11: ='TD_TotalHtTvaTtc'!C11 | D11: ='TD_TotalHtTvaTtc'!D11 | E11: ='TD_TotalHtTvaTtc'!E11
A12: ='TD_TotalHtTvaTtc'!A12 | B12: ='TD_TotalHtTvaTtc'!B12 | C12: ='TD_TotalHtTvaTtc'!C12 | D12: ='TD_TotalHtTvaTtc'!D12 | E12: ='TD_TotalHtTvaTtc'!E12
A13: ='TD_TotalHtTvaTtc'!A13 | B13: ='TD_TotalHtTvaTtc'!B13 | C13: ='TD_TotalHtTvaTtc'!C13 | D13: ='TD_TotalHtTvaTtc'!D13 | E13: ='TD_TotalHtTvaTtc'!E13
... A33: ='TD_TotalHtTvaTtc'!A33 | B33: ='TD_TotalHtTvaTtc'!B33 | C33: ='TD_TotalHtTvaTtc'!C33 | D33: ='TD_TotalHtTvaTtc'!D33 | E33: ='TD_TotalHtTvaTtc'!E33
