Workbook

Sheet ENTETES_MASSENA_0
A1: nomfichier | B1: E_NUM_INTERNE | C1: E_NUM_TICKET | D1: E_DATE_TICKET | E1: E_HEURE_TICKET | F1: E_HT1 | G1: E_HT2 | H1: E_HT3 | I1: E_HT4 | J1: E_TVA1 | K1: E_TVA2 | L1: E_TVA3 | M1: E_TVA4 | N1: E_HT_NON_TAXABLE | O1: E_TTC | P1: E_MDP_CB | Q1: E_MDP_ESPECES | R1: E_MDP_CHEQUES
A2: EJ310123.TXT | B2: 004517 | C2: 003562 | D2: 44928 | E2: 11:25 | F2: 249.17 | J2: 49.83 | O2: 299 | P2: 299
A3: EJ310123.TXT | B3: 004518 | C3: 003563 | D3: 44928 | E3: 12:34 | F3: 208.33 | J3: 41.67 | O3: 250 | Q3: 250
A4: EJ310123.TXT | B4: 004519 | C4: 003564 | D4: 44928 | E4: 16:36 | F4: 483.33 | J4: 96.67 | O4: 580 | Q4: 580
A5: EJ310123.TXT | B5: 004520 | C5: 003565 | D5: 44929 | E5: 15:02 | F5: 720.83 | J5: 144.17 | O5: 865 | Q5: 865
A6: EJ310123.TXT | B6: 004521 | C6: 003566 | D6: 44929 | E6: 15:03 | F6: 144.17 | J6: 28.83 | O6: 173 | Q6: 173
A7: EJ310123.TXT | B7: 004522 | C7: 003567 | D7: 44929 | E7: 15:19 | F7: 823.33 | J7: 164.67 | O7: 988 | Q7: 988
A8: EJ310123.TXT | B8: 004523 | C8: 003568 | D8: 44929 | E8: 15:19 | F8: 823.33 | J8: 164.67 | O8: 988 | Q8: 988
A9: EJ310123.TXT | B9: 004524 | C9: 003569 | D9: 44929 | E9: 15:45 | F9: 1450 | J9: 290 | O9: 1740 | P9: 1740
A10: EJ310123.TXT | B10: 004525 | C10: 003570 | D10: 44929 | E10: 16:16 | F10: 498.33 | J10: 99.67 | O10: 598 | P10: 598
A11: EJ310123.TXT | B11: 004526 | C11: 003571 | D11: 44930 | E11: 10:54 | F11: 725 | J11: 145 | O11: 870 | Q11: 870
A12: EJ310123.TXT | B12: 004527 | C12: 003572 | D12: 44932 | E12: 11:36 | F12: 37.5 | J12: 7.5 | O12: 45 | Q12: 45
A13: EJ310123.TXT | B13: 004528 | C13: 003573 | D13: 44932 | E13: 13:56 | F13: 498.33 | J13: 99.67 | O13: 598 | Q13: 598
A14: EJ310123.TXT | B14: 004529 | C14: 003574 | D14: 44932 | E14: 17:29 | F14: 5035 | J14: 1007 | O14: 6042 | R14: 6042
A15: EJ310123.TXT | B15: 004530 | C15: 003575 | D15: 44933 | E15: 15:33 | F15: 581.67 | J15: 116.33 | O15: 698 | P15: 698
A16: EJ310123.TXT | B16: 004531 | C16: 003576 | D16: 44933 | E16: 16:22 | F16: 540 | J16: 108 | O16: 648 | P16: 648
A17: EJ310123.TXT | B17: 004532 | C17: 003577 | D17: 44935 | E17: 15:13 | F17: 648.33 | J17: 129.67 | O17: 778 | Q17: 778
A18: EJ310123.TXT | B18: 004533 | C18: 003578 | D18: 44935 | E18: 15:42 | F18: 288.33 | J18: 57.67 | O18: 346 | Q18: 346
A19: EJ310123.TXT | B19: 004534 | C19: 003579 | D19: 44936 | E19: 15:49 | F19: 483.33 | J19: 96.67 | O19: 580 | Q19: 580
A20: EJ310123.TXT | B20: 004535 | C20: 003580 | D20: 44936 | E20: 15:49 | F20: 483.33 | J20: 96.67 | O20: 580 | Q20: 580
A21: EJ310123.TXT | B21: 004536 | C21: 003581 | D21: 44938 | E21: 15:51 | F21: 522.5 | J21: 104.5 | O21: 627 | Q21: 627
A22: EJ310123.TXT | B22: 004537 | C22: 003582 | D22: 44938 | E22: 18:15 | F22: 747.5 | J22: 149.5 | O22: 897 | Q22: 897
A23: EJ310123.TXT | B23: 004538 | C23: 003583 | D23: 44938 | E23: 18:15 | F23: 249.17 | J23: 49.83 | O23: 299 | Q23: 299
A24: EJ310123.TXT | B24: 004539 | C24: 003584 | D24: 44938 | E24: 18:52 | F24: 725 | J24: 145 | O24: 870 | Q24: 870
A25: EJ310123.TXT | B25: 004540 | C25: 003585 | D25: 44939 | E25: 10:29 | F25: 582.5 | J25: 116.5 | O25: 699 | Q25: 699
A26: EJ310123.TXT | B26: 004541 | C26: 003586 | D26: 44939 | E26: 10:29 | F26: 582.5 | J26: 116.5 | O26: 699 | Q26: 699
A27: EJ310123.TXT | B27: 004542 | C27: 003587 | D27: 44939 | E27: 14:36 | F27: 747.5 | J27: 149.5 | O27: 897 | Q27: 897
A28: EJ310123.TXT | B28: 004543 | C28: 003588 | D28: 44939 | E28: 15:42 | F28: 181.67 | J28: 36.33 | O28: 218 | Q28: 218
... A39: EJ310123.TXT | B39: 004554 | C39: 003599 | D39: 44942 | E39: 11:45 | F39: 581.67 | J39: 116.33 | O39: 698 | Q39: 698
A40: EJ310123.TXT | B40: 004555 | C40: 003600 | D40: 44942 | E40: 12:07 | F40: 350 | J40: 70 | O40: 420 | P40: 420
A41: EJ310123.TXT | B41: 004556 | C41: 003601 | D41: 44942 | E41: 16:10 | F41: 288.33 | J41: 57.67 | O41: 346 | Q41: 346
A42: EJ310123.TXT | B42: 004557 | C42: 003602 | D42: 44942 | E42: 18:23 | F42: 299.17 | J42: 59.83 | O42: 359 | Q42: 359
A43: EJ310123.TXT | B43: 004558 | C43: 003603 | D43: 44942 | E43: 18:25 | F43: 299.17 | J43: 59.83 | O43: 359 | P43: 359
A44: EJ310123.TXT | B44: 004559 | C44: 003604 | D44: 44943 | E44: 12:25 | F44: 581.67 | J44: 116.33 | O44: 698 | Q44: 698
A45: EJ310123.TXT | B45: 004560 | C45: 003605 | D45: 44943 | E45: 12:25 | F45: 581.67 | J45: 116.33 | O45: 698 | Q45: 698
A46: EJ310123.TXT | B46: 004561 | C46: 003606 | D46: 44943 | E46: 12:25 | F46: 581.67 | J46: 116.33 | O46: 698 | Q46: 698
A47: EJ310123.TXT | B47: 004562 | C47: 003607 | D47: 44943 | E47: 15:31 | F47: 37.5 | J47: 7.5 | O47: 45 | Q47: 45
A48: EJ310123.TXT | B48: 004563 | C48: 003608 | D48: 44944 | E48: 11:13 | F48: 166.67 | J48: 33.33 | O48: 200 | Q48: 200
A49: EJ310123.TXT | B49: 004564 | C49: 003609 | D49: 44944 | E49: 12:09 | F49: 581.67 | J49: 116.33 | O49: 698 | Q49: 698
A50: EJ310123.TXT | B50: 004565 | C50: 003610 | D50: 44944 | E50: 12:10 | F50: 299.17 | J50: 59.83 | O50: 359 | Q50: 359
A51: EJ310123.TXT | B51: 004566 | C51: 003611 | D51: 44944 | E51: 15:26 | F51: 598.33 | J51: 119.67 | O51: 718 | Q51: 718
A52: EJ310123.TXT | B52: 004567 | C52: 003612 | D52: 44944 | E52: 15:26 | F52: 598.33 | J52: 119.67 | O52: 718 | Q52: 718
A53: EJ310123.TXT | B53: 004568 | C53: 003613 | D53: 44944 | E53: 15:27 | F53: 290.83 | J53: 58.17 | O53: 349 | Q53: 349
A54: EJ310123.TXT | B54: 004569 | C54: 003614 | D54: 44944 | E54: 17:26 | F54: 115.83 | J54: 23.17 | O54: 139 | P54: 139
A55: EJ310123.TXT | B55: 004570 | C55: 003615 | D55: 44944 | E55: 18:12 | F55: 598.33 | J55: 119.67 | O55: 718 | Q55: 718
A56: EJ310123.TXT | B56: 004571 | C56: 003616 | D56: 44944 | E56: 18:16 | F56: 598.33 | J56: 119.67 | O56: 718 | P56: 718
A57: EJ310123.TXT | B57: 004572 | C57: 003617 | D57: 44944 | E57: 18:18 | F57: 175 | J57: 35 | O57: 210 | Q57: 210
A58: EJ310123.TXT | B58: 004573 | C58: 003618 | D58: 44944 | E58: 18:22 | F58: 75 | J58: 15 | O58: 90 | Q58: 90
A59: EJ310123.TXT | B59: 004574 | C59: 003619 | D59: 44945 | E59: 15:50 | F59: 299.17 | J59: 59.83 | O59: 359 | Q59: 359
A60: EJ310123.TXT | B60: 004575 | C60: 003620 | D60: 44945 | E60: 16:56 | F60: 299.17 | J60: 59.83 | O60: 359 | P60: 359
A61: EJ310123.TXT | B61: 004576 | C61: 003621 | D61: 44945 | E61: 18:15 | F61: 582.5 | J61: 116.5 | O61: 699 | Q61: 699
A62: EJ310123.TXT | B62: 004577 | C62: 003622 | D62: 44945 | E62: 18:15 | F62: 582.5 | J62: 116.5 | O62: 699 | Q62: 699
A63: EJ310123.TXT | B63: 004578 | C63: 003623 | D63: 44946 | E63: 11:51 | F63: 249.17 | J63: 49.83 | O63: 299 | Q63: 299
A64: EJ310123.TXT | B64: 004579 | C64: 003624 | D64: 44946 | E64: 12:17 | F64: 37.5 | J64: 7.5 | O64: 45 | P64: 45
A65: EJ310123.TXT | B65: 004580 | C65: 003625 | D65: 44946 | E65: 12:32 | F65: 725 | J65: 145 | O65: 870 | Q65: 870
A66: EJ310123.TXT | B66: 004581 | C66: 003626 | D66: 44946 | E66: 13:04 | F66: 249.17 | J66: 49.83 | O66: 299 | P66: 299
A67: EJ310123.TXT | B67: 004582 | C67: 003627 | D67: 44946 | E67: 14:32 | F67: 166.67 | J67: 33.33 | O67: 200 | Q67: 200
A68: EJ310123.TXT | B68: 004583 | C68: 003628 | D68: 44946 | E68: 14:50 | F68: 319.17 | J68: 63.83 | O68: 383 | P68: 383
A69: EJ310123.TXT | B69: 004584 | C69: 003629 | D69: 44946 | E69: 15:10 | F69: 175 | J69: 35 | O69: 210 | P69: 210
A70: EJ310123.TXT | B70: 004585 | C70: 003630 | D70: 44946 | E70: 15:46 | F70: 249.17 | J70: 49.83 | O70: 299 | P70: 299
A71: EJ310123.TXT | B71: 004586 | C71: 003631 | D71: 44946 | E71: 18:22 | F71: 483.33 | J71: 96.67 | O71: 580 | Q71: 580
A72: EJ310123.TXT | B72: 004587 | C72: 003632 | D72: 44947 | E72: 15:25 | F72: 2100 | J72: 420 | O72: 2520 | P72: 2520
A73: EJ310123.TXT | B73: 004588 | C73: 003633 | D73: 44947 | E73: 15:37 | F73: 494.17 | J73: 98.83 | O73: 593 | Q73: 593
A74: EJ310123.TXT | B74: 004589 | C74: 003634 | D74: 44947 | E74: 15:40 | F74: 747.5 | J74: 149.5 | O74: 897 | Q74: 897
A75: EJ310123.TXT | B75: 004590 | C75: 003635 | D75: 44947 | E75: 15:44 | F75: 747.5 | J75: 149.5 | O75: 897 | Q75: 897
A76: EJ310123.TXT | B76: 004591 | C76: 003636 | D76: 44947 | E76: 15:46 | F76: 498.33 | J76: 99.67 | O76: 598 | Q76: 598
A77: EJ310123.TXT | B77: 004592 | C77: 003637 | D77: 44947 | E77: 15:47 | F77: 725 | J77: 145 | O77: 870 | Q77: 870
A78: EJ310123.TXT | B78: 004593 | C78: 003638 | D78: 44947 | E78: 15:48 | F78: 702.5 | J78: 140.5 | O78: 843 | Q78: 843
A79: EJ310123.TXT | B79: 004594 | C79: 003639 | D79: 44947 | E79: 15:49 | F79: 226.67 | J79: 45.33 | O79: 272 | Q79: 272
A80: EJ310123.TXT | B80: 004595 | C80: 003640 | D80: 44947 | E80: 16:04 | F80: 582.5 | J80: 116.5 | O80: 699 | Q80: 699
A81: EJ310123.TXT | B81: 004596 | C81: 003641 | D81: 44947 | E81: 16:52 | F81: 175 | J81: 35 | O81: 210 | P81: 210
A82: EJ310123.TXT | B82: 004597 | C82: 003642 | D82: 44947 | E82: 18:18 | F82: 249.17 | J82: 49.83 | O82: 299 | Q82: 299
A83: EJ310123.TXT | B83: 004598 | C83: 003643 | D83: 44947 | E83: 18:40 | F83: 1245.83 | J83: 249.17 | O83: 1495 | P83: 1495
A84: EJ310123.TXT | B84: 004599 | C84: 003644 | D84: 44949 | E84: 14:44 | F84: 747.5 | J84: 149.5 | O84: 897 | Q84: 897
A85: EJ310123.TXT | B85: 004600 | C85: 003645 | D85: 44949 | E85: 14:45 | F85: 747.5 | J85: 149.5 | O85: 897 | Q85: 897
A86: EJ310123.TXT | B86: 004601 | C86: 003646 | D86: 44949 | E86: 15:36 | F86: 156.67 | J86: 31.33 | O86: 188 | Q86: 188
A87: EJ310123.TXT | B87: 004602 | C87: 003647 | D87: 44949 | E87: 15:36 | F87: 725 | J87: 145 | O87: 870 | Q87: 870
A88: EJ310123.TXT | B88: 004603 | C88: 003648 | D88: 44949 | E88: 15:36 | F88: 241.67 | J88: 48.33 | O88: 290 | Q88: 290
A89: EJ310123.TXT | B89: 004604 | C89: 003649 | D89: 44949 | E89: 15:36 | F89: 483.33 | J89: 96.67 | O89: 580 | Q89: 580
A90: EJ310123.TXT | B90: 004605 | C90: 003650 | D90: 44949 | E90: 17:28 | F90: 115.83 | J90: 23.17 | O90: 139 | Q90: 139
A91: EJ310123.TXT | B91: 004606 | C91: 003651 | D91: 44949 | E91: 17:50 | F91: 249.17 | J91: 49.83 | O91: 299 | Q91: 299
A92: EJ310123.TXT | B92: 004607 | C92: 003652 | D92: 44950 | E92: 12:25 | F92: 747.5 | J92: 149.5 | O92: 897 | Q92: 897
A93: EJ310123.TXT | B93: 004608 | C93: 003653 | D93: 44950 | E93: 12:27 | F93: 747.5 | J93: 149.5 | O93: 897 | Q93: 897
A94: EJ310123.TXT | B94: 004609 | C94: 003654 | D94: 44950 | E94: 12:27 | F94: 747.5 | J94: 149.5 | O94: 897 | Q94: 897
A95: EJ310123.TXT | B95: 004610 | C95: 003655 | D95: 44950 | E95: 12:27 | F95: 747.5 | J95: 149.5 | O95: 897 | Q95: 897
... A99: EJ310123.TXT | B99: 004614 | C99: 003659 | D99: 44950 | E99: 15:52 | F99: 498.33 | J99: 99.67 | O99: 598 | Q99: 598
A100: EJ310123.TXT | B100: 004615 | C100: 003660 | D100: 44950 | E100: 15:57 | F100: 498.33 | J100: 99.67 | O100: 598 | P100: 598
A101: EJ310123.TXT | B101: 004616 | C101: 003661 | D101: 44950 | E101: 18:33 | F101: 208.33 | J101: 41.67 | O101: 250 | Q101: 250
A102: EJ310123.TXT | B102: 004617 | C102: 003662 | D102: 44952 | E102: 12:16 | F102: 725 | J102: 145 | O102: 870 | Q102: 870
A103: EJ310123.TXT | B103: 004618 | C103: 003663 | D103: 44952 | E103: 12:16 | F103: 241.67 | J103: 48.33 | O103: 290 | Q103: 290
A104: EJ310123.TXT | B104: 004619 | C104: 003664 | D104: 44952 | E104: 12:16 | F104: 483.33 | J104: 96.67 | O104: 580 | Q104: 580
A105: EJ310123.TXT | B105: 004620 | C105: 003665 | D105: 44952 | E105: 12:23 | F105: 498.33 | J105: 99.67 | O105: 598 | Q105: 598
A106: EJ310123.TXT | B106: 004621 | C106: 003666 | D106: 44952 | E106: 12:28 | F106: 498.33 | J106: 99.67 | O106: 598 | Q106: 598
A107: EJ310123.TXT | B107: 004622 | C107: 003667 | D107: 44952 | E107: 14:55 | F107: 963.33 | J107: 192.67 | O107: 1156 | P107: 1156
A108: EJ310123.TXT | B108: 004623 | C108: 003668 | D108: 44953 | E108: 11:14 | F108: 747.5 | J108: 149.5 | O108: 897 | Q108: 897
A109: EJ310123.TXT | B109: 004624 | C109: 003669 | D109: 44953 | E109: 16:22 | F109: 249.17 | J109: 49.83 | O109: 299 | Q109: 299
A110: EJ310123.TXT | B110: 004625 | C110: 003670 | D110: 44953 | E110: 16:58 | F110: 498.33 | J110: 99.67 | O110: 598 | P110: 598
A111: EJ310123.TXT | B111: 004626 | C111: 003671 | D111: 44953 | E111: 17:40 | F111: 331.67 | J111: 66.33 | O111: 398 | P111: 398
A112: EJ310123.TXT | B112: 004627 | C112: 003672 | D112: 44953 | E112: 18:11 | F112: 350 | J112: 70 | O112: 420 | Q112: 420
A113: EJ310123.TXT | B113: 004628 | C113: 003673 | D113: 44953 | E113: 18:36 | F113: 144.17 | J113: 28.83 | O113: 173 | Q113: 173
...

Sheet Entetes_TriNumInterne
A1: nomfichier | B1: E_NUM_INTERNE | C1: E_NUM_TICKET | D1: E_DATE_TICKET | E1: E_HEURE_TICKET | F1: E_HT1 | G1: E_HT2 | H1: E_HT3 | I1: E_HT4 | J1: E_TVA1 | K1: E_TVA2 | L1: E_TVA3 | M1: E_TVA4 | N1: E_HT_NON_TAXABLE | O1: E_TTC | P1: E_MDP_CB | Q1: E_MDP_ESPECES | R1: E_MDP_CHEQUES
A2: EJ310123.TXT | B2: 004517 | C2: 003562 | D2: 44928 | E2: 11:25 | F2: 249.17 | J2: 49.83 | O2: 299 | P2: 299
A3: EJ310123.TXT | B3: 004518 | C3: 003563 | D3: 44928 | E3: 12:34 | F3: 208.33 | J3: 41.67 | O3: 250 | Q3: 250
A4: EJ310123.TXT | B4: 004519 | C4: 003564 | D4: 44928 | E4: 16:36 | F4: 483.33 | J4: 96.67 | O4: 580 | Q4: 580
A5: EJ310123.TXT | B5: 004520 | C5: 003565 | D5: 44929 | E5: 15:02 | F5: 720.83 | J5: 144.17 | O5: 865 | Q5: 865
A6: EJ310123.TXT | B6: 004521 | C6: 003566 | D6: 44929 | E6: 15:03 | F6: 144.17 | J6: 28.83 | O6: 173 | Q6: 173
A7: EJ310123.TXT | B7: 004522 | C7: 003567 | D7: 44929 | E7: 15:19 | F7: 823.33 | J7: 164.67 | O7: 988 | Q7: 988
A8: EJ310123.TXT | B8: 004523 | C8: 003568 | D8: 44929 | E8: 15:19 | F8: 823.33 | J8: 164.67 | O8: 988 | Q8: 988
A9: EJ310123.TXT | B9: 004524 | C9: 003569 | D9: 44929 | E9: 15:45 | F9: 1450 | J9: 290 | O9: 1740 | P9: 1740
A10: EJ310123.TXT | B10: 004525 | C10: 003570 | D10: 44929 | E10: 16:16 | F10: 498.33 | J10: 99.67 | O10: 598 | P10: 598
A11: EJ310123.TXT | B11: 004526 | C11: 003571 | D11: 44930 | E11: 10:54 | F11: 725 | J11: 145 | O11: 870 | Q11: 870
A12: EJ310123.TXT | B12: 004527 | C12: 003572 | D12: 44932 | E12: 11:36 | F12: 37.5 | J12: 7.5 | O12: 45 | Q12: 45
A13: EJ310123.TXT | B13: 004528 | C13: 003573 | D13: 44932 | E13: 13:56 | F13: 498.33 | J13: 99.67 | O13: 598 | Q13: 598
A14: EJ310123.TXT | B14: 004529 | C14: 003574 | D14: 44932 | E14: 17:29 | F14: 5035 | J14: 1007 | O14: 6042 | R14: 6042
A15: EJ310123.TXT | B15: 004530 | C15: 003575 | D15: 44933 | E15: 15:33 | F15: 581.67 | J15: 116.33 | O15: 698 | P15: 698
A16: EJ310123.TXT | B16: 004531 | C16: 003576 | D16: 44933 | E16: 16:22 | F16: 540 | J16: 108 | O16: 648 | P16: 648
A17: EJ310123.TXT | B17: 004532 | C17: 003577 | D17: 44935 | E17: 15:13 | F17: 648.33 | J17: 129.67 | O17: 778 | Q17: 778
A18: EJ310123.TXT | B18: 004533 | C18: 003578 | D18: 44935 | E18: 15:42 | F18: 288.33 | J18: 57.67 | O18: 346 | Q18: 346
A19: EJ310123.TXT | B19: 004534 | C19: 003579 | D19: 44936 | E19: 15:49 | F19: 483.33 | J19: 96.67 | O19: 580 | Q19: 580
A20: EJ310123.TXT | B20: 004535 | C20: 003580 | D20: 44936 | E20: 15:49 | F20: 483.33 | J20: 96.67 | O20: 580 | Q20: 580
A21: EJ310123.TXT | B21: 004536 | C21: 003581 | D21: 44938 | E21: 15:51 | F21: 522.5 | J21: 104.5 | O21: 627 | Q21: 627
A22: EJ310123.TXT | B22: 004537 | C22: 003582 | D22: 44938 | E22: 18:15 | F22: 747.5 | J22: 149.5 | O22: 897 | Q22: 897
A23: EJ310123.TXT | B23: 004538 | C23: 003583 | D23: 44938 | E23: 18:15 | F23: 249.17 | J23: 49.83 | O23: 299 | Q23: 299
A24: EJ310123.TXT | B24: 004539 | C24: 003584 | D24: 44938 | E24: 18:52 | F24: 725 | J24: 145 | O24: 870 | Q24: 870
A25: EJ310123.TXT | B25: 004540 | C25: 003585 | D25: 44939 | E25: 10:29 | F25: 582.5 | J25: 116.5 | O25: 699 | Q25: 699
A26: EJ310123.TXT | B26: 004541 | C26: 003586 | D26: 44939 | E26: 10:29 | F26: 582.5 | J26: 116.5 | O26: 699 | Q26: 699
A27: EJ310123.TXT | B27: 004542 | C27: 003587 | D27: 44939 | E27: 14:36 | F27: 747.5 | J27: 149.5 | O27: 897 | Q27: 897
A28: EJ310123.TXT | B28: 004543 | C28: 003588 | D28: 44939 | E28: 15:42 | F28: 181.67 | J28: 36.33 | O28: 218 | Q28: 218
... A39: EJ310123.TXT | B39: 004554 | C39: 003599 | D39: 44942 | E39: 11:45 | F39: 581.67 | J39: 116.33 | O39: 698 | Q39: 698
A40: EJ310123.TXT | B40: 004555 | C40: 003600 | D40: 44942 | E40: 12:07 | F40: 350 | J40: 70 | O40: 420 | P40: 420
A41: EJ310123.TXT | B41: 004556 | C41: 003601 | D41: 44942 | E41: 16:10 | F41: 288.33 | J41: 57.67 | O41: 346 | Q41: 346
A42: EJ310123.TXT | B42: 004557 | C42: 003602 | D42: 44942 | E42: 18:23 | F42: 299.17 | J42: 59.83 | O42: 359 | Q42: 359
A43: EJ310123.TXT | B43: 004558 | C43: 003603 | D43: 44942 | E43: 18:25 | F43: 299.17 | J43: 59.83 | O43: 359 | P43: 359
A44: EJ310123.TXT | B44: 004559 | C44: 003604 | D44: 44943 | E44: 12:25 | F44: 581.67 | J44: 116.33 | O44: 698 | Q44: 698
A45: EJ310123.TXT | B45: 004560 | C45: 003605 | D45: 44943 | E45: 12:25 | F45: 581.67 | J45: 116.33 | O45: 698 | Q45: 698
A46: EJ310123.TXT | B46: 004561 | C46: 003606 | D46: 44943 | E46: 12:25 | F46: 581.67 | J46: 116.33 | O46: 698 | Q46: 698
A47: EJ310123.TXT | B47: 004562 | C47: 003607 | D47: 44943 | E47: 15:31 | F47: 37.5 | J47: 7.5 | O47: 45 | Q47: 45
A48: EJ310123.TXT | B48: 004563 | C48: 003608 | D48: 44944 | E48: 11:13 | F48: 166.67 | J48: 33.33 | O48: 200 | Q48: 200
A49: EJ310123.TXT | B49: 004564 | C49: 003609 | D49: 44944 | E49: 12:09 | F49: 581.67 | J49: 116.33 | O49: 698 | Q49: 698
A50: EJ310123.TXT | B50: 004565 | C50: 003610 | D50: 44944 | E50: 12:10 | F50: 299.17 | J50: 59.83 | O50: 359 | Q50: 359
A51: EJ310123.TXT | B51: 004566 | C51: 003611 | D51: 44944 | E51: 15:26 | F51: 598.33 | J51: 119.67 | O51: 718 | Q51: 718
A52: EJ310123.TXT | B52: 004567 | C52: 003612 | D52: 44944 | E52: 15:26 | F52: 598.33 | J52: 119.67 | O52: 718 | Q52: 718
A53: EJ310123.TXT | B53: 004568 | C53: 003613 | D53: 44944 | E53: 15:27 | F53: 290.83 | J53: 58.17 | O53: 349 | Q53: 349
A54: EJ310123.TXT | B54: 004569 | C54: 003614 | D54: 44944 | E54: 17:26 | F54: 115.83 | J54: 23.17 | O54: 139 | P54: 139
A55: EJ310123.TXT | B55: 004570 | C55: 003615 | D55: 44944 | E55: 18:12 | F55: 598.33 | J55: 119.67 | O55: 718 | Q55: 718
A56: EJ310123.TXT | B56: 004571 | C56: 003616 | D56: 44944 | E56: 18:16 | F56: 598.33 | J56: 119.67 | O56: 718 | P56: 718
A57: EJ310123.TXT | B57: 004572 | C57: 003617 | D57: 44944 | E57: 18:18 | F57: 175 | J57: 35 | O57: 210 | Q57: 210
A58: EJ310123.TXT | B58: 004573 | C58: 003618 | D58: 44944 | E58: 18:22 | F58: 75 | J58: 15 | O58: 90 | Q58: 90
A59: EJ310123.TXT | B59: 004574 | C59: 003619 | D59: 44945 | E59: 15:50 | F59: 299.17 | J59: 59.83 | O59: 359 | Q59: 359
A60: EJ310123.TXT | B60: 004575 | C60: 003620 | D60: 44945 | E60: 16:56 | F60: 299.17 | J60: 59.83 | O60: 359 | P60: 359
A61: EJ310123.TXT | B61: 004576 | C61: 003621 | D61: 44945 | E61: 18:15 | F61: 582.5 | J61: 116.5 | O61: 699 | Q61: 699
A62: EJ310123.TXT | B62: 004577 | C62: 003622 | D62: 44945 | E62: 18:15 | F62: 582.5 | J62: 116.5 | O62: 699 | Q62: 699
A63: EJ310123.TXT | B63: 004578 | C63: 003623 | D63: 44946 | E63: 11:51 | F63: 249.17 | J63: 49.83 | O63: 299 | Q63: 299
A64: EJ310123.TXT | B64: 004579 | C64: 003624 | D64: 44946 | E64: 12:17 | F64: 37.5 | J64: 7.5 | O64: 45 | P64: 45
A65: EJ310123.TXT | B65: 004580 | C65: 003625 | D65: 44946 | E65: 12:32 | F65: 725 | J65: 145 | O65: 870 | Q65: 870
A66: EJ310123.TXT | B66: 004581 | C66: 003626 | D66: 44946 | E66: 13:04 | F66: 249.17 | J66: 49.83 | O66: 299 | P66: 299
A67: EJ310123.TXT | B67: 004582 | C67: 003627 | D67: 44946 | E67: 14:32 | F67: 166.67 | J67: 33.33 | O67: 200 | Q67: 200
A68: EJ310123.TXT | B68: 004583 | C68: 003628 | D68: 44946 | E68: 14:50 | F68: 319.17 | J68: 63.83 | O68: 383 | P68: 383
A69: EJ310123.TXT | B69: 004584 | C69: 003629 | D69: 44946 | E69: 15:10 | F69: 175 | J69: 35 | O69: 210 | P69: 210
A70: EJ310123.TXT | B70: 004585 | C70: 003630 | D70: 44946 | E70: 15:46 | F70: 249.17 | J70: 49.83 | O70: 299 | P70: 299
A71: EJ310123.TXT | B71: 004586 | C71: 003631 | D71: 44946 | E71: 18:22 | F71: 483.33 | J71: 96.67 | O71: 580 | Q71: 580
A72: EJ310123.TXT | B72: 004587 | C72: 003632 | D72: 44947 | E72: 15:25 | F72: 2100 | J72: 420 | O72: 2520 | P72: 2520
A73: EJ310123.TXT | B73: 004588 | C73: 003633 | D73: 44947 | E73: 15:37 | F73: 494.17 | J73: 98.83 | O73: 593 | Q73: 593
A74: EJ310123.TXT | B74: 004589 | C74: 003634 | D74: 44947 | E74: 15:40 | F74: 747.5 | J74: 149.5 | O74: 897 | Q74: 897
A75: EJ310123.TXT | B75: 004590 | C75: 003635 | D75: 44947 | E75: 15:44 | F75: 747.5 | J75: 149.5 | O75: 897 | Q75: 897
A76: EJ310123.TXT | B76: 004591 | C76: 003636 | D76: 44947 | E76: 15:46 | F76: 498.33 | J76: 99.67 | O76: 598 | Q76: 598
A77: EJ310123.TXT | B77: 004592 | C77: 003637 | D77: 44947 | E77: 15:47 | F77: 725 | J77: 145 | O77: 870 | Q77: 870
A78: EJ310123.TXT | B78: 004593 | C78: 003638 | D78: 44947 | E78: 15:48 | F78: 702.5 | J78: 140.5 | O78: 843 | Q78: 843
A79: EJ310123.TXT | B79: 004594 | C79: 003639 | D79: 44947 | E79: 15:49 | F79: 226.67 | J79: 45.33 | O79: 272 | Q79: 272
A80: EJ310123.TXT | B80: 004595 | C80: 003640 | D80: 44947 | E80: 16:04 | F80: 582.5 | J80: 116.5 | O80: 699 | Q80: 699
A81: EJ310123.TXT | B81: 004596 | C81: 003641 | D81: 44947 | E81: 16:52 | F81: 175 | J81: 35 | O81: 210 | P81: 210
A82: EJ310123.TXT | B82: 004597 | C82: 003642 | D82: 44947 | E82: 18:18 | F82: 249.17 | J82: 49.83 | O82: 299 | Q82: 299
A83: EJ310123.TXT | B83: 004598 | C83: 003643 | D83: 44947 | E83: 18:40 | F83: 1245.83 | J83: 249.17 | O83: 1495 | P83: 1495
A84: EJ310123.TXT | B84: 004599 | C84: 003644 | D84: 44949 | E84: 14:44 | F84: 747.5 | J84: 149.5 | O84: 897 | Q84: 897
A85: EJ310123.TXT | B85: 004600 | C85: 003645 | D85: 44949 | E85: 14:45 | F85: 747.5 | J85: 149.5 | O85: 897 | Q85: 897
A86: EJ310123.TXT | B86: 004601 | C86: 003646 | D86: 44949 | E86: 15:36 | F86: 156.67 | J86: 31.33 | O86: 188 | Q86: 188
A87: EJ310123.TXT | B87: 004602 | C87: 003647 | D87: 44949 | E87: 15:36 | F87: 725 | J87: 145 | O87: 870 | Q87: 870
A88: EJ310123.TXT | B88: 004603 | C88: 003648 | D88: 44949 | E88: 15:36 | F88: 241.67 | J88: 48.33 | O88: 290 | Q88: 290
A89: EJ310123.TXT | B89: 004604 | C89: 003649 | D89: 44949 | E89: 15:36 | F89: 483.33 | J89: 96.67 | O89: 580 | Q89: 580
A90: EJ310123.TXT | B90: 004605 | C90: 003650 | D90: 44949 | E90: 17:28 | F90: 115.83 | J90: 23.17 | O90: 139 | Q90: 139
A91: EJ310123.TXT | B91: 004606 | C91: 003651 | D91: 44949 | E91: 17:50 | F91: 249.17 | J91: 49.83 | O91: 299 | Q91: 299
A92: EJ310123.TXT | B92: 004607 | C92: 003652 | D92: 44950 | E92: 12:25 | F92: 747.5 | J92: 149.5 | O92: 897 | Q92: 897
A93: EJ310123.TXT | B93: 004608 | C93: 003653 | D93: 44950 | E93: 12:27 | F93: 747.5 | J93: 149.5 | O93: 897 | Q93: 897
A94: EJ310123.TXT | B94: 004609 | C94: 003654 | D94: 44950 | E94: 12:27 | F94: 747.5 | J94: 149.5 | O94: 897 | Q94: 897
A95: EJ310123.TXT | B95: 004610 | C95: 003655 | D95: 44950 | E95: 12:27 | F95: 747.5 | J95: 149.5 | O95: 897 | Q95: 897
... A99: EJ310123.TXT | B99: 004614 | C99: 003659 | D99: 44950 | E99: 15:52 | F99: 498.33 | J99: 99.67 | O99: 598 | Q99: 598
A100: EJ310123.TXT | B100: 004615 | C100: 003660 | D100: 44950 | E100: 15:57 | F100: 498.33 | J100: 99.67 | O100: 598 | P100: 598
A101: EJ310123.TXT | B101: 004616 | C101: 003661 | D101: 44950 | E101: 18:33 | F101: 208.33 | J101: 41.67 | O101: 250 | Q101: 250
A102: EJ310123.TXT | B102: 004617 | C102: 003662 | D102: 44952 | E102: 12:16 | F102: 725 | J102: 145 | O102: 870 | Q102: 870
A103: EJ310123.TXT | B103: 004618 | C103: 003663 | D103: 44952 | E103: 12:16 | F103: 241.67 | J103: 48.33 | O103: 290 | Q103: 290
A104: EJ310123.TXT | B104: 004619 | C104: 003664 | D104: 44952 | E104: 12:16 | F104: 483.33 | J104: 96.67 | O104: 580 | Q104: 580
A105: EJ310123.TXT | B105: 004620 | C105: 003665 | D105: 44952 | E105: 12:23 | F105: 498.33 | J105: 99.67 | O105: 598 | Q105: 598
A106: EJ310123.TXT | B106: 004621 | C106: 003666 | D106: 44952 | E106: 12:28 | F106: 498.33 | J106: 99.67 | O106: 598 | Q106: 598
A107: EJ310123.TXT | B107: 004622 | C107: 003667 | D107: 44952 | E107: 14:55 | F107: 963.33 | J107: 192.67 | O107: 1156 | P107: 1156
A108: EJ310123.TXT | B108: 004623 | C108: 003668 | D108: 44953 | E108: 11:14 | F108: 747.5 | J108: 149.5 | O108: 897 | Q108: 897
A109: EJ310123.TXT | B109: 004624 | C109: 003669 | D109: 44953 | E109: 16:22 | F109: 249.17 | J109: 49.83 | O109: 299 | Q109: 299
A110: EJ310123.TXT | B110: 004625 | C110: 003670 | D110: 44953 | E110: 16:58 | F110: 498.33 | J110: 99.67 | O110: 598 | P110: 598
A111: EJ310123.TXT | B111: 004626 | C111: 003671 | D111: 44953 | E111: 17:40 | F111: 331.67 | J111: 66.33 | O111: 398 | P111: 398
A112: EJ310123.TXT | B112: 004627 | C112: 003672 | D112: 44953 | E112: 18:11 | F112: 350 | J112: 70 | O112: 420 | Q112: 420
A113: EJ310123.TXT | B113: 004628 | C113: 003673 | D113: 44953 | E113: 18:36 | F113: 144.17 | J113: 28.83 | O113: 173 | Q113: 173
...

Sheet Entetes_CtrlCoherence
A1: nomfichier | B1: E_NUM_INTERNE | C1: E_NUM_TICKET | D1: E_DATE_TICKET | E1: E_HEURE_TICKET | F1: E_HT1 | G1: E_HT2 | H1: E_HT3 | I1: E_HT4 | J1: E_TVA1 | K1: E_TVA2 | L1: E_TVA3 | M1: E_TVA4 | N1: E_HT_NON_TAXABLE | O1: E_TTC | P1: E_MDP_CB | Q1: E_MDP_ESPECES | R1: E_MDP_CHEQUES | S1: AJ_TVA1_CALCULE | T1: AJ_ECART_TVA1 | U1: AJ_TTC_CALCULE | V1: AJ_ECART_TTC | W1: AJ_SOLDE_DU | X1: AJ_SOLDE_TOUS_MDP
A2: EJ310123.TXT | B2: 004517 | C2: 003562 | D2: 44928 | E2: 11:25 | F2: 249.17 | J2: 49.83 | O2: 299 | P2: 299 | S2: =F2*20% | T2: =J2-S2 | U2: =F2+J2 | V2: =O2-U2 | W2: =O2-(P2+R2) | X2: =O2-(P2+Q2+R2)
A3: EJ310123.TXT | B3: 004518 | C3: 003563 | D3: 44928 | E3: 12:34 | F3: 208.33 | J3: 41.67 | O3: 250 | Q3: 250 | S3: =F3*20% | T3: =J3-S3 | U3: =F3+J3 | V3: =O3-U3 | W3: =O3-(P3+R3) | X3: =O3-(P3+Q3+R3)
A4: EJ310123.TXT | B4: 004519 | C4: 003564 | D4: 44928 | E4: 16:36 | F4: 483.33 | J4: 96.67 | O4: 580 | Q4: 580 | S4: =F4*20% | T4: =J4-S4 | U4: =F4+J4 | V4: =O4-U4 | W4: =O4-(P4+R4) | X4: =O4-(P4+Q4+R4)
A5: EJ310123.TXT | B5: 004520 | C5: 003565 | D5: 44929 | E5: 15:02 | F5: 720.83 | J5: 144.17 | O5: 865 | Q5: 865 | S5: =F5*20% | T5: =J5-S5 | U5: =F5+J5 | V5: =O5-U5 | W5: =O5-(P5+R5) | X5: =O5-(P5+Q5+R5)
A6: EJ310123.TXT | B6: 004521 | C6: 003566 | D6: 44929 | E6: 15:03 | F6: 144.17 | J6: 28.83 | O6: 173 | Q6: 173 | S6: =F6*20% | T6: =J6-S6 | U6: =F6+J6 | V6: =O6-U6 | W6: =O6-(P6+R6) | X6: =O6-(P6+Q6+R6)
A7: EJ310123.TXT | B7: 004522 | C7: 003567 | D7: 44929 | E7: 15:19 | F7: 823.33 | J7: 164.67 | O7: 988 | Q7: 988 | S7: =F7*20% | T7: =J7-S7 | U7: =F7+J7 | V7: =O7-U7 | W7: =O7-(P7+R7) | X7: =O7-(P7+Q7+R7)
A8: EJ310123.TXT | B8: 004523 | C8: 003568 | D8: 44929 | E8: 15:19 | F8: 823.33 | J8: 164.67 | O8: 988 | Q8: 988 | S8: =F8*20% | T8: =J8-S8 | U8: =F8+J8 | V8: =O8-U8 | W8: =O8-(P8+R8) | X8: =O8-(P8+Q8+R8)
A9: EJ310123.TXT | B9: 004524 | C9: 003569 | D9: 44929 | E9: 15:45 | F9: 1450 | J9: 290 | O9: 1740 | P9: 1740 | S9: =F9*20% | T9: =J9-S9 | U9: =F9+J9 | V9: =O9-U9 | W9: =O9-(P9+R9) | X9: =O9-(P9+Q9+R9)
A10: EJ310123.TXT | B10: 004525 | C10: 003570 | D10: 44929 | E10: 16:16 | F10: 498.33 | J10: 99.67 | O10: 598 | P10: 598 | S10: =F10*20% | T10: =J10-S10 | U10: =F10+J10 | V10: =O10-U10 | W10: =O10-(P10+R10) | X10: =O10-(P10+Q10+R10)
A11: EJ310123.TXT | B11: 004526 | C11: 003571 | D11: 44930 | E11: 10:54 | F11: 725 | J11: 145 | O11: 870 | Q11: 870 | S11: =F11*20% | T11: =J11-S11 | U11: =F11+J11 | V11: =O11-U11 | W11: =O11-(P11+R11) | X11: =O11-(P11+Q11+R11)
A12: EJ310123.TXT | B12: 004527 | C12: 003572 | D12: 44932 | E12: 11:36 | F12: 37.5 | J12: 7.5 | O12: 45 | Q12: 45 | S12: =F12*20% | T12: =J12-S12 | U12: =F12+J12 | V12: =O12-U12 | W12: =O12-(P12+R12) | X12: =O12-(P12+Q12+R12)
A13: EJ310123.TXT | B13: 004528 | C13: 003573 | D13: 44932 | E13: 13:56 | F13: 498.33 | J13: 99.67 | O13: 598 | Q13: 598 | S13: =F13*20% | T13: =J13-S13 | U13: =F13+J13 | V13: =O13-U13 | W13: =O13-(P13+R13) | X13: =O13-(P13+Q13+R13)
A14: EJ310123.TXT | B14: 004529 | C14: 003574 | D14: 44932 | E14: 17:29 | F14: 5035 | J14: 1007 | O14: 6042 | R14: 6042 | S14: =F14*20% | T14: =J14-S14 | U14: =F14+J14 | V14: =O14-U14 | W14: =O14-(P14+R14) | X14: =O14-(P14+Q14+R14)
A15: EJ310123.TXT | B15: 004530 | C15: 003575 | D15: 44933 | E15: 15:33 | F15: 581.67 | J15: 116.33 | O15: 698 | P15: 698 | S15: =F15*20% | T15: =J15-S15 | U15: =F15+J15 | V15: =O15-U15 | W15: =O15-(P15+R15) | X15: =O15-(P15+Q15+R15)
A16: EJ310123.TXT | B16: 004531 | C16: 003576 | D16: 44933 | E16: 16:22 | F16: 540 | J16: 108 | O16: 648 | P16: 648 | S16: =F16*20% | T16: =J16-S16 | U16: =F16+J16 | V16: =O16-U16 | W16: =O16-(P16+R16) | X16: =O16-(P16+Q16+R16)
A17: EJ310123.TXT | B17: 004532 | C17: 003577 | D17: 44935 | E17: 15:13 | F17: 648.33 | J17: 129.67 | O17: 778 | Q17: 778 | S17: =F17*20% | T17: =J17-S17 | U17: =F17+J17 | V17: =O17-U17 | W17: =O17-(P17+R17) | X17: =O17-(P17+Q17+R17)
A18: EJ310123.TXT | B18: 004533 | C18: 003578 | D18: 44935 | E18: 15:42 | F18: 288.33 | J18: 57.67 | O18: 346 | Q18: 346 | S18: =F18*20% | T18: =J18-S18 | U18: =F18+J18 | V18: =O18-U18 | W18: =O18-(P18+R18) | X18: =O18-(P18+Q18+R18)
A19: EJ310123.TXT | B19: 004534 | C19: 003579 | D19: 44936 | E19: 15:49 | F19: 483.33 | J19: 96.67 | O19: 580 | Q19: 580 | S19: =F19*20% | T19: =J19-S19 | U19: =F19+J19 | V19: =O19-U19 | W19: =O19-(P19+R19) | X19: =O19-(P19+Q19+R19)
A20: EJ310123.TXT | B20: 004535 | C20: 003580 | D20: 44936 | E20: 15:49 | F20: 483.33 | J20: 96.67 | O20: 580 | Q20: 580 | S20: =F20*20% | T20: =J20-S20 | U20: =F20+J20 | V20: =O20-U20 | W20: =O20-(P20+R20) | X20: =O20-(P20+Q20+R20)
A21: EJ310123.TXT | B21: 004536 | C21: 003581 | D21: 44938 | E21: 15:51 | F21: 522.5 | J21: 104.5 | O21: 627 | Q21: 627 | S21: =F21*20% | T21: =J21-S21 | U21: =F21+J21 | V21: =O21-U21 | W21: =O21-(P21+R21) | X21: =O21-(P21+Q21+R21)
A22: EJ310123.TXT | B22: 004537 | C22: 003582 | D22: 44938 | E22: 18:15 | F22: 747.5 | J22: 149.5 | O22: 897 | Q22: 897 | S22: =F22*20% | T22: =J22-S22 | U22: =F22+J22 | V22: =O22-U22 | W22: =O22-(P22+R22) | X22: =O22-(P22+Q22+R22)
A23: EJ310123.TXT | B23: 004538 | C23: 003583 | D23: 44938 | E23: 18:15 | F23: 249.17 | J23: 49.83 | O23: 299 | Q23: 299 | S23: =F23*20% | T23: =J23-S23 | U23: =F23+J23 | V23: =O23-U23 | W23: =O23-(P23+R23) | X23: =O23-(P23+Q23+R23)
A24: EJ310123.TXT | B24: 004539 | C24: 003584 | D24: 44938 | E24: 18:52 | F24: 725 | J24: 145 | O24: 870 | Q24: 870 | S24: =F24*20% | T24: =J24-S24 | U24: =F24+J24 | V24: =O24-U24 | W24: =O24-(P24+R24) | X24: =O24-(P24+Q24+R24)
A25: EJ310123.TXT | B25: 004540 | C25: 003585 | D25: 44939 | E25: 10:29 | F25: 582.5 | J25: 116.5 | O25: 699 | Q25: 699 | S25: =F25*20% | T25: =J25-S25 | U25: =F25+J25 | V25: =O25-U25 | W25: =O25-(P25+R25) | X25: =O25-(P25+Q25+R25)
A26: EJ310123.TXT | B26: 004541 | C26: 003586 | D26: 44939 | E26: 10:29 | F26: 582.5 | J26: 116.5 | O26: 699 | Q26: 699 | S26: =F26*20% | T26: =J26-S26 | U26: =F26+J26 | V26: =O26-U26 | W26: =O26-(P26+R26) | X26: =O26-(P26+Q26+R26)
A27: EJ310123.TXT | B27: 004542 | C27: 003587 | D27: 44939 | E27: 14:36 | F27: 747.5 | J27: 149.5 | O27: 897 | Q27: 897 | S27: =F27*20% | T27: =J27-S27 | U27: =F27+J27 | V27: =O27-U27 | W27: =O27-(P27+R27) | X27: =O27-(P27+Q27+R27)
A28: EJ310123.TXT | B28: 004543 | C28: 003588 | D28: 44939 | E28: 15:42 | F28: 181.67 | J28: 36.33 | O28: 218 | Q28: 218 | S28: =F28*20% | T28: =J28-S28 | U28: =F28+J28 | V28: =O28-U28 | W28: =O28-(P28+R28) | X28: =O28-(P28+Q28+R28)
... A39: EJ310123.TXT | B39: 004554 | C39: 003599 | D39: 44942 | E39: 11:45 | F39: 581.67 | J39: 116.33 | O39: 698 | Q39: 698 | S39: =F39*20% | T39: =J39-S39 | U39: =F39+J39 | V39: =O39-U39 | W39: =O39-(P39+R39) | X39: =O39-(P39+Q39+R39)
A40: EJ310123.TXT | B40: 004555 | C40: 003600 | D40: 44942 | E40: 12:07 | F40: 350 | J40: 70 | O40: 420 | P40: 420 | S40: =F40*20% | T40: =J40-S40 | U40: =F40+J40 | V40: =O40-U40 | W40: =O40-(P40+R40) | X40: =O40-(P40+Q40+R40)
A41: EJ310123.TXT | B41: 004556 | C41: 003601 | D41: 44942 | E41: 16:10 | F41: 288.33 | J41: 57.67 | O41: 346 | Q41: 346 | S41: =F41*20% | T41: =J41-S41 | U41: =F41+J41 | V41: =O41-U41 | W41: =O41-(P41+R41) | X41: =O41-(P41+Q41+R41)
A42: EJ310123.TXT | B42: 004557 | C42: 003602 | D42: 44942 | E42: 18:23 | F42: 299.17 | J42: 59.83 | O42: 359 | Q42: 359 | S42: =F42*20% | T42: =J42-S42 | U42: =F42+J42 | V42: =O42-U42 | W42: =O42-(P42+R42) | X42: =O42-(P42+Q42+R42)
A43: EJ310123.TXT | B43: 004558 | C43: 003603 | D43: 44942 | E43: 18:25 | F43: 299.17 | J43: 59.83 | O43: 359 | P43: 359 | S43: =F43*20% | T43: =J43-S43 | U43: =F43+J43 | V43: =O43-U43 | W43: =O43-(P43+R43) | X43: =O43-(P43+Q43+R43)
A44: EJ310123.TXT | B44: 004559 | C44: 003604 | D44: 44943 | E44: 12:25 | F44: 581.67 | J44: 116.33 | O44: 698 | Q44: 698 | S44: =F44*20% | T44: =J44-S44 | U44: =F44+J44 | V44: =O44-U44 | W44: =O44-(P44+R44) | X44: =O44-(P44+Q44+R44)
A45: EJ310123.TXT | B45: 004560 | C45: 003605 | D45: 44943 | E45: 12:25 | F45: 581.67 | J45: 116.33 | O45: 698 | Q45: 698 | S45: =F45*20% | T45: =J45-S45 | U45: =F45+J45 | V45: =O45-U45 | W45: =O45-(P45+R45) | X45: =O45-(P45+Q45+R45)
A46: EJ310123.TXT | B46: 004561 | C46: 003606 | D46: 44943 | E46: 12:25 | F46: 581.67 | J46: 116.33 | O46: 698 | Q46: 698 | S46: =F46*20% | T46: =J46-S46 | U46: =F46+J46 | V46: =O46-U46 | W46: =O46-(P46+R46) | X46: =O46-(P46+Q46+R46)
A47: EJ310123.TXT | B47: 004562 | C47: 003607 | D47: 44943 | E47: 15:31 | F47: 37.5 | J47: 7.5 | O47: 45 | Q47: 45 | S47: =F47*20% | T47: =J47-S47 | U47: =F47+J47 | V47: =O47-U47 | W47: =O47-(P47+R47) | X47: =O47-(P47+Q47+R47)
A48: EJ310123.TXT | B48: 004563 | C48: 003608 | D48: 44944 | E48: 11:13 | F48: 166.67 | J48: 33.33 | O48: 200 | Q48: 200 | S48: =F48*20% | T48: =J48-S48 | U48: =F48+J48 | V48: =O48-U48 | W48: =O48-(P48+R48) | X48: =O48-(P48+Q48+R48)
A49: EJ310123.TXT | B49: 004564 | C49: 003609 | D49: 44944 | E49: 12:09 | F49: 581.67 | J49: 116.33 | O49: 698 | Q49: 698 | S49: =F49*20% | T49: =J49-S49 | U49: =F49+J49 | V49: =O49-U49 | W49: =O49-(P49+R49) | X49: =O49-(P49+Q49+R49)
A50: EJ310123.TXT | B50: 004565 | C50: 003610 | D50: 44944 | E50: 12:10 | F50: 299.17 | J50: 59.83 | O50: 359 | Q50: 359 | S50: =F50*20% | T50: =J50-S50 | U50: =F50+J50 | V50: =O50-U50 | W50: =O50-(P50+R50) | X50: =O50-(P50+Q50+R50)
A51: EJ310123.TXT | B51: 004566 | C51: 003611 | D51: 44944 | E51: 15:26 | F51: 598.33 | J51: 119.67 | O51: 718 | Q51: 718 | S51: =F51*20% | T51: =J51-S51 | U51: =F51+J51 | V51: =O51-U51 | W51: =O51-(P51+R51) | X51: =O51-(P51+Q51+R51)
A52: EJ310123.TXT | B52: 004567 | C52: 003612 | D52: 44944 | E52: 15:26 | F52: 598.33 | J52: 119.67 | O52: 718 | Q52: 718 | S52: =F52*20% | T52: =J52-S52 | U52: =F52+J52 | V52: =O52-U52 | W52: =O52-(P52+R52) | X52: =O52-(P52+Q52+R52)
A53: EJ310123.TXT | B53: 004568 | C53: 003613 | D53: 44944 | E53: 15:27 | F53: 290.83 | J53: 58.17 | O53: 349 | Q53: 349 | S53: =F53*20% | T53: =J53-S53 | U53: =F53+J53 | V53: =O53-U53 | W53: =O53-(P53+R53) | X53: =O53-(P53+Q53+R53)
A54: EJ310123.TXT | B54: 004569 | C54: 003614 | D54: 44944 | E54: 17:26 | F54: 115.83 | J54: 23.17 | O54: 139 | P54: 139 | S54: =F54*20% | T54: =J54-S54 | U54: =F54+J54 | V54: =O54-U54 | W54: =O54-(P54+R54) | X54: =O54-(P54+Q54+R54)
A55: EJ310123.TXT | B55: 004570 | C55: 003615 | D55: 44944 | E55: 18:12 | F55: 598.33 | J55: 119.67 | O55: 718 | Q55: 718 | S55: =F55*20% | T55: =J55-S55 | U55: =F55+J55 | V55: =O55-U55 | W55: =O55-(P55+R55) | X55: =O55-(P55+Q55+R55)
A56: EJ310123.TXT | B56: 004571 | C56: 003616 | D56: 44944 | E56: 18:16 | F56: 598.33 | J56: 119.67 | O56: 718 | P56: 718 | S56: =F56*20% | T56: =J56-S56 | U56: =F56+J56 | V56: =O56-U56 | W56: =O56-(P56+R56) | X56: =O56-(P56+Q56+R56)
A57: EJ310123.TXT | B57: 004572 | C57: 003617 | D57: 44944 | E57: 18:18 | F57: 175 | J57: 35 | O57: 210 | Q57: 210 | S57: =F57*20% | T57: =J57-S57 | U57: =F57+J57 | V57: =O57-U57 | W57: =O57-(P57+R57) | X57: =O57-(P57+Q57+R57)
A58: EJ310123.TXT | B58: 004573 | C58: 003618 | D58: 44944 | E58: 18:22 | F58: 75 | J58: 15 | O58: 90 | Q58: 90 | S58: =F58*20% | T58: =J58-S58 | U58: =F58+J58 | V58: =O58-U58 | W58: =O58-(P58+R58) | X58: =O58-(P58+Q58+R58)
A59: EJ310123.TXT | B59: 004574 | C59: 003619 | D59: 44945 | E59: 15:50 | F59: 299.17 | J59: 59.83 | O59: 359 | Q59: 359 | S59: =F59*20% | T59: =J59-S59 | U59: =F59+J59 | V59: =O59-U59 | W59: =O59-(P59+R59) | X59: =O59-(P59+Q59+R59)
A60: EJ310123.TXT | B60: 004575 | C60: 003620 | D60: 44945 | E60: 16:56 | F60: 299.17 | J60: 59.83 | O60: 359 | P60: 359 | S60: =F60*20% | T60: =J60-S60 | U60: =F60+J60 | V60: =O60-U60 | W60: =O60-(P60+R60) | X60: =O60-(P60+Q60+R60)
A61: EJ310123.TXT | B61: 004576 | C61: 003621 | D61: 44945 | E61: 18:15 | F61: 582.5 | J61: 116.5 | O61: 699 | Q61: 699 | S61: =F61*20% | T61: =J61-S61 | U61: =F61+J61 | V61: =O61-U61 | W61: =O61-(P61+R61) | X61: =O61-(P61+Q61+R61)
A62: EJ310123.TXT | B62: 004577 | C62: 003622 | D62: 44945 | E62: 18:15 | F62: 582.5 | J62: 116.5 | O62: 699 | Q62: 699 | S62: =F62*20% | T62: =J62-S62 | U62: =F62+J62 | V62: =O62-U62 | W62: =O62-(P62+R62) | X62: =O62-(P62+Q62+R62)
A63: EJ310123.TXT | B63: 004578 | C63: 003623 | D63: 44946 | E63: 11:51 | F63: 249.17 | J63: 49.83 | O63: 299 | Q63: 299 | S63: =F63*20% | T63: =J63-S63 | U63: =F63+J63 | V63: =O63-U63 | W63: =O63-(P63+R63) | X63: =O63-(P63+Q63+R63)
A64: EJ310123.TXT | B64: 004579 | C64: 003624 | D64: 44946 | E64: 12:17 | F64: 37.5 | J64: 7.5 | O64: 45 | P64: 45 | S64: =F64*20% | T64: =J64-S64 | U64: =F64+J64 | V64: =O64-U64 | W64: =O64-(P64+R64) | X64: =O64-(P64+Q64+R64)
A65: EJ310123.TXT | B65: 004580 | C65: 003625 | D65: 44946 | E65: 12:32 | F65: 725 | J65: 145 | O65: 870 | Q65: 870 | S65: =F65*20% | T65: =J65-S65 | U65: =F65+J65 | V65: =O65-U65 | W65: =O65-(P65+R65) | X65: =O65-(P65+Q65+R65)
A66: EJ310123.TXT | B66: 004581 | C66: 003626 | D66: 44946 | E66: 13:04 | F66: 249.17 | J66: 49.83 | O66: 299 | P66: 299 | S66: =F66*20% | T66: =J66-S66 | U66: =F66+J66 | V66: =O66-U66 | W66: =O66-(P66+R66) | X66: =O66-(P66+Q66+R66)
A67: EJ310123.TXT | B67: 004582 | C67: 003627 | D67: 44946 | E67: 14:32 | F67: 166.67 | J67: 33.33 | O67: 200 | Q67: 200 | S67: =F67*20% | T67: =J67-S67 | U67: =F67+J67 | V67: =O67-U67 | W67: =O67-(P67+R67) | X67: =O67-(P67+Q67+R67)
A68: EJ310123.TXT | B68: 004583 | C68: 003628 | D68: 44946 | E68: 14:50 | F68: 319.17 | J68: 63.83 | O68: 383 | P68: 383 | S68: =F68*20% | T68: =J68-S68 | U68: =F68+J68 | V68: =O68-U68 | W68: =O68-(P68+R68) | X68: =O68-(P68+Q68+R68)
A69: EJ310123.TXT | B69: 004584 | C69: 003629 | D69: 44946 | E69: 15:10 | F69: 175 | J69: 35 | O69: 210 | P69: 210 | S69: =F69*20% | T69: =J69-S69 | U69: =F69+J69 | V69: =O69-U69 | W69: =O69-(P69+R69) | X69: =O69-(P69+Q69+R69)
A70: EJ310123.TXT | B70: 004585 | C70: 003630 | D70: 44946 | E70: 15:46 | F70: 249.17 | J70: 49.83 | O70: 299 | P70: 299 | S70: =F70*20% | T70: =J70-S70 | U70: =F70+J70 | V70: =O70-U70 | W70: =O70-(P70+R70) | X70: =O70-(P70+Q70+R70)
A71: EJ310123.TXT | B71: 004586 | C71: 003631 | D71: 44946 | E71: 18:22 | F71: 483.33 | J71: 96.67 | O71: 580 | Q71: 580 | S71: =F71*20% | T71: =J71-S71 | U71: =F71+J71 | V71: =O71-U71 | W71: =O71-(P71+R71) | X71: =O71-(P71+Q71+R71)
A72: EJ310123.TXT | B72: 004587 | C72: 003632 | D72: 44947 | E72: 15:25 | F72: 2100 | J72: 420 | O72: 2520 | P72: 2520 | S72: =F72*20% | T72: =J72-S72 | U72: =F72+J72 | V72: =O72-U72 | W72: =O72-(P72+R72) | X72: =O72-(P72+Q72+R72)
A73: EJ310123.TXT | B73: 004588 | C73: 003633 | D73: 44947 | E73: 15:37 | F73: 494.17 | J73: 98.83 | O73: 593 | Q73: 593 | S73: =F73*20% | T73: =J73-S73 | U73: =F73+J73 | V73: =O73-U73 | W73: =O73-(P73+R73) | X73: =O73-(P73+Q73+R73)
A74: EJ310123.TXT | B74: 004589 | C74: 003634 | D74: 44947 | E74: 15:40 | F74: 747.5 | J74: 149.5 | O74: 897 | Q74: 897 | S74: =F74*20% | T74: =J74-S74 | U74: =F74+J74 | V74: =O74-U74 | W74: =O74-(P74+R74) | X74: =O74-(P74+Q74+R74)
A75: EJ310123.TXT | B75: 004590 | C75: 003635 | D75: 44947 | E75: 15:44 | F75: 747.5 | J75: 149.5 | O75: 897 | Q75: 897 | S75: =F75*20% | T75: =J75-S75 | U75: =F75+J75 | V75: =O75-U75 | W75: =O75-(P75+R75) | X75: =O75-(P75+Q75+R75)
A76: EJ310123.TXT | B76: 004591 | C76: 003636 | D76: 44947 | E76: 15:46 | F76: 498.33 | J76: 99.67 | O76: 598 | Q76: 598 | S76: =F76*20% | T76: =J76-S76 | U76: =F76+J76 | V76: =O76-U76 | W76: =O76-(P76+R76) | X76: =O76-(P76+Q76+R76)
A77: EJ310123.TXT | B77: 004592 | C77: 003637 | D77: 44947 | E77: 15:47 | F77: 725 | J77: 145 | O77: 870 | Q77: 870 | S77: =F77*20% | T77: =J77-S77 | U77: =F77+J77 | V77: =O77-U77 | W77: =O77-(P77+R77) | X77: =O77-(P77+Q77+R77)
A78: EJ310123.TXT | B78: 004593 | C78: 003638 | D78: 44947 | E78: 15:48 | F78: 702.5 | J78: 140.5 | O78: 843 | Q78: 843 | S78: =F78*20% | T78: =J78-S78 | U78: =F78+J78 | V78: =O78-U78 | W78: =O78-(P78+R78) | X78: =O78-(P78+Q78+R78)
A79: EJ310123.TXT | B79: 004594 | C79: 003639 | D79: 44947 | E79: 15:49 | F79: 226.67 | J79: 45.33 | O79: 272 | Q79: 272 | S79: =F79*20% | T79: =J79-S79 | U79: =F79+J79 | V79: =O79-U79 | W79: =O79-(P79+R79) | X79: =O79-(P79+Q79+R79)
A80: EJ310123.TXT | B80: 004595 | C80: 003640 | D80: 44947 | E80: 16:04 | F80: 582.5 | J80: 116.5 | O80: 699 | Q80: 699 | S80: =F80*20% | T80: =J80-S80 | U80: =F80+J80 | V80: =O80-U80 | W80: =O80-(P80+R80) | X80: =O80-(P80+Q80+R80)
A81: EJ310123.TXT | B81: 004596 | C81: 003641 | D81: 44947 | E81: 16:52 | F81: 175 | J81: 35 | O81: 210 | P81: 210 | S81: =F81*20% | T81: =J81-S81 | U81: =F81+J81 | V81: =O81-U81 | W81: =O81-(P81+R81) | X81: =O81-(P81+Q81+R81)
A82: EJ310123.TXT | B82: 004597 | C82: 003642 | D82: 44947 | E82: 18:18 | F82: 249.17 | J82: 49.83 | O82: 299 | Q82: 299 | S82: =F82*20% | T82: =J82-S82 | U82: =F82+J82 | V82: =O82-U82 | W82: =O82-(P82+R82) | X82: =O82-(P82+Q82+R82)
A83: EJ310123.TXT | B83: 004598 | C83: 003643 | D83: 44947 | E83: 18:40 | F83: 1245.83 | J83: 249.17 | O83: 1495 | P83: 1495 | S83: =F83*20% | T83: =J83-S83 | U83: =F83+J83 | V83: =O83-U83 | W83: =O83-(P83+R83) | X83: =O83-(P83+Q83+R83)
A84: EJ310123.TXT | B84: 004599 | C84: 003644 | D84: 44949 | E84: 14:44 | F84: 747.5 | J84: 149.5 | O84: 897 | Q84: 897 | S84: =F84*20% | T84: =J84-S84 | U84: =F84+J84 | V84: =O84-U84 | W84: =O84-(P84+R84) | X84: =O84-(P84+Q84+R84)
A85: EJ310123.TXT | B85: 004600 | C85: 003645 | D85: 44949 | E85: 14:45 | F85: 747.5 | J85: 149.5 | O85: 897 | Q85: 897 | S85: =F85*20% | T85: =J85-S85 | U85: =F85+J85 | V85: =O85-U85 | W85: =O85-(P85+R85) | X85: =O85-(P85+Q85+R85)
A86: EJ310123.TXT | B86: 004601 | C86: 003646 | D86: 44949 | E86: 15:36 | F86: 156.67 | J86: 31.33 | O86: 188 | Q86: 188 | S86: =F86*20% | T86: =J86-S86 | U86: =F86+J86 | V86: =O86-U86 | W86: =O86-(P86+R86) | X86: =O86-(P86+Q86+R86)
A87: EJ310123.TXT | B87: 004602 | C87: 003647 | D87: 44949 | E87: 15:36 | F87: 725 | J87: 145 | O87: 870 | Q87: 870 | S87: =F87*20% | T87: =J87-S87 | U87: =F87+J87 | V87: =O87-U87 | W87: =O87-(P87+R87) | X87: =O87-(P87+Q87+R87)
A88: EJ310123.TXT | B88: 004603 | C88: 003648 | D88: 44949 | E88: 15:36 | F88: 241.67 | J88: 48.33 | O88: 290 | Q88: 290 | S88: =F88*20% | T88: =J88-S88 | U88: =F88+J88 | V88: =O88-U88 | W88: =O88-(P88+R88) | X88: =O88-(P88+Q88+R88)
A89: EJ310123.TXT | B89: 004604 | C89: 003649 | D89: 44949 | E89: 15:36 | F89: 483.33 | J89: 96.67 | O89: 580 | Q89: 580 | S89: =F89*20% | T89: =J89-S89 | U89: =F89+J89 | V89: =O89-U89 | W89: =O89-(P89+R89) | X89: =O89-(P89+Q89+R89)
A90: EJ310123.TXT | B90: 004605 | C90: 003650 | D90: 44949 | E90: 17:28 | F90: 115.83 | J90: 23.17 | O90: 139 | Q90: 139 | S90: =F90*20% | T90: =J90-S90 | U90: =F90+J90 | V90: =O90-U90 | W90: =O90-(P90+R90) | X90: =O90-(P90+Q90+R90)
A91: EJ310123.TXT | B91: 004606 | C91: 003651 | D91: 44949 | E91: 17:50 | F91: 249.17 | J91: 49.83 | O91: 299 | Q91: 299 | S91: =F91*20% | T91: =J91-S91 | U91: =F91+J91 | V91: =O91-U91 | W91: =O91-(P91+R91) | X91: =O91-(P91+Q91+R91)
A92: EJ310123.TXT | B92: 004607 | C92: 003652 | D92: 44950 | E92: 12:25 | F92: 747.5 | J92: 149.5 | O92: 897 | Q92: 897 | S92: =F92*20% | T92: =J92-S92 | U92: =F92+J92 | V92: =O92-U92 | W92: =O92-(P92+R92) | X92: =O92-(P92+Q92+R92)
A93: EJ310123.TXT | B93: 004608 | C93: 003653 | D93: 44950 | E93: 12:27 | F93: 747.5 | J93: 149.5 | O93: 897 | Q93: 897 | S93: =F93*20% | T93: =J93-S93 | U93: =F93+J93 | V93: =O93-U93 | W93: =O93-(P93+R93) | X93: =O93-(P93+Q93+R93)
A94: EJ310123.TXT | B94: 004609 | C94: 003654 | D94: 44950 | E94: 12:27 | F94: 747.5 | J94: 149.5 | O94: 897 | Q94: 897 | S94: =F94*20% | T94: =J94-S94 | U94: =F94+J94 | V94: =O94-U94 | W94: =O94-(P94+R94) | X94: =O94-(P94+Q94+R94)
A95: EJ310123.TXT | B95: 004610 | C95: 003655 | D95: 44950 | E95: 12:27 | F95: 747.5 | J95: 149.5 | O95: 897 | Q95: 897 | S95: =F95*20% | T95: =J95-S95 | U95: =F95+J95 | V95: =O95-U95 | W95: =O95-(P95+R95) | X95: =O95-(P95+Q95+R95)
... A99: EJ310123.TXT | B99: 004614 | C99: 003659 | D99: 44950 | E99: 15:52 | F99: 498.33 | J99: 99.67 | O99: 598 | Q99: 598 | S99: =F99*20% | T99: =J99-S99 | U99: =F99+J99 | V99: =O99-U99 | W99: =O99-(P99+R99) | X99: =O99-(P99+Q99+R99)
A100: EJ310123.TXT | B100: 004615 | C100: 003660 | D100: 44950 | E100: 15:57 | F100: 498.33 | J100: 99.67 | O100: 598 | P100: 598 | S100: =F100*20% | T100: =J100-S100 | U100: =F100+J100 | V100: =O100-U100 | W100: =O100-(P100+R100) | X100: =O100-(P100+Q100+R100)
A101: EJ310123.TXT | B101: 004616 | C101: 003661 | D101: 44950 | E101: 18:33 | F101: 208.33 | J101: 41.67 | O101: 250 | Q101: 250 | S101: =F101*20% | T101: =J101-S101 | U101: =F101+J101 | V101: =O101-U101 | W101: =O101-(P101+R101) | X101: =O101-(P101+Q101+R101)
A102: EJ310123.TXT | B102: 004617 | C102: 003662 | D102: 44952 | E102: 12:16 | F102: 725 | J102: 145 | O102: 870 | Q102: 870 | S102: =F102*20% | T102: =J102-S102 | U102: =F102+J102 | V102: =O102-U102 | W102: =O102-(P102+R102) | X102: =O102-(P102+Q102+R102)
A103: EJ310123.TXT | B103: 004618 | C103: 003663 | D103: 44952 | E103: 12:16 | F103: 241.67 | J103: 48.33 | O103: 290 | Q103: 290 | S103: =F103*20% | T103: =J103-S103 | U103: =F103+J103 | V103: =O103-U103 | W103: =O103-(P103+R103) | X103: =O103-(P103+Q103+R103)
A104: EJ310123.TXT | B104: 004619 | C104: 003664 | D104: 44952 | E104: 12:16 | F104: 483.33 | J104: 96.67 | O104: 580 | Q104: 580 | S104: =F104*20% | T104: =J104-S104 | U104: =F104+J104 | V104: =O104-U104 | W104: =O104-(P104+R104) | X104: =O104-(P104+Q104+R104)
A105: EJ310123.TXT | B105: 004620 | C105: 003665 | D105: 44952 | E105: 12:23 | F105: 498.33 | J105: 99.67 | O105: 598 | Q105: 598 | S105: =F105*20% | T105: =J105-S105 | U105: =F105+J105 | V105: =O105-U105 | W105: =O105-(P105+R105) | X105: =O105-(P105+Q105+R105)
A106: EJ310123.TXT | B106: 004621 | C106: 003666 | D106: 44952 | E106: 12:28 | F106: 498.33 | J106: 99.67 | O106: 598 | Q106: 598 | S106: =F106*20% | T106: =J106-S106 | U106: =F106+J106 | V106: =O106-U106 | W106: =O106-(P106+R106) | X106: =O106-(P106+Q106+R106)
A107: EJ310123.TXT | B107: 004622 | C107: 003667 | D107: 44952 | E107: 14:55 | F107: 963.33 | J107: 192.67 | O107: 1156 | P107: 1156 | S107: =F107*20% | T107: =J107-S107 | U107: =F107+J107 | V107: =O107-U107 | W107: =O107-(P107+R107) | X107: =O107-(P107+Q107+R107)
A108: EJ310123.TXT | B108: 004623 | C108: 003668 | D108: 44953 | E108: 11:14 | F108: 747.5 | J108: 149.5 | O108: 897 | Q108: 897 | S108: =F108*20% | T108: =J108-S108 | U108: =F108+J108 | V108: =O108-U108 | W108: =O108-(P108+R108) | X108: =O108-(P108+Q108+R108)
A109: EJ310123.TXT | B109: 004624 | C109: 003669 | D109: 44953 | E109: 16:22 | F109: 249.17 | J109: 49.83 | O109: 299 | Q109: 299 | S109: =F109*20% | T109: =J109-S109 | U109: =F109+J109 | V109: =O109-U109 | W109: =O109-(P109+R109) | X109: =O109-(P109+Q109+R109)
A110: EJ310123.TXT | B110: 004625 | C110: 003670 | D110: 44953 | E110: 16:58 | F110: 498.33 | J110: 99.67 | O110: 598 | P110: 598 | S110: =F110*20% | T110: =J110-S110 | U110: =F110+J110 | V110: =O110-U110 | W110: =O110-(P110+R110) | X110: =O110-(P110+Q110+R110)
A111: EJ310123.TXT | B111: 004626 | C111: 003671 | D111: 44953 | E111: 17:40 | F111: 331.67 | J111: 66.33 | O111: 398 | P111: 398 | S111: =F111*20% | T111: =J111-S111 | U111: =F111+J111 | V111: =O111-U111 | W111: =O111-(P111+R111) | X111: =O111-(P111+Q111+R111)
A112: EJ310123.TXT | B112: 004627 | C112: 003672 | D112: 44953 | E112: 18:11 | F112: 350 | J112: 70 | O112: 420 | Q112: 420 | S112: =F112*20% | T112: =J112-S112 | U112: =F112+J112 | V112: =O112-U112 | W112: =O112-(P112+R112) | X112: =O112-(P112+Q112+R112)
A113: EJ310123.TXT | B113: 004628 | C113: 003673 | D113: 44953 | E113: 18:36 | F113: 144.17 | J113: 28.83 | O113: 173 | Q113: 173 | S113: =F113*20% | T113: =J113-S113 | U113: =F113+J113 | V113: =O113-U113 | W113: =O113-(P113+R113) | X113: =O113-(P113+Q113+R113)
...

Sheet Entetes_sequentialite
A1: nomfichier | B1: E_NUM_INTERNE | C1: E_NUM_TICKET | D1: E_DATE_TICKET | E1: E_HEURE_TICKET | F1: AJ_TROU_NUM_TICKET | G1: AJ_TROU_NUM_INTERNE | H1: OBSERVATION
A2: EJ310123.TXT | B2: 004517 | C2: 003562 | D2: 44928 | E2: 11:25 | F2: ="" | G2: ="" | H2: ="Premier enregistrement"
A3: EJ310123.TXT | B3: 004518 | C3: 003563 | D3: 44928 | E3: 12:34 | F3: =C3-C2 | G3: =B3-B2 | H3: =IF(AND(F3=1,G3=1),"OK","À JUSTIFIER")
A4: EJ310123.TXT | B4: 004519 | C4: 003564 | D4: 44928 | E4: 16:36 | F4: =C4-C3 | G4: =B4-B3 | H4: =IF(AND(F4=1,G4=1),"OK","À JUSTIFIER")
A5: EJ310123.TXT | B5: 004520 | C5: 003565 | D5: 44929 | E5: 15:02 | F5: =C5-C4 | G5: =B5-B4 | H5: =IF(AND(F5=1,G5=1),"OK","À JUSTIFIER")
A6: EJ310123.TXT | B6: 004521 | C6: 003566 | D6: 44929 | E6: 15:03 | F6: =C6-C5 | G6: =B6-B5 | H6: =IF(AND(F6=1,G6=1),"OK","À JUSTIFIER")
A7: EJ310123.TXT | B7: 004522 | C7: 003567 | D7: 44929 | E7: 15:19 | F7: =C7-C6 | G7: =B7-B6 | H7: =IF(AND(F7=1,G7=1),"OK","À JUSTIFIER")
A8: EJ310123.TXT | B8: 004523 | C8: 003568 | D8: 44929 | E8: 15:19 | F8: =C8-C7 | G8: =B8-B7 | H8: =IF(AND(F8=1,G8=1),"OK","À JUSTIFIER")
A9: EJ310123.TXT | B9: 004524 | C9: 003569 | D9: 44929 | E9: 15:45 | F9: =C9-C8 | G9: =B9-B8 | H9: =IF(AND(F9=1,G9=1),"OK","À JUSTIFIER")
A10: EJ310123.TXT | B10: 004525 | C10: 003570 | D10: 44929 | E10: 16:16 | F10: =C10-C9 | G10: =B10-B9 | H10: =IF(AND(F10=1,G10=1),"OK","À JUSTIFIER")
A11: EJ310123.TXT | B11: 004526 | C11: 003571 | D11: 44930 | E11: 10:54 | F11: =C11-C10 | G11: =B11-B10 | H11: =IF(AND(F11=1,G11=1),"OK","À JUSTIFIER")
A12: EJ310123.TXT | B12: 004527 | C12: 003572 | D12: 44932 | E12: 11:36 | F12: =C12-C11 | G12: =B12-B11 | H12: =IF(AND(F12=1,G12=1),"OK","À JUSTIFIER")
A13: EJ310123.TXT | B13: 004528 | C13: 003573 | D13: 44932 | E13: 13:56 | F13: =C13-C12 | G13: =B13-B12 | H13: =IF(AND(F13=1,G13=1),"OK","À JUSTIFIER")
A14: EJ310123.TXT | B14: 004529 | C14: 003574 | D14: 44932 | E14: 17:29 | F14: =C14-C13 | G14: =B14-B13 | H14: =IF(AND(F14=1,G14=1),"OK","À JUSTIFIER")
... A1154: EJ020925.TXT | B1154: 005878 | C1154: 004714 | D1154: 45896 | E1154: 15:37 | F1154: =C1154-C1153 | G1154: =B1154-B1153 | H1154: =IF(AND(F1154=1,G1154=1),"OK","À JUSTIFIER")

Sheet TD_OccurenceNumInterne
A1: E_NUM_INTERNE | B1: COMPTER_E_NUM_INTERNE
A2: 004517 | B2: =COUNTIF('Entetes_TriNumInterne'!$B$2:$B$1154,A2)
A3: 004518 | B3: =COUNTIF('Entetes_TriNumInterne'!$B$2:$B$1154,A3)
A4: 004519 | B4: =COUNTIF('Entetes_TriNumInterne'!$B$2:$B$1154,A4)
A5: 004520 | B5: =COUNTIF('Entetes_TriNumInterne'!$B$2:$B$1154,A5)
A6: 004521 | B6: =COUNTIF('Entetes_TriNumInterne'!$B$2:$B$1154,A6)
A7: 004522 | B7: =COUNTIF('Entetes_TriNumInterne'!$B$2:$B$1154,A7)
A8: 004523 | B8: =COUNTIF('Entetes_TriNumInterne'!$B$2:$B$1154,A8)
A9: 004524 | B9: =COUNTIF('Entetes_TriNumInterne'!$B$2:$B$1154,A9)
A10: 004525 | B10: =COUNTIF('Entetes_TriNumInterne'!$B$2:$B$1154,A10)
A11: 004526 | B11: =COUNTIF('Entetes_TriNumInterne'!$B$2:$B$1154,A11)
A12: 004527 | B12: =COUNTIF('Entetes_TriNumInterne'!$B$2:$B$1154,A12)
A13: 004528 | B13: =COUNTIF('Entetes_TriNumInterne'!$B$2:$B$1154,A13)
... A1154: 005878 | B1154: =COUNTIF('Entetes_TriNumInterne'!$B$2:$B$1154,A1154)

Sheet DoublonNumInterne
A1: E_NUM_INTERNE | B1: COMPTER_E_NUM_INTERNE
A2: AUCUN | B2: 0

Sheet TD_OccurenceNumTicket
A1: E_NUM_TICKET | B1: COMPTER_E_NUM_TICKET
A2: 003562 | B2: =COUNTIF('Entetes_TriNumInterne'!$C$2:$C$1154,A2)
A3: 003563 | B3: =COUNTIF('Entetes_TriNumInterne'!$C$2:$C$1154,A3)
A4: 003564 | B4: =COUNTIF('Entetes_TriNumInterne'!$C$2:$C$1154,A4)
A5: 003565 | B5: =COUNTIF('Entetes_TriNumInterne'!$C$2:$C$1154,A5)
A6: 003566 | B6: =COUNTIF('Entetes_TriNumInterne'!$C$2:$C$1154,A6)
A7: 003567 | B7: =COUNTIF('Entetes_TriNumInterne'!$C$2:$C$1154,A7)
A8: 003568 | B8: =COUNTIF('Entetes_TriNumInterne'!$C$2:$C$1154,A8)
A9: 003569 | B9: =COUNTIF('Entetes_TriNumInterne'!$C$2:$C$1154,A9)
A10: 003570 | B10: =COUNTIF('Entetes_TriNumInterne'!$C$2:$C$1154,A10)
A11: 003571 | B11: =COUNTIF('Entetes_TriNumInterne'!$C$2:$C$1154,A11)
A12: 003572 | B12: =COUNTIF('Entetes_TriNumInterne'!$C$2:$C$1154,A12)
A13: 003573 | B13: =COUNTIF('Entetes_TriNumInterne'!$C$2:$C$1154,A13)
... A1154: 004714 | B1154: =COUNTIF('Entetes_TriNumInterne'!$C$2:$C$1154,A1154)

Sheet DoublonNumTicket
A1: E_NUM_TICKET | B1: COMPTER_E_NUM_TICKET
A2: AUCUN | B2: 0

Sheet Entetes_CplteAnneeMois
A1: nomfichier | B1: E_NUM_INTERNE | C1: E_NUM_TICKET | D1: E_DATE_TICKET | E1: E_HEURE_TICKET | F1: E_HT1 | G1: E_HT2 | H1: E_HT3 | I1: E_HT4 | J1: E_TVA1 | K1: E_TVA2 | L1: E_TVA3 | M1: E_TVA4 | N1: E_HT_NON_TAXABLE | O1: E_TTC | P1: E_MDP_CB | Q1: E_MDP_ESPECES | R1: E_MDP_CHEQUES | S1: AJ_TOTAL_HT | T1: AJ_TOTAL_TVA_20 | U1: AJ_ANNEE | V1: AJ_MOIS
A2: EJ310123.TXT | B2: 004517 | C2: 003562 | D2: 44928 | E2: 11:25 | F2: 249.17 | J2: 49.83 | O2: 299 | P2: 299 | S2: =SUM(F2:I2)+N2 | T2: =J2 | U2: =YEAR(D2) | V2: =TEXT(D2,"yyyy-mm")
A3: EJ310123.TXT | B3: 004518 | C3: 003563 | D3: 44928 | E3: 12:34 | F3: 208.33 | J3: 41.67 | O3: 250 | Q3: 250 | S3: =SUM(F3:I3)+N3 | T3: =J3 | U3: =YEAR(D3) | V3: =TEXT(D3,"yyyy-mm")
A4: EJ310123.TXT | B4: 004519 | C4: 003564 | D4: 44928 | E4: 16:36 | F4: 483.33 | J4: 96.67 | O4: 580 | Q4: 580 | S4: =SUM(F4:I4)+N4 | T4: =J4 | U4: =YEAR(D4) | V4: =TEXT(D4,"yyyy-mm")
A5: EJ310123.TXT | B5: 004520 | C5: 003565 | D5: 44929 | E5: 15:02 | F5: 720.83 | J5: 144.17 | O5: 865 | Q5: 865 | S5: =SUM(F5:I5)+N5 | T5: =J5 | U5: =YEAR(D5) | V5: =TEXT(D5,"yyyy-mm")
A6: EJ310123.TXT | B6: 004521 | C6: 003566 | D6: 44929 | E6: 15:03 | F6: 144.17 | J6: 28.83 | O6: 173 | Q6: 173 | S6: =SUM(F6:I6)+N6 | T6: =J6 | U6: =YEAR(D6) | V6: =TEXT(D6,"yyyy-mm")
A7: EJ310123.TXT | B7: 004522 | C7: 003567 | D7: 44929 | E7: 15:19 | F7: 823.33 | J7: 164.67 | O7: 988 | Q7: 988 | S7: =SUM(F7:I7)+N7 | T7: =J7 | U7: =YEAR(D7) | V7: =TEXT(D7,"yyyy-mm")
A8: EJ310123.TXT | B8: 004523 | C8: 003568 | D8: 44929 | E8: 15:19 | F8: 823.33 | J8: 164.67 | O8: 988 | Q8: 988 | S8: =SUM(F8:I8)+N8 | T8: =J8 | U8: =YEAR(D8) | V8: =TEXT(D8,"yyyy-mm")
A9: EJ310123.TXT | B9: 004524 | C9: 003569 | D9: 44929 | E9: 15:45 | F9: 1450 | J9: 290 | O9: 1740 | P9: 1740 | S9: =SUM(F9:I9)+N9 | T9: =J9 | U9: =YEAR(D9) | V9: =TEXT(D9,"yyyy-mm")
A10: EJ310123.TXT | B10: 004525 | C10: 003570 | D10: 44929 | E10: 16:16 | F10: 498.33 | J10: 99.67 | O10: 598 | P10: 598 | S10: =SUM(F10:I10)+N10 | T10: =J10 | U10: =YEAR(D10) | V10: =TEXT(D10,"yyyy-mm")
A11: EJ310123.TXT | B11: 004526 | C11: 003571 | D11: 44930 | E11: 10:54 | F11: 725 | J11: 145 | O11: 870 | Q11: 870 | S11: =SUM(F11:I11)+N11 | T11: =J11 | U11: =YEAR(D11) | V11: =TEXT(D11,"yyyy-mm")
A12: EJ310123.TXT | B12: 004527 | C12: 003572 | D12: 44932 | E12: 11:36 | F12: 37.5 | J12: 7.5 | O12: 45 | Q12: 45 | S12: =SUM(F12:I12)+N12 | T12: =J12 | U12: =YEAR(D12) | V12: =TEXT(D12,"yyyy-mm")
A13: EJ310123.TXT | B13: 004528 | C13: 003573 | D13: 44932 | E13: 13:56 | F13: 498.33 | J13: 99.67 | O13: 598 | Q13: 598 | S13: =SUM(F13:I13)+N13 | T13: =J13 | U13: =YEAR(D13) | V13: =TEXT(D13,"yyyy-mm")
A14: EJ310123.TXT | B14: 004529 | C14: 003574 | D14: 44932 | E14: 17:29 | F14: 5035 | J14: 1007 | O14: 6042 | R14: 6042 | S14: =SUM(F14:I14)+N14 | T14: =J14 | U14: =YEAR(D14) | V14: =TEXT(D14,"yyyy-mm")
A15: EJ310123.TXT | B15: 004530 | C15: 003575 | D15: 44933 | E15: 15:33 | F15: 581.67 | J15: 116.33 | O15: 698 | P15: 698 | S15: =SUM(F15:I15)+N15 | T15: =J15 | U15: =YEAR(D15) | V15: =TEXT(D15,"yyyy-mm")
A16: EJ310123.TXT | B16: 004531 | C16: 003576 | D16: 44933 | E16: 16:22 | F16: 540 | J16: 108 | O16: 648 | P16: 648 | S16: =SUM(F16:I16)+N16 | T16: =J16 | U16: =YEAR(D16) | V16: =TEXT(D16,"yyyy-mm")
A17: EJ310123.TXT | B17: 004532 | C17: 003577 | D17: 44935 | E17: 15:13 | F17: 648.33 | J17: 129.67 | O17: 778 | Q17: 778 | S17: =SUM(F17:I17)+N17 | T17: =J17 | U17: =YEAR(D17) | V17: =TEXT(D17,"yyyy-mm")
A18: EJ310123.TXT | B18: 004533 | C18: 003578 | D18: 44935 | E18: 15:42 | F18: 288.33 | J18: 57.67 | O18: 346 | Q18: 346 | S18: =SUM(F18:I18)+N18 | T18: =J18 | U18: =YEAR(D18) | V18: =TEXT(D18,"yyyy-mm")
A19: EJ310123.TXT | B19: 004534 | C19: 003579 | D19: 44936 | E19: 15:49 | F19: 483.33 | J19: 96.67 | O19: 580 | Q19: 580 | S19: =SUM(F19:I19)+N19 | T19: =J19 | U19: =YEAR(D19) | V19: =TEXT(D19,"yyyy-mm")
A20: EJ310123.TXT | B20: 004535 | C20: 003580 | D20: 44936 | E20: 15:49 | F20: 483.33 | J20: 96.67 | O20: 580 | Q20: 580 | S20: =SUM(F20:I20)+N20 | T20: =J20 | U20: =YEAR(D20) | V20: =TEXT(D20,"yyyy-mm")
A21: EJ310123.TXT | B21: 004536 | C21: 003581 | D21: 44938 | E21: 15:51 | F21: 522.5 | J21: 104.5 | O21: 627 | Q21: 627 | S21: =SUM(F21:I21)+N21 | T21: =J21 | U21: =YEAR(D21) | V21: =TEXT(D21,"yyyy-mm")
A22: EJ310123.TXT | B22: 004537 | C22: 003582 | D22: 44938 | E22: 18:15 | F22: 747.5 | J22: 149.5 | O22: 897 | Q22: 897 | S22: =SUM(F22:I22)+N22 | T22: =J22 | U22: =YEAR(D22) | V22: =TEXT(D22,"yyyy-mm")
A23: EJ310123.TXT | B23: 004538 | C23: 003583 | D23: 44938 | E23: 18:15 | F23: 249.17 | J23: 49.83 | O23: 299 | Q23: 299 | S23: =SUM(F23:I23)+N23 | T23: =J23 | U23: =YEAR(D23) | V23: =TEXT(D23,"yyyy-mm")
A24: EJ310123.TXT | B24: 004539 | C24: 003584 | D24: 44938 | E24: 18:52 | F24: 725 | J24: 145 | O24: 870 | Q24: 870 | S24: =SUM(F24:I24)+N24 | T24: =J24 | U24: =YEAR(D24) | V24: =TEXT(D24,"yyyy-mm")
A25: EJ310123.TXT | B25: 004540 | C25: 003585 | D25: 44939 | E25: 10:29 | F25: 582.5 | J25: 116.5 | O25: 699 | Q25: 699 | S25: =SUM(F25:I25)+N25 | T25: =J25 | U25: =YEAR(D25) | V25: =TEXT(D25,"yyyy-mm")
A26: EJ310123.TXT | B26: 004541 | C26: 003586 | D26: 44939 | E26: 10:29 | F26: 582.5 | J26: 116.5 | O26: 699 | Q26: 699 | S26: =SUM(F26:I26)+N26 | T26: =J26 | U26: =YEAR(D26) | V26: =TEXT(D26,"yyyy-mm")
A27: EJ310123.TXT | B27: 004542 | C27: 003587 | D27: 44939 | E27: 14:36 | F27: 747.5 | J27: 149.5 | O27: 897 | Q27: 897 | S27: =SUM(F27:I27)+N27 | T27: =J27 | U27: =YEAR(D27) | V27: =TEXT(D27,"yyyy-mm")
A28: EJ310123.TXT | B28: 004543 | C28: 003588 | D28: 44939 | E28: 15:42 | F28: 181.67 | J28: 36.33 | O28: 218 | Q28: 218 | S28: =SUM(F28:I28)+N28 | T28: =J28 | U28: =YEAR(D28) | V28: =TEXT(D28,"yyyy-mm")
... A39: EJ310123.TXT | B39: 004554 | C39: 003599 | D39: 44942 | E39: 11:45 | F39: 581.67 | J39: 116.33 | O39: 698 | Q39: 698 | S39: =SUM(F39:I39)+N39 | T39: =J39 | U39: =YEAR(D39) | V39: =TEXT(D39,"yyyy-mm")
A40: EJ310123.TXT | B40: 004555 | C40: 003600 | D40: 44942 | E40: 12:07 | F40: 350 | J40: 70 | O40: 420 | P40: 420 | S40: =SUM(F40:I40)+N40 | T40: =J40 | U40: =YEAR(D40) | V40: =TEXT(D40,"yyyy-mm")
A41: EJ310123.TXT | B41: 004556 | C41: 003601 | D41: 44942 | E41: 16:10 | F41: 288.33 | J41: 57.67 | O41: 346 | Q41: 346 | S41: =SUM(F41:I41)+N41 | T41: =J41 | U41: =YEAR(D41) | V41: =TEXT(D41,"yyyy-mm")
A42: EJ310123.TXT | B42: 004557 | C42: 003602 | D42: 44942 | E42: 18:23 | F42: 299.17 | J42: 59.83 | O42: 359 | Q42: 359 | S42: =SUM(F42:I42)+N42 | T42: =J42 | U42: =YEAR(D42) | V42: =TEXT(D42,"yyyy-mm")
A43: EJ310123.TXT | B43: 004558 | C43: 003603 | D43: 44942 | E43: 18:25 | F43: 299.17 | J43: 59.83 | O43: 359 | P43: 359 | S43: =SUM(F43:I43)+N43 | T43: =J43 | U43: =YEAR(D43) | V43: =TEXT(D43,"yyyy-mm")
A44: EJ310123.TXT | B44: 004559 | C44: 003604 | D44: 44943 | E44: 12:25 | F44: 581.67 | J44: 116.33 | O44: 698 | Q44: 698 | S44: =SUM(F44:I44)+N44 | T44: =J44 | U44: =YEAR(D44) | V44: =TEXT(D44,"yyyy-mm")
A45: EJ310123.TXT | B45: 004560 | C45: 003605 | D45: 44943 | E45: 12:25 | F45: 581.67 | J45: 116.33 | O45: 698 | Q45: 698 | S45: =SUM(F45:I45)+N45 | T45: =J45 | U45: =YEAR(D45) | V45: =TEXT(D45,"yyyy-mm")
A46: EJ310123.TXT | B46: 004561 | C46: 003606 | D46: 44943 | E46: 12:25 | F46: 581.67 | J46: 116.33 | O46: 698 | Q46: 698 | S46: =SUM(F46:I46)+N46 | T46: =J46 | U46: =YEAR(D46) | V46: =TEXT(D46,"yyyy-mm")
A47: EJ310123.TXT | B47: 004562 | C47: 003607 | D47: 44943 | E47: 15:31 | F47: 37.5 | J47: 7.5 | O47: 45 | Q47: 45 | S47: =SUM(F47:I47)+N47 | T47: =J47 | U47: =YEAR(D47) | V47: =TEXT(D47,"yyyy-mm")
A48: EJ310123.TXT | B48: 004563 | C48: 003608 | D48: 44944 | E48: 11:13 | F48: 166.67 | J48: 33.33 | O48: 200 | Q48: 200 | S48: =SUM(F48:I48)+N48 | T48: =J48 | U48: =YEAR(D48) | V48: =TEXT(D48,"yyyy-mm")
A49: EJ310123.TXT | B49: 004564 | C49: 003609 | D49: 44944 | E49: 12:09 | F49: 581.67 | J49: 116.33 | O49: 698 | Q49: 698 | S49: =SUM(F49:I49)+N49 | T49: =J49 | U49: =YEAR(D49) | V49: =TEXT(D49,"yyyy-mm")
A50: EJ310123.TXT | B50: 004565 | C50: 003610 | D50: 44944 | E50: 12:10 | F50: 299.17 | J50: 59.83 | O50: 359 | Q50: 359 | S50: =SUM(F50:I50)+N50 | T50: =J50 | U50: =YEAR(D50) | V50: =TEXT(D50,"yyyy-mm")
A51: EJ310123.TXT | B51: 004566 | C51: 003611 | D51: 44944 | E51: 15:26 | F51: 598.33 | J51: 119.67 | O51: 718 | Q51: 718 | S51: =SUM(F51:I51)+N51 | T51: =J51 | U51: =YEAR(D51) | V51: =TEXT(D51,"yyyy-mm")
A52: EJ310123.TXT | B52: 004567 | C52: 003612 | D52: 44944 | E52: 15:26 | F52: 598.33 | J52: 119.67 | O52: 718 | Q52: 718 | S52: =SUM(F52:I52)+N52 | T52: =J52 | U52: =YEAR(D52) | V52: =TEXT(D52,"yyyy-mm")
A53: EJ310123.TXT | B53: 004568 | C53: 003613 | D53: 44944 | E53: 15:27 | F53: 290.83 | J53: 58.17 | O53: 349 | Q53: 349 | S53: =SUM(F53:I53)+N53 | T53: =J53 | U53: =YEAR(D53) | V53: =TEXT(D53,"yyyy-mm")
A54: EJ310123.TXT | B54: 004569 | C54: 003614 | D54: 44944 | E54: 17:26 | F54: 115.83 | J54: 23.17 | O54: 139 | P54: 139 | S54: =SUM(F54:I54)+N54 | T54: =J54 | U54: =YEAR(D54) | V54: =TEXT(D54,"yyyy-mm")
A55: EJ310123.TXT | B55: 004570 | C55: 003615 | D55: 44944 | E55: 18:12 | F55: 598.33 | J55: 119.67 | O55: 718 | Q55: 718 | S55: =SUM(F55:I55)+N55 | T55: =J55 | U55: =YEAR(D55) | V55: =TEXT(D55,"yyyy-mm")
A56: EJ310123.TXT | B56: 004571 | C56: 003616 | D56: 44944 | E56: 18:16 | F56: 598.33 | J56: 119.67 | O56: 718 | P56: 718 | S56: =SUM(F56:I56)+N56 | T56: =J56 | U56: =YEAR(D56) | V56: =TEXT(D56,"yyyy-mm")
A57: EJ310123.TXT | B57: 004572 | C57: 003617 | D57: 44944 | E57: 18:18 | F57: 175 | J57: 35 | O57: 210 | Q57: 210 | S57: =SUM(F57:I57)+N57 | T57: =J57 | U57: =YEAR(D57) | V57: =TEXT(D57,"yyyy-mm")
A58: EJ310123.TXT | B58: 004573 | C58: 003618 | D58: 44944 | E58: 18:22 | F58: 75 | J58: 15 | O58: 90 | Q58: 90 | S58: =SUM(F58:I58)+N58 | T58: =J58 | U58: =YEAR(D58) | V58: =TEXT(D58,"yyyy-mm")
A59: EJ310123.TXT | B59: 004574 | C59: 003619 | D59: 44945 | E59: 15:50 | F59: 299.17 | J59: 59.83 | O59: 359 | Q59: 359 | S59: =SUM(F59:I59)+N59 | T59: =J59 | U59: =YEAR(D59) | V59: =TEXT(D59,"yyyy-mm")
A60: EJ310123.TXT | B60: 004575 | C60: 003620 | D60: 44945 | E60: 16:56 | F60: 299.17 | J60: 59.83 | O60: 359 | P60: 359 | S60: =SUM(F60:I60)+N60 | T60: =J60 | U60: =YEAR(D60) | V60: =TEXT(D60,"yyyy-mm")
A61: EJ310123.TXT | B61: 004576 | C61: 003621 | D61: 44945 | E61: 18:15 | F61: 582.5 | J61: 116.5 | O61: 699 | Q61: 699 | S61: =SUM(F61:I61)+N61 | T61: =J61 | U61: =YEAR(D61) | V61: =TEXT(D61,"yyyy-mm")
A62: EJ310123.TXT | B62: 004577 | C62: 003622 | D62: 44945 | E62: 18:15 | F62: 582.5 | J62: 116.5 | O62: 699 | Q62: 699 | S62: =SUM(F62:I62)+N62 | T62: =J62 | U62: =YEAR(D62) | V62: =TEXT(D62,"yyyy-mm")
A63: EJ310123.TXT | B63: 004578 | C63: 003623 | D63: 44946 | E63: 11:51 | F63: 249.17 | J63: 49.83 | O63: 299 | Q63: 299 | S63: =SUM(F63:I63)+N63 | T63: =J63 | U63: =YEAR(D63) | V63: =TEXT(D63,"yyyy-mm")
A64: EJ310123.TXT | B64: 004579 | C64: 003624 | D64: 44946 | E64: 12:17 | F64: 37.5 | J64: 7.5 | O64: 45 | P64: 45 | S64: =SUM(F64:I64)+N64 | T64: =J64 | U64: =YEAR(D64) | V64: =TEXT(D64,"yyyy-mm")
A65: EJ310123.TXT | B65: 004580 | C65: 003625 | D65: 44946 | E65: 12:32 | F65: 725 | J65: 145 | O65: 870 | Q65: 870 | S65: =SUM(F65:I65)+N65 | T65: =J65 | U65: =YEAR(D65) | V65: =TEXT(D65,"yyyy-mm")
A66: EJ310123.TXT | B66: 004581 | C66: 003626 | D66: 44946 | E66: 13:04 | F66: 249.17 | J66: 49.83 | O66: 299 | P66: 299 | S66: =SUM(F66:I66)+N66 | T66: =J66 | U66: =YEAR(D66) | V66: =TEXT(D66,"yyyy-mm")
A67: EJ310123.TXT | B67: 004582 | C67: 003627 | D67: 44946 | E67: 14:32 | F67: 166.67 | J67: 33.33 | O67: 200 | Q67: 200 | S67: =SUM(F67:I67)+N67 | T67: =J67 | U67: =YEAR(D67) | V67: =TEXT(D67,"yyyy-mm")
A68: EJ310123.TXT | B68: 004583 | C68: 003628 | D68: 44946 | E68: 14:50 | F68: 319.17 | J68: 63.83 | O68: 383 | P68: 383 | S68: =SUM(F68:I68)+N68 | T68: =J68 | U68: =YEAR(D68) | V68: =TEXT(D68,"yyyy-mm")
A69: EJ310123.TXT | B69: 004584 | C69: 003629 | D69: 44946 | E69: 15:10 | F69: 175 | J69: 35 | O69: 210 | P69: 210 | S69: =SUM(F69:I69)+N69 | T69: =J69 | U69: =YEAR(D69) | V69: =TEXT(D69,"yyyy-mm")
A70: EJ310123.TXT | B70: 004585 | C70: 003630 | D70: 44946 | E70: 15:46 | F70: 249.17 | J70: 49.83 | O70: 299 | P70: 299 | S70: =SUM(F70:I70)+N70 | T70: =J70 | U70: =YEAR(D70) | V70: =TEXT(D70,"yyyy-mm")
A71: EJ310123.TXT | B71: 004586 | C71: 003631 | D71: 44946 | E71: 18:22 | F71: 483.33 | J71: 96.67 | O71: 580 | Q71: 580 | S71: =SUM(F71:I71)+N71 | T71: =J71 | U71: =YEAR(D71) | V71: =TEXT(D71,"yyyy-mm")
A72: EJ310123.TXT | B72: 004587 | C72: 003632 | D72: 44947 | E72: 15:25 | F72: 2100 | J72: 420 | O72: 2520 | P72: 2520 | S72: =SUM(F72:I72)+N72 | T72: =J72 | U72: =YEAR(D72) | V72: =TEXT(D72,"yyyy-mm")
A73: EJ310123.TXT | B73: 004588 | C73: 003633 | D73: 44947 | E73: 15:37 | F73: 494.17 | J73: 98.83 | O73: 593 | Q73: 593 | S73: =SUM(F73:I73)+N73 | T73: =J73 | U73: =YEAR(D73) | V73: =TEXT(D73,"yyyy-mm")
A74: EJ310123.TXT | B74: 004589 | C74: 003634 | D74: 44947 | E74: 15:40 | F74: 747.5 | J74: 149.5 | O74: 897 | Q74: 897 | S74: =SUM(F74:I74)+N74 | T74: =J74 | U74: =YEAR(D74) | V74: =TEXT(D74,"yyyy-mm")
A75: EJ310123.TXT | B75: 004590 | C75: 003635 | D75: 44947 | E75: 15:44 | F75: 747.5 | J75: 149.5 | O75: 897 | Q75: 897 | S75: =SUM(F75:I75)+N75 | T75: =J75 | U75: =YEAR(D75) | V75: =TEXT(D75,"yyyy-mm")
A76: EJ310123.TXT | B76: 004591 | C76: 003636 | D76: 44947 | E76: 15:46 | F76: 498.33 | J76: 99.67 | O76: 598 | Q76: 598 | S76: =SUM(F76:I76)+N76 | T76: =J76 | U76: =YEAR(D76) | V76: =TEXT(D76,"yyyy-mm")
A77: EJ310123.TXT | B77: 004592 | C77: 003637 | D77: 44947 | E77: 15:47 | F77: 725 | J77: 145 | O77: 870 | Q77: 870 | S77: =SUM(F77:I77)+N77 | T77: =J77 | U77: =YEAR(D77) | V77: =TEXT(D77,"yyyy-mm")
A78: EJ310123.TXT | B78: 004593 | C78: 003638 | D78: 44947 | E78: 15:48 | F78: 702.5 | J78: 140.5 | O78: 843 | Q78: 843 | S78: =SUM(F78:I78)+N78 | T78: =J78 | U78: =YEAR(D78) | V78: =TEXT(D78,"yyyy-mm")
A79: EJ310123.TXT | B79: 004594 | C79: 003639 | D79: 44947 | E79: 15:49 | F79: 226.67 | J79: 45.33 | O79: 272 | Q79: 272 | S79: =SUM(F79:I79)+N79 | T79: =J79 | U79: =YEAR(D79) | V79: =TEXT(D79,"yyyy-mm")
A80: EJ310123.TXT | B80: 004595 | C80: 003640 | D80: 44947 | E80: 16:04 | F80: 582.5 | J80: 116.5 | O80: 699 | Q80: 699 | S80: =SUM(F80:I80)+N80 | T80: =J80 | U80: =YEAR(D80) | V80: =TEXT(D80,"yyyy-mm")
A81: EJ310123.TXT | B81: 004596 | C81: 003641 | D81: 44947 | E81: 16:52 | F81: 175 | J81: 35 | O81: 210 | P81: 210 | S81: =SUM(F81:I81)+N81 | T81: =J81 | U81: =YEAR(D81) | V81: =TEXT(D81,"yyyy-mm")
A82: EJ310123.TXT | B82: 004597 | C82: 003642 | D82: 44947 | E82: 18:18 | F82: 249.17 | J82: 49.83 | O82: 299 | Q82: 299 | S82: =SUM(F82:I82)+N82 | T82: =J82 | U82: =YEAR(D82) | V82: =TEXT(D82,"yyyy-mm")
A83: EJ310123.TXT | B83: 004598 | C83: 003643 | D83: 44947 | E83: 18:40 | F83: 1245.83 | J83: 249.17 | O83: 1495 | P83: 1495 | S83: =SUM(F83:I83)+N83 | T83: =J83 | U83: =YEAR(D83) | V83: =TEXT(D83,"yyyy-mm")
A84: EJ310123.TXT | B84: 004599 | C84: 003644 | D84: 44949 | E84: 14:44 | F84: 747.5 | J84: 149.5 | O84: 897 | Q84: 897 | S84: =SUM(F84:I84)+N84 | T84: =J84 | U84: =YEAR(D84) | V84: =TEXT(D84,"yyyy-mm")
A85: EJ310123.TXT | B85: 004600 | C85: 003645 | D85: 44949 | E85: 14:45 | F85: 747.5 | J85: 149.5 | O85: 897 | Q85: 897 | S85: =SUM(F85:I85)+N85 | T85: =J85 | U85: =YEAR(D85) | V85: =TEXT(D85,"yyyy-mm")
A86: EJ310123.TXT | B86: 004601 | C86: 003646 | D86: 44949 | E86: 15:36 | F86: 156.67 | J86: 31.33 | O86: 188 | Q86: 188 | S86: =SUM(F86:I86)+N86 | T86: =J86 | U86: =YEAR(D86) | V86: =TEXT(D86,"yyyy-mm")
A87: EJ310123.TXT | B87: 004602 | C87: 003647 | D87: 44949 | E87: 15:36 | F87: 725 | J87: 145 | O87: 870 | Q87: 870 | S87: =SUM(F87:I87)+N87 | T87: =J87 | U87: =YEAR(D87) | V87: =TEXT(D87,"yyyy-mm")
A88: EJ310123.TXT | B88: 004603 | C88: 003648 | D88: 44949 | E88: 15:36 | F88: 241.67 | J88: 48.33 | O88: 290 | Q88: 290 | S88: =SUM(F88:I88)+N88 | T88: =J88 | U88: =YEAR(D88) | V88: =TEXT(D88,"yyyy-mm")
A89: EJ310123.TXT | B89: 004604 | C89: 003649 | D89: 44949 | E89: 15:36 | F89: 483.33 | J89: 96.67 | O89: 580 | Q89: 580 | S89: =SUM(F89:I89)+N89 | T89: =J89 | U89: =YEAR(D89) | V89: =TEXT(D89,"yyyy-mm")
A90: EJ310123.TXT | B90: 004605 | C90: 003650 | D90: 44949 | E90: 17:28 | F90: 115.83 | J90: 23.17 | O90: 139 | Q90: 139 | S90: =SUM(F90:I90)+N90 | T90: =J90 | U90: =YEAR(D90) | V90: =TEXT(D90,"yyyy-mm")
A91: EJ310123.TXT | B91: 004606 | C91: 003651 | D91: 44949 | E91: 17:50 | F91: 249.17 | J91: 49.83 | O91: 299 | Q91: 299 | S91: =SUM(F91:I91)+N91 | T91: =J91 | U91: =YEAR(D91) | V91: =TEXT(D91,"yyyy-mm")
A92: EJ310123.TXT | B92: 004607 | C92: 003652 | D92: 44950 | E92: 12:25 | F92: 747.5 | J92: 149.5 | O92: 897 | Q92: 897 | S92: =SUM(F92:I92)+N92 | T92: =J92 | U92: =YEAR(D92) | V92: =TEXT(D92,"yyyy-mm")
A93: EJ310123.TXT | B93: 004608 | C93: 003653 | D93: 44950 | E93: 12:27 | F93: 747.5 | J93: 149.5 | O93: 897 | Q93: 897 | S93: =SUM(F93:I93)+N93 | T93: =J93 | U93: =YEAR(D93) | V93: =TEXT(D93,"yyyy-mm")
A94: EJ310123.TXT | B94: 004609 | C94: 003654 | D94: 44950 | E94: 12:27 | F94: 747.5 | J94: 149.5 | O94: 897 | Q94: 897 | S94: =SUM(F94:I94)+N94 | T94: =J94 | U94: =YEAR(D94) | V94: =TEXT(D94,"yyyy-mm")
A95: EJ310123.TXT | B95: 004610 | C95: 003655 | D95: 44950 | E95: 12:27 | F95: 747.5 | J95: 149.5 | O95: 897 | Q95: 897 | S95: =SUM(F95:I95)+N95 | T95: =J95 | U95: =YEAR(D95) | V95: =TEXT(D95,"yyyy-mm")
... A99: EJ310123.TXT | B99: 004614 | C99: 003659 | D99: 44950 | E99: 15:52 | F99: 498.33 | J99: 99.67 | O99: 598 | Q99: 598 | S99: =SUM(F99:I99)+N99 | T99: =J99 | U99: =YEAR(D99) | V99: =TEXT(D99,"yyyy-mm")
A100: EJ310123.TXT | B100: 004615 | C100: 003660 | D100: 44950 | E100: 15:57 | F100: 498.33 | J100: 99.67 | O100: 598 | P100: 598 | S100: =SUM(F100:I100)+N100 | T100: =J100 | U100: =YEAR(D100) | V100: =TEXT(D100,"yyyy-mm")
A101: EJ310123.TXT | B101: 004616 | C101: 003661 | D101: 44950 | E101: 18:33 | F101: 208.33 | J101: 41.67 | O101: 250 | Q101: 250 | S101: =SUM(F101:I101)+N101 | T101: =J101 | U101: =YEAR(D101) | V101: =TEXT(D101,"yyyy-mm")
A102: EJ310123.TXT | B102: 004617 | C102: 003662 | D102: 44952 | E102: 12:16 | F102: 725 | J102: 145 | O102: 870 | Q102: 870 | S102: =SUM(F102:I102)+N102 | T102: =J102 | U102: =YEAR(D102) | V102: =TEXT(D102,"yyyy-mm")
A103: EJ310123.TXT | B103: 004618 | C103: 003663 | D103: 44952 | E103: 12:16 | F103: 241.67 | J103: 48.33 | O103: 290 | Q103: 290 | S103: =SUM(F103:I103)+N103 | T103: =J103 | U103: =YEAR(D103) | V103: =TEXT(D103,"yyyy-mm")
A104: EJ310123.TXT | B104: 004619 | C104: 003664 | D104: 44952 | E104: 12:16 | F104: 483.33 | J104: 96.67 | O104: 580 | Q104: 580 | S104: =SUM(F104:I104)+N104 | T104: =J104 | U104: =YEAR(D104) | V104: =TEXT(D104,"yyyy-mm")
A105: EJ310123.TXT | B105: 004620 | C105: 003665 | D105: 44952 | E105: 12:23 | F105: 498.33 | J105: 99.67 | O105: 598 | Q105: 598 | S105: =SUM(F105:I105)+N105 | T105: =J105 | U105: =YEAR(D105) | V105: =TEXT(D105,"yyyy-mm")
A106: EJ310123.TXT | B106: 004621 | C106: 003666 | D106: 44952 | E106: 12:28 | F106: 498.33 | J106: 99.67 | O106: 598 | Q106: 598 | S106: =SUM(F106:I106)+N106 | T106: =J106 | U106: =YEAR(D106) | V106: =TEXT(D106,"yyyy-mm")
A107: EJ310123.TXT | B107: 004622 | C107: 003667 | D107: 44952 | E107: 14:55 | F107: 963.33 | J107: 192.67 | O107: 1156 | P107: 1156 | S107: =SUM(F107:I107)+N107 | T107: =J107 | U107: =YEAR(D107) | V107: =TEXT(D107,"yyyy-mm")
A108: EJ310123.TXT | B108: 004623 | C108: 003668 | D108: 44953 | E108: 11:14 | F108: 747.5 | J108: 149.5 | O108: 897 | Q108: 897 | S108: =SUM(F108:I108)+N108 | T108: =J108 | U108: =YEAR(D108) | V108: =TEXT(D108,"yyyy-mm")
A109: EJ310123.TXT | B109: 004624 | C109: 003669 | D109: 44953 | E109: 16:22 | F109: 249.17 | J109: 49.83 | O109: 299 | Q109: 299 | S109: =SUM(F109:I109)+N109 | T109: =J109 | U109: =YEAR(D109) | V109: =TEXT(D109,"yyyy-mm")
A110: EJ310123.TXT | B110: 004625 | C110: 003670 | D110: 44953 | E110: 16:58 | F110: 498.33 | J110: 99.67 | O110: 598 | P110: 598 | S110: =SUM(F110:I110)+N110 | T110: =J110 | U110: =YEAR(D110) | V110: =TEXT(D110,"yyyy-mm")
A111: EJ310123.TXT | B111: 004626 | C111: 003671 | D111: 44953 | E111: 17:40 | F111: 331.67 | J111: 66.33 | O111: 398 | P111: 398 | S111: =SUM(F111:I111)+N111 | T111: =J111 | U111: =YEAR(D111) | V111: =TEXT(D111,"yyyy-mm")
A112: EJ310123.TXT | B112: 004627 | C112: 003672 | D112: 44953 | E112: 18:11 | F112: 350 | J112: 70 | O112: 420 | Q112: 420 | S112: =SUM(F112:I112)+N112 | T112: =J112 | U112: =YEAR(D112) | V112: =TEXT(D112,"yyyy-mm")
A113: EJ310123.TXT | B113: 004628 | C113: 003673 | D113: 44953 | E113: 18:36 | F113: 144.17 | J113: 28.83 | O113: 173 | Q113: 173 | S113: =SUM(F113:I113)+N113 | T113: =J113 | U113: =YEAR(D113) | V113: =TEXT(D113,"yyyy-mm")
...

Sheet TD_TotalEnctTTC
A1: AJ_ANNEE | B1: AJ_MOIS | C1: SOMME_E_TTC | D1: SOMME_E_MDP_CB | E1: SOMME_E_MDP_CHEQUES | F1: SOMME_E_MDP_ESPECES
A2: 2023 | B2: 2023-01 | C2: =SUMIFS('Entetes_CplteAnneeMois'!$O$2:$O$1154,'Entetes_CplteAnneeMois'!$V$2:$V$1154,B2) | D2: =SUMIFS('Entetes_CplteAnneeMois'!$P$2:$P$1154,'Entetes_CplteAnneeMois'!$V$2:$V$1154,B2) | E2: =SUMIFS('Entetes_CplteAnneeMois'!$R$2:$R$1154,'Entetes_CplteAnneeMois'!$V$2:$V$1154,B2) | F2: =SUMIFS('Entetes_CplteAnneeMois'!$Q$2:$Q$1154,'Entetes_CplteAnneeMois'!$V$2:$V$1154,B2)
A3: 2023 | B3: 2023-02 | C3: =SUMIFS('Entetes_CplteAnneeMois'!$O$2:$O$1154,'Entetes_CplteAnneeMois'!$V$2:$V$1154,B3) | D3: =SUMIFS('Entetes_CplteAnneeMois'!$P$2:$P$1154,'Entetes_CplteAnneeMois'!$V$2:$V$1154,B3) | E3: =SUMIFS('Entetes_CplteAnneeMois'!$R$2:$R$1154,'Entetes_CplteAnneeMois'!$V$2:$V$1154,B3) | F3: =SUMIFS('Entetes_CplteAnneeMois'!$Q$2:$Q$1154,'Entetes_CplteAnneeMois'!$V$2:$V$1154,B3)
A4: 2023 | B4: 2023-03 | C4: =SUMIFS('Entetes_CplteAnneeMois'!$O$2:$O$1154,'Entetes_CplteAnneeMois'!$V$2:$V$1154,B4) | D4: =SUMIFS('Entetes_CplteAnneeMois'!$P$2:$P$1154,'Entetes_CplteAnneeMois'!$V$2:$V$1154,B4) | E4: =SUMIFS('Entetes_CplteAnneeMois'!$R$2:$R$1154,'Entetes_CplteAnneeMois'!$V$2:$V$1154,B4) | F4: =SUMIFS('Entetes_CplteAnneeMois'!$Q$2:$Q$1154,'Entetes_CplteAnneeMois'!$V$2:$V$1154,B4)
A5: 2023 | B5: 2023-04 | C5: =SUMIFS('Entetes_CplteAnneeMois'!$O$2:$O$1154,'Entetes_CplteAnneeMois'!$V$2:$V$1154,B5) | D5: =SUMIFS('Entetes_CplteAnneeMois'!$P$2:$P$1154,'Entetes_CplteAnneeMois'!$V$2:$V$1154,B5) | E5: =SUMIFS('Entetes_CplteAnneeMois'!$R$2:$R$1154,'Entetes_CplteAnneeMois'!$V$2:$V$1154,B5) | F5: =SUMIFS('Entetes_CplteAnneeMois'!$Q$2:$Q$1154,'Entetes_CplteAnneeMois'!$V$2:$V$1154,B5)
A6: 2023 | B6: 2023-05 | C6: =SUMIFS('Entetes_CplteAnneeMois'!$O$2:$O$1154,'Entetes_CplteAnneeMois'!$V$2:$V$1154,B6) | D6: =SUMIFS('Entetes_CplteAnneeMois'!$P$2:$P$1154,'Entetes_CplteAnneeMois'!$V$2:$V$1154,B6) | E6: =SUMIFS('Entetes_CplteAnneeMois'!$R$2:$R$1154,'Entetes_CplteAnneeMois'!$V$2:$V$1154,B6) | F6: =SUMIFS('Entetes_CplteAnneeMois'!$Q$2:$Q$1154,'Entetes_CplteAnneeMois'!$V$2:$V$1154,B6)
A7: 2023 | B7: 2023-06 | C7: =SUMIFS('Entetes_CplteAnneeMois'!$O$2:$O$1154,'Entetes_CplteAnneeMois'!$V$2:$V$1154,B7) | D7: =SUMIFS('Entetes_CplteAnneeMois'!$P$2:$P$1154,'Entetes_CplteAnneeMois'!$V$2:$V$1154,B7) | E7: =SUMIFS('Entetes_CplteAnneeMois'!$R$2:$R$1154,'Entetes_CplteAnneeMois'!$V$2:$V$1154,B7) | F7: =SUMIFS('Entetes_CplteAnneeMois'!$Q$2:$Q$1154,'Entetes_CplteAnneeMois'!$V$2:$V$1154,B7)
A8: 2023 | B8: 2023-07 | C8: =SUMIFS('Entetes_CplteAnneeMois'!$O$2:$O$1154,'Entetes_CplteAnneeMois'!$V$2:$V$1154,B8) | D8: =SUMIFS('Entetes_CplteAnneeMois'!$P$2:$P$1154,'Entetes_CplteAnneeMois'!$V$2:$V$1154,B8) | E8: =SUMIFS('Entetes_CplteAnneeMois'!$R$2:$R$1154,'Entetes_CplteAnneeMois'!$V$2:$V$1154,B8) | F8: =SUMIFS('Entetes_CplteAnneeMois'!$Q$2:$Q$1154,'Entetes_CplteAnneeMois'!$V$2:$V$1154,B8)
A9: 2023 | B9: 2023-08 | C9: =SUMIFS('Entetes_CplteAnneeMois'!$O$2:$O$1154,'Entetes_CplteAnneeMois'!$V$2:$V$1154,B9) | D9: =SUMIFS('Entetes_CplteAnneeMois'!$P$2:$P$1154,'Entetes_CplteAnneeMois'!$V$2:$V$1154,B9) | E9: =SUMIFS('Entetes_CplteAnneeMois'!$R$2:$R$1154,'Entetes_CplteAnneeMois'!$V$2:$V$1154,B9) | F9: =SUMIFS('Entetes_CplteAnneeMois'!$Q$2:$Q$1154,'Entetes_CplteAnneeMois'!$V$2:$V$1154,B9)
A10: 2023 | B10: 2023-09 | C10: =SUMIFS('Entetes_CplteAnneeMois'!$O$2:$O$1154,'Entetes_CplteAnneeMois'!$V$2:$V$1154,B10) | D10: =SUMIFS('Entetes_CplteAnneeMois'!$P$2:$P$1154,'Entetes_CplteAnneeMois'!$V$2:$V$1154,B10) | E10: =SUMIFS('Entetes_CplteAnneeMois'!$R$2:$R$1154,'Entetes_CplteAnneeMois'!$V$2:$V$1154,B10) | F10: =SUMIFS('Entetes_CplteAnneeMois'!$Q$2:$Q$1154,'Entetes_CplteAnneeMois'!$V$2:$V$1154,B10)
A11: 2023 | B11: 2023-10 | C11: =SUMIFS('Entetes_CplteAnneeMois'!$O$2:$O$1154,'Entetes_CplteAnneeMois'!$V$2:$V$1154,B11) | D11: =SUMIFS('Entetes_CplteAnneeMois'!$P$2:$P$1154,'Entetes_CplteAnneeMois'!$V$2:$V$1154,B11) | E11: =SUMIFS('Entetes_CplteAnneeMois'!$R$2:$R$1154,'Entetes_CplteAnneeMois'!$V$2:$V$1154,B11) | F11: =SUMIFS('Entetes_CplteAnneeMois'!$Q$2:$Q$1154,'Entetes_CplteAnneeMois'!$V$2:$V$1154,B11)
A12: 2023 | B12: 2023-11 | C12: =SUMIFS('Entetes_CplteAnneeMois'!$O$2:$O$1154,'Entetes_CplteAnneeMois'!$V$2:$V$1154,B12) | D12: =SUMIFS('Entetes_CplteAnneeMois'!$P$2:$P$1154,'Entetes_CplteAnneeMois'!$V$2:$V$1154,B12) | E12: =SUMIFS('Entetes_CplteAnneeMois'!$R$2:$R$1154,'Entetes_CplteAnneeMois'!$V$2:$V$1154,B12) | F12: =SUMIFS('Entetes_CplteAnneeMois'!$Q$2:$Q$1154,'Entetes_CplteAnneeMois'!$V$2:$V$1154,B12)
A13: 2023 | B13: 2023-12 | C13: =SUMIFS('Entetes_CplteAnneeMois'!$O$2:$O$1154,'Entetes_CplteAnneeMois'!$V$2:$V$1154,B13) | D13: =SUMIFS('Entetes_CplteAnneeMois'!$P$2:$P$1154,'Entetes_CplteAnneeMois'!$V$2:$V$1154,B13) | E13: =SUMIFS('Entetes_CplteAnneeMois'!$R$2:$R$1154,'Entetes_CplteAnneeMois'!$V$2:$V$1154,B13) | F13: =SUMIFS('Entetes_CplteAnneeMois'!$Q$2:$Q$1154,'Entetes_CplteAnneeMois'!$V$2:$V$1154,B13)
... A33: 2025 | B33: 2025-08 | C33: =SUMIFS('Entetes_CplteAnneeMois'!$O$2:$O$1154,'Entetes_CplteAnneeMois'!$V$2:$V$1154,B33) | D33: =SUMIFS('Entetes_CplteAnneeMois'!$P$2:$P$1154,'Entetes_CplteAnneeMois'!$V$2:$V$1154,B33) | E33: =SUMIFS('Entetes_CplteAnneeMois'!$R$2:$R$1154,'Entetes_CplteAnneeMois'!$V$2:$V$1154,B33) | F33: =SUMIFS('Entetes_CplteAnneeMois'!$Q$2:$Q$1154,'Entetes_CplteAnneeMois'!$V$2:$V$1154,B33)

Sheet enct_mensuels_MASSENA
A1: AJ_ANNEE | B1: AJ_MOIS | C1: SOMME_E_TTC | D1: SOMME_E_MDP_CB | E1: SOMME_E_MDP_CHEQUES | F1: SOMME_E_MDP_ESPECES
A2: ='TD_TotalEnctTTC'!A2 | B2: ='TD_TotalEnctTTC'!B2 | C2: ='TD_TotalEnctTTC'!C2 | D2: ='TD_TotalEnctTTC'!D2 | E2: ='TD_TotalEnctTTC'!E2 | F2: ='TD_TotalEnctTTC'!F2
A3: ='TD_TotalEnctTTC'!A3 | B3: ='TD_TotalEnctTTC'!B3 | C3: ='TD_TotalEnctTTC'!C3 | D3: ='TD_TotalEnctTTC'!D3 | E3: ='TD_TotalEnctTTC'!E3 | F3: ='TD_TotalEnctTTC'!F3
A4: ='TD_TotalEnctTTC'!A4 | B4: ='TD_TotalEnctTTC'!B4 | C4: ='TD_TotalEnctTTC'!C4 | D4: ='TD_TotalEnctTTC'!D4 | E4: ='TD_TotalEnctTTC'!E4 | F4: ='TD_TotalEnctTTC'!F4
A5: ='TD_TotalEnctTTC'!A5 | B5: ='TD_TotalEnctTTC'!B5 | C5: ='TD_TotalEnctTTC'!C5 | D5: ='TD_TotalEnctTTC'!D5 | E5: ='TD_TotalEnctTTC'!E5 | F5: ='TD_TotalEnctTTC'!F5
A6: ='TD_TotalEnctTTC'!A6 | B6: ='TD_TotalEnctTTC'!B6 | C6: ='TD_TotalEnctTTC'!C6 | D6: ='TD_TotalEnctTTC'!D6 | E6: ='TD_TotalEnctTTC'!E6 | F6: ='TD_TotalEnctTTC'!F6
A7: ='TD_TotalEnctTTC'!A7 | B7: ='TD_TotalEnctTTC'!B7 | C7: ='TD_TotalEnctTTC'!C7 | D7: ='TD_TotalEnctTTC'!D7 | E7: ='TD_TotalEnctTTC'!E7 | F7: ='TD_TotalEnctTTC'!F7
A8: ='TD_TotalEnctTTC'!A8 | B8: ='TD_TotalEnctTTC'!B8 | C8: ='TD_TotalEnctTTC'!C8 | D8: ='TD_TotalEnctTTC'!D8 | E8: ='TD_TotalEnctTTC'!E8 | F8: ='TD_TotalEnctTTC'!F8
A9: ='TD_TotalEnctTTC'!A9 | B9: ='TD_TotalEnctTTC'!B9 | C9: ='TD_TotalEnctTTC'!C9 | D9: ='TD_TotalEnctTTC'!D9 | E9: ='TD_TotalEnctTTC'!E9 | F9: ='TD_TotalEnctTTC'!F9
A10: ='TD_TotalEnctTTC'!A10 | B10: ='TD_TotalEnctTTC'!B10 | C10: ='TD_TotalEnctTTC'!C10 | D10: ='TD_TotalEnctTTC'!D10 | E10: ='TD_TotalEnctTTC'!E10 | F10: ='TD_TotalEnctTTC'!F10
A11: ='TD_TotalEnctTTC'!A11 | B11: ='TD_TotalEnctTTC'!B11 | C11: ='TD_TotalEnctTTC'!C11 | D11: ='TD_TotalEnctTTC'!D11 | E11: ='TD_TotalEnctTTC'!E11 | F11: ='TD_TotalEnctTTC'!F11
A12: ='TD_TotalEnctTTC'!A12 | B12: ='TD_TotalEnctTTC'!B12 | C12: ='TD_TotalEnctTTC'!C12 | D12: ='TD_TotalEnctTTC'!D12 | E12: ='TD_TotalEnctTTC'!E12 | F12: ='TD_TotalEnctTTC'!F12
A13: ='TD_TotalEnctTTC'!A13 | B13: ='TD_TotalEnctTTC'!B13 | C13: ='TD_TotalEnctTTC'!C13 | D13: ='TD_TotalEnctTTC'!D13 | E13: ='TD_TotalEnctTTC'!E13 | F13: ='TD_TotalEnctTTC'!F13
... A33: ='TD_TotalEnctTTC'!A33 | B33: ='TD_TotalEnctTTC'!B33 | C33: ='TD_TotalEnctTTC'!C33 | D33: ='TD_TotalEnctTTC'!D33 | E33: ='TD_TotalEnctTTC'!E33 | F33: ='TD_TotalEnctTTC'!F33

Sheet TD_TotalHtTvaTtc
A1: AJ_ANNEE | B1: AJ_MOIS | C1: SOMME_AJ_TOTAL_HT | D1: SOMME_AJ_TOTAL_TVA_20 | E1: SOMME_E_TTC
A2: 2023 | B2: 2023-01 | C2: =SUMIFS('Entetes_CplteAnneeMois'!$S$2:$S$1154,'Entetes_CplteAnneeMois'!$V$2:$V$1154,B2) | D2: =SUMIFS('Entetes_CplteAnneeMois'!$T$2:$T$1154,'Entetes_CplteAnneeMois'!$V$2:$V$1154,B2) | E2: =SUMIFS('Entetes_CplteAnneeMois'!$O$2:$O$1154,'Entetes_CplteAnneeMois'!$V$2:$V$1154,B2)
A3: 2023 | B3: 2023-02 | C3: =SUMIFS('Entetes_CplteAnneeMois'!$S$2:$S$1154,'Entetes_CplteAnneeMois'!$V$2:$V$1154,B3) | D3: =SUMIFS('Entetes_CplteAnneeMois'!$T$2:$T$1154,'Entetes_CplteAnneeMois'!$V$2:$V$1154,B3) | E3: =SUMIFS('Entetes_CplteAnneeMois'!$O$2:$O$1154,'Entetes_CplteAnneeMois'!$V$2:$V$1154,B3)
A4: 2023 | B4: 2023-03 | C4: =SUMIFS('Entetes_CplteAnneeMois'!$S$2:$S$1154,'Entetes_CplteAnneeMois'!$V$2:$V$1154,B4) | D4: =SUMIFS('Entetes_CplteAnneeMois'!$T$2:$T$1154,'Entetes_CplteAnneeMois'!$V$2:$V$1154,B4) | E4: =SUMIFS('Entetes_CplteAnneeMois'!$O$2:$O$1154,'Entetes_CplteAnneeMois'!$V$2:$V$1154,B4)
A5: 2023 | B5: 2023-04 | C5: =SUMIFS('Entetes_CplteAnneeMois'!$S$2:$S$1154,'Entetes_CplteAnneeMois'!$V$2:$V$1154,B5) | D5: =SUMIFS('Entetes_CplteAnneeMois'!$T$2:$T$1154,'Entetes_CplteAnneeMois'!$V$2:$V$1154,B5) | E5: =SUMIFS('Entetes_CplteAnneeMois'!$O$2:$O$1154,'Entetes_CplteAnneeMois'!$V$2:$V$1154,B5)
A6: 2023 | B6: 2023-05 | C6: =SUMIFS('Entetes_CplteAnneeMois'!$S$2:$S$1154,'Entetes_CplteAnneeMois'!$V$2:$V$1154,B6) | D6: =SUMIFS('Entetes_CplteAnneeMois'!$T$2:$T$1154,'Entetes_CplteAnneeMois'!$V$2:$V$1154,B6) | E6: =SUMIFS('Entetes_CplteAnneeMois'!$O$2:$O$1154,'Entetes_CplteAnneeMois'!$V$2:$V$1154,B6)
A7: 2023 | B7: 2023-06 | C7: =SUMIFS('Entetes_CplteAnneeMois'!$S$2:$S$1154,'Entetes_CplteAnneeMois'!$V$2:$V$1154,B7) | D7: =SUMIFS('Entetes_CplteAnneeMois'!$T$2:$T$1154,'Entetes_CplteAnneeMois'!$V$2:$V$1154,B7) | E7: =SUMIFS('Entetes_CplteAnneeMois'!$O$2:$O$1154,'Entetes_CplteAnneeMois'!$V$2:$V$1154,B7)
A8: 2023 | B8: 2023-07 | C8: =SUMIFS('Entetes_CplteAnneeMois'!$S$2:$S$1154,'Entetes_CplteAnneeMois'!$V$2:$V$1154,B8) | D8: =SUMIFS('Entetes_CplteAnneeMois'!$T$2:$T$1154,'Entetes_CplteAnneeMois'!$V$2:$V$1154,B8) | E8: =SUMIFS('Entetes_CplteAnneeMois'!$O$2:$O$1154,'Entetes_CplteAnneeMois'!$V$2:$V$1154,B8)
A9: 2023 | B9: 2023-08 | C9: =SUMIFS('Entetes_CplteAnneeMois'!$S$2:$S$1154,'Entetes_CplteAnneeMois'!$V$2:$V$1154,B9) | D9: =SUMIFS('Entetes_CplteAnneeMois'!$T$2:$T$1154,'Entetes_CplteAnneeMois'!$V$2:$V$1154,B9) | E9: =SUMIFS('Entetes_CplteAnneeMois'!$O$2:$O$1154,'Entetes_CplteAnneeMois'!$V$2:$V$1154,B9)
A10: 2023 | B10: 2023-09 | C10: =SUMIFS('Entetes_CplteAnneeMois'!$S$2:$S$1154,'Entetes_CplteAnneeMois'!$V$2:$V$1154,B10) | D10: =SUMIFS('Entetes_CplteAnneeMois'!$T$2:$T$1154,'Entetes_CplteAnneeMois'!$V$2:$V$1154,B10) | E10: =SUMIFS('Entetes_CplteAnneeMois'!$O$2:$O$1154,'Entetes_CplteAnneeMois'!$V$2:$V$1154,B10)
A11: 2023 | B11: 2023-10 | C11: =SUMIFS('Entetes_CplteAnneeMois'!$S$2:$S$1154,'Entetes_CplteAnneeMois'!$V$2:$V$1154,B11) | D11: =SUMIFS('Entetes_CplteAnneeMois'!$T$2:$T$1154,'Entetes_CplteAnneeMois'!$V$2:$V$1154,B11) | E11: =SUMIFS('Entetes_CplteAnneeMois'!$O$2:$O$1154,'Entetes_CplteAnneeMois'!$V$2:$V$1154,B11)
A12: 2023 | B12: 2023-11 | C12: =SUMIFS('Entetes_CplteAnneeMois'!$S$2:$S$1154,'Entetes_CplteAnneeMois'!$V$2:$V$1154,B12) | D12: =SUMIFS('Entetes_CplteAnneeMois'!$T$2:$T$1154,'Entetes_CplteAnneeMois'!$V$2:$V$1154,B12) | E12: =SUMIFS('Entetes_CplteAnneeMois'!$O$2:$O$1154,'Entetes_CplteAnneeMois'!$V$2:$V$1154,B12)
A13: 2023 | B13: 2023-12 | C13: =SUMIFS('Entetes_CplteAnneeMois'!$S$2:$S$1154,'Entetes_CplteAnneeMois'!$V$2:$V$1154,B13) | D13: =SUMIFS('Entetes_CplteAnneeMois'!$T$2:$T$1154,'Entetes_CplteAnneeMois'!$V$2:$V$1154,B13) | E13: =SUMIFS('Entetes_CplteAnneeMois'!$O$2:$O$1154,'Entetes_CplteAnneeMois'!$V$2:$V$1154,B13)
... A33: 2025 | B33: 2025-08 | C33: =SUMIFS('Entetes_CplteAnneeMois'!$S$2:$S$1154,'Entetes_CplteAnneeMois'!$V$2:$V$1154,B33) | D33: =SUMIFS('Entetes_CplteAnneeMois'!$T$2:$T$1154,'Entetes_CplteAnneeMois'!$V$2:$V$1154,B33) | E33: =SUMIFS('Entetes_CplteAnneeMois'!$O$2:$O$1154,'Entetes_CplteAnneeMois'!$V$2:$V$1154,B33)

Sheet recettes_mensuelles_MASSENA
A1: AJ_ANNEE | B1: AJ_MOIS | C1: SOMME_AJ_TOTAL_HT | D1: SOMME_AJ_TOTAL_TVA_20 | E1: SOMME_E_TTC
A2: ='TD_TotalHtTvaTtc'!A2 | B2: ='TD_TotalHtTvaTtc'!B2 | C2: ='TD_TotalHtTvaTtc'!C2 | D2: ='TD_TotalHtTvaTtc'!D2 | E2: ='TD_TotalHtTvaTtc'!E2
A3: ='TD_TotalHtTvaTtc'!A3 | B3: ='TD_TotalHtTvaTtc'!B3 | C3: ='TD_TotalHtTvaTtc'!C3 | D3: ='TD_TotalHtTvaTtc'!D3 | E3: ='TD_TotalHtTvaTtc'!E3
A4: ='TD_TotalHtTvaTtc'!A4 | B4: ='TD_TotalHtTvaTtc'!B4 | C4: ='TD_TotalHtTvaTtc'!C4 | D4: ='TD_TotalHtTvaTtc'!D4 | E4: ='TD_TotalHtTvaTtc'!E4
A5: ='TD_TotalHtTvaTtc'!A5 | B5: ='TD_TotalHtTvaTtc'!B5 | C5: ='TD_TotalHtTvaTtc'!C5 | D5: ='TD_TotalHtTvaTtc'!D5 | E5: ='TD_TotalHtTvaTtc'!E5
A6: ='TD_TotalHtTvaTtc'!A6 | B6: ='TD_TotalHtTvaTtc'!B6 | C6: ='TD_TotalHtTvaTtc'!C6 | D6: ='TD_TotalHtTvaTtc'!D6 | E6: ='TD_TotalHtTvaTtc'!E6
A7: ='TD_TotalHtTvaTtc'!A7 | B7: ='TD_TotalHtTvaTtc'!B7 | C7: ='TD_TotalHtTvaTtc'!C7 | D7: ='TD_TotalHtTvaTtc'!D7 | E7: ='TD_TotalHtTvaTtc'!E7
A8: ='TD_TotalHtTvaTtc'!A8 | B8: ='TD_TotalHtTvaTtc'!B8 | C8: ='TD_TotalHtTvaTtc'!C8 | D8: ='TD_TotalHtTvaTtc'!D8 | E8: ='TD_TotalHtTvaTtc'!E8
A9: ='TD_TotalHtTvaTtc'!A9 | B9: ='TD_TotalHtTvaTtc'!B9 | C9: ='TD_TotalHtTvaTtc'!C9 | D9: ='TD_TotalHtTvaTtc'!D9 | E9: ='TD_TotalHtTvaTtc'!E9
A10: ='TD_TotalHtTvaTtc'!A10 | B10: ='TD_TotalHtTvaTtc'!B10 | C10: ='TD_TotalHtTvaTtc'!C10 | D10: ='TD_TotalHtTvaTtc'!D10 | E10: ='TD_TotalHtTvaTtc'!E10
A11: ='TD_TotalHtTvaTtc'!A11 | B11: ='TD_TotalHtTvaTtc'!B11 | C11: ='TD_TotalHtTvaTtc'!C11 | D11: ='TD_TotalHtTvaTtc'!D11 | E11: ='TD_TotalHtTvaTtc'!E11
A12: ='TD_TotalHtTvaTtc'!A12 | B12: ='TD_TotalHtTvaTtc'!B12 | C12: ='TD_TotalHtTvaTtc'!C12 | D12: ='TD_TotalHtTvaTtc'!D12 | E12: ='TD_TotalHtTvaTtc'!E12
A13: ='TD_TotalHtTvaTtc'!A13 | B13: ='TD_TotalHtTvaTtc'!B13 | C13: ='TD_TotalHtTvaTtc'!C13 | D13: ='TD_TotalHtTvaTtc'!D13 | E13: ='TD_TotalHtTvaTtc'!E13
... A33: ='TD_TotalHtTvaTtc'!A33 | B33: ='TD_TotalHtTvaTtc'!B33 | C33: ='TD_TotalHtTvaTtc'!C33 | D33: ='TD_TotalHtTvaTtc'!D33 | E33: ='TD_TotalHtTvaTtc'!E33
