Workbook

Sheet Z1_2024_MATURIN_0
A1: nomfichier | B1: E_MODELE | C1: E_MACHINE | D1: E_RAPPORT | E1: E_FICHIER | F1: E_MODE | G1: E_COMPTEUR_Z | H1: E_DATE | I1: E_HEURE | J1: D_ENREGISTREMENT | K1: D_DESIGNATION | L1: D_QUANTITE | M1: D_MONTANT
A2: Z001_01_012024_MATURIN.CSV | C2: MC#01 | D2: FONC FIXES | E2: FILE001 | F2: Z | G2: 0029 | H2: 45323 | I2: 10:29 | J2: 0001 | K2: CA BRUT | L2: 63 | M2: 26282.65
A3: Z001_01_012024_MATURIN.CSV | C3: MC#01 | D3: FONC FIXES | E3: FILE001 | F3: Z | G3: 0029 | H3: 45323 | I3: 10:29 | J3: 0002 | K3: CA NET | L3: 94 | M3: 26282.65
A4: Z001_01_012024_MATURIN.CSV | C4: MC#01 | D4: FONC FIXES | E4: FILE001 | F4: Z | G4: 0029 | H4: 45323 | I4: 10:29 | J4: 0003 | K4: ESP.TIROIR | L4: 0 | M4: 2027.95
A5: Z001_01_012024_MATURIN.CSV | C5: MC#01 | D5: FONC FIXES | E5: FILE001 | F5: Z | G5: 0029 | H5: 45323 | I5: 10:29 | J5: 0004 | K5: CB.TIROIR | L5: 0 | M5: 24254.7
A6: Z001_01_012024_MATURIN.CSV | C6: MC#01 | D6: FONC FIXES | E6: FILE001 | F6: Z | G6: 0029 | H6: 45323 | I6: 10:29 | J6: 0005 | K6: CHQ.TIROIR | L6: 0 | M6: 0
A7: Z001_01_012024_MATURIN.CSV | C7: MC#01 | D7: FONC FIXES | E7: FILE001 | F7: Z | G7: 0029 | H7: 45323 | I7: 10:29 | J7: 0006 | K7: CR.TIROIR(1) | L7: 0 | M7: 0
A8: Z001_01_012024_MATURIN.CSV | C8: MC#01 | D8: FONC FIXES | E8: FILE001 | F8: Z | G8: 0029 | H8: 45323 | I8: 10:29 | J8: 0007 | K8: CR.TIROIR(2) | L8: 0 | M8: 0
A9: Z001_01_012024_MATURIN.CSV | C9: MC#01 | D9: FONC FIXES | E9: FILE001 | F9: Z | G9: 0029 | H9: 45323 | I9: 10:29 | J9: 0008 | K9: CR.TIROIR(3) | L9: 0 | M9: 0
A10: Z001_01_012024_MATURIN.CSV | C10: MC#01 | D10: FONC FIXES | E10: FILE001 | F10: Z | G10: 0029 | H10: 45323 | I10: 10:29 | J10: 0009 | K10: CR.TIROIR(4) | L10: 0 | M10: 0
A11: Z001_01_012024_MATURIN.CSV | C11: MC#01 | D11: FONC FIXES | E11: FILE001 | F11: Z | G11: 0029 | H11: 45323 | I11: 10:29 | J11: 0010 | K11: ESP.TIROIR2 | L11: 0 | M11: 0
A12: Z001_01_012024_MATURIN.CSV | C12: MC#01 | D12: FONC FIXES | E12: FILE001 | F12: Z | G12: 0029 | H12: 45323 | I12: 10:29 | J12: 0011 | K12: CB.TIROIR2 | L12: 0 | M12: 0
A13: Z001_01_012024_MATURIN.CSV | C13: MC#01 | D13: FONC FIXES | E13: FILE001 | F13: Z | G13: 0029 | H13: 45323 | I13: 10:29 | J13: 0012 | K13: CHQ.TIROIR2 | L13: 0 | M13: 0
... A27: Z001_01_012024_MATURIN.CSV | C27: MC#01 | D27: FONC FIXES | E27: FILE001 | F27: Z | G27: 0029 | H27: 45323 | I27: 10:29 | J27: 0026 | K27: TOTAL REMISE | L27: 0 | M27: 0
A28: Z001_01_012024_MATURIN.CSV | C28: MC#01 | D28: FONC FIXES | E28: FILE001 | F28: Z | G28: 0029 | H28: 45323 | I28: 10:29 | J28: 0027 | L28: 0 | M28: 0
A29: Z001_01_012024_MATURIN.CSV | C29: MC#01 | D29: FONC FIXES | E29: FILE001 | F29: Z | G29: 0029 | H29: 45323 | I29: 10:29 | J29: 0028 | K29: RETOUR+ANNUL | L29: 0 | M29: 0
A30: Z001_01_012024_MATURIN.CSV | C30: MC#01 | D30: FONC FIXES | E30: FILE001 | F30: Z | G30: 0029 | H30: 45323 | I30: 10:29 | J30: 0029 | K30: TL ARRONDI | L30: 0 | M30: 0
A31: Z001_01_012024_MATURIN.CSV | C31: MC#01 | D31: FONC FIXES | E31: FILE001 | F31: Z | G31: 0029 | H31: 45323 | I31: 10:29 | J31: 0030 | K31: TL ARRONDI | L31: 0 | M31: 0
A32: Z001_01_012024_MATURIN.CSV | C32: MC#01 | D32: FONC FIXES | E32: FILE001 | F32: Z | G32: 0029 | H32: 45323 | I32: 10:29 | J32: 0031 | K32: NUL TICKET | L32: 0 | M32: 0
A33: Z001_01_012024_MATURIN.CSV | C33: MC#01 | D33: FONC FIXES | E33: FILE001 | F33: Z | G33: 0029 | H33: 45323 | I33: 10:29 | J33: 0032 | L33: 0 | M33: 0
A34: Z001_01_012024_MATURIN.CSV | C34: MC#01 | D34: FONC FIXES | E34: FILE001 | F34: Z | G34: 0029 | H34: 45323 | I34: 10:29 | J34: 0033 | K34: HORS TAXE 1 | L34: 0 | M34: 21902.19
A35: Z001_01_012024_MATURIN.CSV | C35: MC#01 | D35: FONC FIXES | E35: FILE001 | F35: Z | G35: 0029 | H35: 45323 | I35: 10:29 | J35: 0034 | K35: TVA 1 | L35: 0 | M35: 4380.46
A36: Z001_01_012024_MATURIN.CSV | C36: MC#01 | D36: FONC FIXES | E36: FILE001 | F36: Z | G36: 0029 | H36: 45323 | I36: 10:29 | J36: 0035 | K36: HORS TAXE 2 | L36: 0 | M36: 0
A37: Z001_01_012024_MATURIN.CSV | C37: MC#01 | D37: FONC FIXES | E37: FILE001 | F37: Z | G37: 0029 | H37: 45323 | I37: 10:29 | J37: 0036 | K37: TVA 2 | L37: 0 | M37: 0
A38: Z001_01_012024_MATURIN.CSV | C38: MC#01 | D38: FONC FIXES | E38: FILE001 | F38: Z | G38: 0029 | H38: 45323 | I38: 10:29 | J38: 0037 | K38: HORS TAXE 3 | L38: 0 | M38: 0
A39: Z001_01_012024_MATURIN.CSV | C39: MC#01 | D39: FONC FIXES | E39: FILE001 | F39: Z | G39: 0029 | H39: 45323 | I39: 10:29 | J39: 0038 | K39: TVA 3 | L39: 0 | M39: 0
A40: Z001_01_012024_MATURIN.CSV | C40: MC#01 | D40: FONC FIXES | E40: FILE001 | F40: Z | G40: 0029 | H40: 45323 | I40: 10:29 | J40: 0039 | K40: HORS TAXE 4 | L40: 0 | M40: 0
A41: Z001_01_012024_MATURIN.CSV | C41: MC#01 | D41: FONC FIXES | E41: FILE001 | F41: Z | G41: 0029 | H41: 45323 | I41: 10:29 | J41: 0040 | K41: TVA 4 | L41: 0 | M41: 0
A42: Z001_01_012024_MATURIN.CSV | C42: MC#01 | D42: FONC FIXES | E42: FILE001 | F42: Z | G42: 0029 | H42: 45323 | I42: 10:29 | J42: 0041 | K42: NON TAXABLE | L42: 0 | M42: 0
A43: Z001_01_022024_MATURIN.CSV | C43: MC#01 | D43: FONC FIXES | E43: FILE001 | F43: Z | G43: 0030 | H43: 45352 | I43: 09:35 | J43: 0001 | K43: CA BRUT | L43: 107 | M43: 30494.5
A44: Z001_01_022024_MATURIN.CSV | C44: MC#01 | D44: FONC FIXES | E44: FILE001 | F44: Z | G44: 0030 | H44: 45352 | I44: 09:35 | J44: 0002 | K44: CA NET | L44: 40 | M44: 30494.5
A45: Z001_01_022024_MATURIN.CSV | C45: MC#01 | D45: FONC FIXES | E45: FILE001 | F45: Z | G45: 0030 | H45: 45352 | I45: 09:35 | J45: 0003 | K45: ESP.TIROIR | L45: 0 | M45: 3786.8
... A68: Z001_01_022024_MATURIN.CSV | C68: MC#01 | D68: FONC FIXES | E68: FILE001 | F68: Z | G68: 0030 | H68: 45352 | I68: 09:35 | J68: 0026 | K68: TOTAL REMISE | L68: 0 | M68: 0
A69: Z001_01_022024_MATURIN.CSV | C69: MC#01 | D69: FONC FIXES | E69: FILE001 | F69: Z | G69: 0030 | H69: 45352 | I69: 09:35 | J69: 0027 | L69: 0 | M69: 0
A70: Z001_01_022024_MATURIN.CSV | C70: MC#01 | D70: FONC FIXES | E70: FILE001 | F70: Z | G70: 0030 | H70: 45352 | I70: 09:35 | J70: 0028 | K70: RETOUR+ANNUL | L70: 0 | M70: 0
A71: Z001_01_022024_MATURIN.CSV | C71: MC#01 | D71: FONC FIXES | E71: FILE001 | F71: Z | G71: 0030 | H71: 45352 | I71: 09:35 | J71: 0029 | K71: TL ARRONDI | L71: 0 | M71: 0
A72: Z001_01_022024_MATURIN.CSV | C72: MC#01 | D72: FONC FIXES | E72: FILE001 | F72: Z | G72: 0030 | H72: 45352 | I72: 09:35 | J72: 0030 | K72: TL ARRONDI | L72: 0 | M72: 0
A73: Z001_01_022024_MATURIN.CSV | C73: MC#01 | D73: FONC FIXES | E73: FILE001 | F73: Z | G73: 0030 | H73: 45352 | I73: 09:35 | J73: 0031 | K73: NUL TICKET | L73: 0 | M73: 0
A74: Z001_01_022024_MATURIN.CSV | C74: MC#01 | D74: FONC FIXES | E74: FILE001 | F74: Z | G74: 0030 | H74: 45352 | I74: 09:35 | J74: 0032 | L74: 0 | M74: 0
A75: Z001_01_022024_MATURIN.CSV | C75: MC#01 | D75: FONC FIXES | E75: FILE001 | F75: Z | G75: 0030 | H75: 45352 | I75: 09:35 | J75: 0033 | K75: HORS TAXE 1 | L75: 0 | M75: 25412.08
A76: Z001_01_022024_MATURIN.CSV | C76: MC#01 | D76: FONC FIXES | E76: FILE001 | F76: Z | G76: 0030 | H76: 45352 | I76: 09:35 | J76: 0034 | K76: TVA 1 | L76: 0 | M76: 5082.42
A77: Z001_01_022024_MATURIN.CSV | C77: MC#01 | D77: FONC FIXES | E77: FILE001 | F77: Z | G77: 0030 | H77: 45352 | I77: 09:35 | J77: 0035 | K77: HORS TAXE 2 | L77: 0 | M77: 0
A78: Z001_01_022024_MATURIN.CSV | C78: MC#01 | D78: FONC FIXES | E78: FILE001 | F78: Z | G78: 0030 | H78: 45352 | I78: 09:35 | J78: 0036 | K78: TVA 2 | L78: 0 | M78: 0
A79: Z001_01_022024_MATURIN.CSV | C79: MC#01 | D79: FONC FIXES | E79: FILE001 | F79: Z | G79: 0030 | H79: 45352 | I79: 09:35 | J79: 0037 | K79: HORS TAXE 3 | L79: 0 | M79: 0
A80: Z001_01_022024_MATURIN.CSV | C80: MC#01 | D80: FONC FIXES | E80: FILE001 | F80: Z | G80: 0030 | H80: 45352 | I80: 09:35 | J80: 0038 | K80: TVA 3 | L80: 0 | M80: 0
A81: Z001_01_022024_MATURIN.CSV | C81: MC#01 | D81: FONC FIXES | E81: FILE001 | F81: Z | G81: 0030 | H81: 45352 | I81: 09:35 | J81: 0039 | K81: HORS TAXE 4 | L81: 0 | M81: 0
A82: Z001_01_022024_MATURIN.CSV | C82: MC#01 | D82: FONC FIXES | E82: FILE001 | F82: Z | G82: 0030 | H82: 45352 | I82: 09:35 | J82: 0040 | K82: TVA 4 | L82: 0 | M82: 0
A83: Z001_01_022024_MATURIN.CSV | C83: MC#01 | D83: FONC FIXES | E83: FILE001 | F83: Z | G83: 0030 | H83: 45352 | I83: 09:35 | J83: 0041 | K83: NON TAXABLE | L83: 0 | M83: 0
A84: Z001_01_052024_MATURIN.CSV | C84: MC#01 | D84: FONC FIXES | E84: FILE001 | F84: Z | G84: 0033 | H84: 45444 | I84: 13:45 | J84: 0001 | K84: CA BRUT | L84: 58 | M84: 16898
A85: Z001_01_052024_MATURIN.CSV | C85: MC#01 | D85: FONC FIXES | E85: FILE001 | F85: Z | G85: 0033 | H85: 45444 | I85: 13:45 | J85: 0002 | K85: CA NET | L85: 25 | M85: 16898
A86: Z001_01_052024_MATURIN.CSV | C86: MC#01 | D86: FONC FIXES | E86: FILE001 | F86: Z | G86: 0033 | H86: 45444 | I86: 13:45 | J86: 0003 | K86: ESP.TIROIR | L86: 0 | M86: 3948
... A109: Z001_01_052024_MATURIN.CSV | C109: MC#01 | D109: FONC FIXES | E109: FILE001 | F109: Z | G109: 0033 | H109: 45444 | I109: 13:45 | J109: 0026 | K109: TOTAL REMISE | L109: 0 | M109: 0
A110: Z001_01_052024_MATURIN.CSV | C110: MC#01 | D110: FONC FIXES | E110: FILE001 | F110: Z | G110: 0033 | H110: 45444 | I110: 13:45 | J110: 0027 | L110: 0 | M110: 0
A111: Z001_01_052024_MATURIN.CSV | C111: MC#01 | D111: FONC FIXES | E111: FILE001 | F111: Z | G111: 0033 | H111: 45444 | I111: 13:45 | J111: 0028 | K111: RETOUR+ANNUL | L111: 0 | M111: 0
A112: Z001_01_052024_MATURIN.CSV | C112: MC#01 | D112: FONC FIXES | E112: FILE001 | F112: Z | G112: 0033 | H112: 45444 | I112: 13:45 | J112: 0029 | K112: TL ARRONDI | L112: 0 | M112: 0
A113: Z001_01_052024_MATURIN.CSV | C113: MC#01 | D113: FONC FIXES | E113: FILE001 | F113: Z | G113: 0033 | H113: 45444 | I113: 13:45 | J113: 0030 | K113: TL ARRONDI | L113: 0 | M113: 0
A114: Z001_01_052024_MATURIN.CSV | C114: MC#01 | D114: FONC FIXES | E114: FILE001 | F114: Z | G114: 0033 | H114: 45444 | I114: 13:45 | J114: 0031 | K114: NUL TICKET | L114: 0 | M114: 0
A115: Z001_01_052024_MATURIN.CSV | C115: MC#01 | D115: FONC FIXES | E115: FILE001 | F115: Z | G115: 0033 | H115: 45444 | I115: 13:45 | J115: 0032 | L115: 0 | M115: 0
A116: Z001_01_052024_MATURIN.CSV | C116: MC#01 | D116: FONC FIXES | E116: FILE001 | F116: Z | G116: 0033 | H116: 45444 | I116: 13:45 | J116: 0033 | K116: HORS TAXE 1 | L116: 0 | M116: 14081.67
A117: Z001_01_052024_MATURIN.CSV | C117: MC#01 | D117: FONC FIXES | E117: FILE001 | F117: Z | G117: 0033 | H117: 45444 | I117: 13:45 | J117: 0034 | K117: TVA 1 | L117: 0 | M117: 2816.33
A118: Z001_01_052024_MATURIN.CSV | C118: MC#01 | D118: FONC FIXES | E118: FILE001 | F118: Z | G118: 0033 | H118: 45444 | I118: 13:45 | J118: 0035 | K118: HORS TAXE 2 | L118: 0 | M118: 0
A119: Z001_01_052024_MATURIN.CSV | C119: MC#01 | D119: FONC FIXES | E119: FILE001 | F119: Z | G119: 0033 | H119: 45444 | I119: 13:45 | J119: 0036 | K119: TVA 2 | L119: 0 | M119: 0
A120: Z001_01_052024_MATURIN.CSV | C120: MC#01 | D120: FONC FIXES | E120: FILE001 | F120: Z | G120: 0033 | H120: 45444 | I120: 13:45 | J120: 0037 | K120: HORS TAXE 3 | L120: 0 | M120: 0
A121: Z001_01_052024_MATURIN.CSV | C121: MC#01 | D121: FONC FIXES | E121: FILE001 | F121: Z | G121: 0033 | H121: 45444 | I121: 13:45 | J121: 0038 | K121: TVA 3 | L121: 0 | M121: 0
A122: Z001_01_052024_MATURIN.CSV | C122: MC#01 | D122: FONC FIXES | E122: FILE001 | F122: Z | G122: 0033 | H122: 45444 | I122: 13:45 | J122: 0039 | K122: HORS TAXE 4 | L122: 0 | M122: 0
A123: Z001_01_052024_MATURIN.CSV | C123: MC#01 | D123: FONC FIXES | E123: FILE001 | F123: Z | G123: 0033 | H123: 45444 | I123: 13:45 | J123: 0040 | K123: TVA 4 | L123: 0 | M123: 0
A124: Z001_01_052024_MATURIN.CSV | C124: MC#01 | D124: FONC FIXES | E124: FILE001 | F124: Z | G124: 0033 | H124: 45444 | I124: 13:45 | J124: 0041 | K124: NON TAXABLE | L124: 0 | M124: 0
A125: Z001_01_062024_MATURIN.CSV | C125: MC#01 | D125: FONC FIXES | E125: FILE001 | F125: Z | G125: 0034 | H125: 45474 | I125: 11:10 | J125: 0001 | K125: CA BRUT | L125: 35 | M125: 33127.6
A126: Z001_01_062024_MATURIN.CSV | C126: MC#01 | D126: FONC FIXES | E126: FILE001 | F126: Z | G126: 0034 | H126: 45474 | I126: 11:10 | J126: 0002 | K126: CA NET | L126: 23 | M126: 33127.6
A127: Z001_01_062024_MATURIN.CSV | C127: MC#01 | D127: FONC FIXES | E127: FILE001 | F127: Z | G127: 0034 | H127: 45474 | I127: 11:10 | J127: 0003 | K127: ESP.TIROIR | L127: 0 | M127: 3010.8
... A150: Z001_01_062024_MATURIN.CSV | C150: MC#01 | D150: FONC FIXES | E150: FILE001 | F150: Z | G150: 0034 | H150: 45474 | I150: 11:10 | J150: 0026 | K150: TOTAL REMISE | L150: 0 | M150: 0
A151: Z001_01_062024_MATURIN.CSV | C151: MC#01 | D151: FONC FIXES | E151: FILE001 | F151: Z | G151: 0034 | H151: 45474 | I151: 11:10 | J151: 0027 | L151: 0 | M151: 0
A152: Z001_01_062024_MATURIN.CSV | C152: MC#01 | D152: FONC FIXES | E152: FILE001 | F152: Z | G152: 0034 | H152: 45474 | I152: 11:10 | J152: 0028 | K152: RETOUR+ANNUL | L152: 0 | M152: 0
A153: Z001_01_062024_MATURIN.CSV | C153: MC#01 | D153: FONC FIXES | E153: FILE001 | F153: Z | G153: 0034 | H153: 45474 | I153: 11:10 | J153: 0029 | K153: TL ARRONDI | L153: 0 | M153: 0
A154: Z001_01_062024_MATURIN.CSV | C154: MC#01 | D154: FONC FIXES | E154: FILE001 | F154: Z | G154: 0034 | H154: 45474 | I154: 11:10 | J154: 0030 | K154: TL ARRONDI | L154: 0 | M154: 0
A155: Z001_01_062024_MATURIN.CSV | C155: MC#01 | D155: FONC FIXES | E155: FILE001 | F155: Z | G155: 0034 | H155: 45474 | I155: 11:10 | J155: 0031 | K155: NUL TICKET | L155: 0 | M155: 0
A156: Z001_01_062024_MATURIN.CSV | C156: MC#01 | D156: FONC FIXES | E156: FILE001 | F156: Z | G156: 0034 | H156: 45474 | I156: 11:10 | J156: 0032 | L156: 0 | M156: 0
A157: Z001_01_062024_MATURIN.CSV | C157: MC#01 | D157: FONC FIXES | E157: FILE001 | F157: Z | G157: 0034 | H157: 45474 | I157: 11:10 | J157: 0033 | K157: HORS TAXE 1 | L157: 0 | M157: 27606.34
A158: Z001_01_062024_MATURIN.CSV | C158: MC#01 | D158: FONC FIXES | E158: FILE001 | F158: Z | G158: 0034 | H158: 45474 | I158: 11:10 | J158: 0034 | K158: TVA 1 | L158: 0 | M158: 5521.26
A159: Z001_01_062024_MATURIN.CSV | C159: MC#01 | D159: FONC FIXES | E159: FILE001 | F159: Z | G159: 0034 | H159: 45474 | I159: 11:10 | J159: 0035 | K159: HORS TAXE 2 | L159: 0 | M159: 0
A160: Z001_01_062024_MATURIN.CSV | C160: MC#01 | D160: FONC FIXES | E160: FILE001 | F160: Z | G160: 0034 | H160: 45474 | I160: 11:10 | J160: 0036 | K160: TVA 2 | L160: 0 | M160: 0
A161: Z001_01_062024_MATURIN.CSV | C161: MC#01 | D161: FONC FIXES | E161: FILE001 | F161: Z | G161: 0034 | H161: 45474 | I161: 11:10 | J161: 0037 | K161: HORS TAXE 3 | L161: 0 | M161: 0
A162: Z001_01_062024_MATURIN.CSV | C162: MC#01 | D162: FONC FIXES | E162: FILE001 | F162: Z | G162: 0034 | H162: 45474 | I162: 11:10 | J162: 0038 | K162: TVA 3 | L162: 0 | M162: 0
A163: Z001_01_062024_MATURIN.CSV | C163: MC#01 | D163: FONC FIXES | E163: FILE001 | F163: Z | G163: 0034 | H163: 45474 | I163: 11:10 | J163: 0039 | K163: HORS TAXE 4 | L163: 0 | M163: 0
A164: Z001_01_062024_MATURIN.CSV | C164: MC#01 | D164: FONC FIXES | E164: FILE001 | F164: Z | G164: 0034 | H164: 45474 | I164: 11:10 | J164: 0040 | K164: TVA 4 | L164: 0 | M164: 0
A165: Z001_01_062024_MATURIN.CSV | C165: MC#01 | D165: FONC FIXES | E165: FILE001 | F165: Z | G165: 0034 | H165: 45474 | I165: 11:10 | J165: 0041 | K165: NON TAXABLE | L165: 0 | M165: 0
A166: Z001_01_072024_MATURIN.CSV | C166: MC#01 | D166: FONC FIXES | E166: FILE001 | F166: Z | G166: 0035 | H166: 45505 | I166: 09:51 | J166: 0001 | K166: CA BRUT | L166: 61 | M166: 43074
A167: Z001_01_072024_MATURIN.CSV | C167: MC#01 | D167: FONC FIXES | E167: FILE001 | F167: Z | G167: 0035 | H167: 45505 | I167: 09:51 | J167: 0002 | K167: CA NET | L167: 29 | M167: 43074
A168: Z001_01_072024_MATURIN.CSV | C168: MC#01 | D168: FONC FIXES | E168: FILE001 | F168: Z | G168: 0035 | H168: 45505 | I168: 09:51 | J168: 0003 | K168: ESP.TIROIR | L168: 0 | M168: 11275
... A191: Z001_01_072024_MATURIN.CSV | C191: MC#01 | D191: FONC FIXES | E191: FILE001 | F191: Z | G191: 0035 | H191: 45505 | I191: 09:51 | J191: 0026 | K191: TOTAL REMISE | L191: 0 | M191: 0
A192: Z001_01_072024_MATURIN.CSV | C192: MC#01 | D192: FONC FIXES | E192: FILE001 | F192: Z | G192: 0035 | H192: 45505 | I192: 09:51 | J192: 0027 | L192: 0 | M192: 0
A193: Z001_01_072024_MATURIN.CSV | C193: MC#01 | D193: FONC FIXES | E193: FILE001 | F193: Z | G193: 0035 | H193: 45505 | I193: 09:51 | J193: 0028 | K193: RETOUR+ANNUL | L193: 0 | M193: 0
A194: Z001_01_072024_MATURIN.CSV | C194: MC#01 | D194: FONC FIXES | E194: FILE001 | F194: Z | G194: 0035 | H194: 45505 | I194: 09:51 | J194: 0029 | K194: TL ARRONDI | L194: 0 | M194: 0
A195: Z001_01_072024_MATURIN.CSV | C195: MC#01 | D195: FONC FIXES | E195: FILE001 | F195: Z | G195: 0035 | H195: 45505 | I195: 09:51 | J195: 0030 | K195: TL ARRONDI | L195: 0 | M195: 0
A196: Z001_01_072024_MATURIN.CSV | C196: MC#01 | D196: FONC FIXES | E196: FILE001 | F196: Z | G196: 0035 | H196: 45505 | I196: 09:51 | J196: 0031 | K196: NUL TICKET | L196: 0 | M196: 0
A197: Z001_01_072024_MATURIN.CSV | C197: MC#01 | D197: FONC FIXES | E197: FILE001 | F197: Z | G197: 0035 | H197: 45505 | I197: 09:51 | J197: 0032 | L197: 0 | M197: 0
A198: Z001_01_072024_MATURIN.CSV | C198: MC#01 | D198: FONC FIXES | E198: FILE001 | F198: Z | G198: 0035 | H198: 45505 | I198: 09:51 | J198: 0033 | K198: HORS TAXE 1 | L198: 0 | M198: 35895.02
A199: Z001_01_072024_MATURIN.CSV | C199: MC#01 | D199: FONC FIXES | E199: FILE001 | F199: Z | G199: 0035 | H199: 45505 | I199: 09:51 | J199: 0034 | K199: TVA 1 | L199: 0 | M199: 7178.98
A200: Z001_01_072024_MATURIN.CSV | C200: MC#01 | D200: FONC FIXES | E200: FILE001 | F200: Z | G200: 0035 | H200: 45505 | I200: 09:51 | J200: 0035 | K200: HORS TAXE 2 | L200: 0 | M200: 0
A201: Z001_01_072024_MATURIN.CSV | C201: MC#01 | D201: FONC FIXES | E201: FILE001 | F201: Z | G201: 0035 | H201: 45505 | I201: 09:51 | J201: 0036 | K201: TVA 2 | L201: 0 | M201: 0
...

Sheet Z1_CplteAnneeMois
A1: nomfichier | B1: E_MODELE | C1: E_MACHINE | D1: E_RAPPORT | E1: E_FICHIER | F1: E_MODE | G1: E_COMPTEUR_Z | H1: E_DATE | I1: E_HEURE | J1: D_ENREGISTREMENT | K1: D_DESIGNATION | L1: D_QUANTITE | M1: D_MONTANT | N1: AJ_ANNEE_Z | O1: AJ_MOIS_Z
A2: Z001_01_012024_MATURIN.CSV | C2: MC#01 | D2: FONC FIXES | E2: FILE001 | F2: Z | G2: 0029 | H2: 45323 | I2: 10:29 | J2: 0001 | K2: CA BRUT | L2: 63 | M2: 26282.65 | N2: 2024 | O2: 2024-01
A3: Z001_01_012024_MATURIN.CSV | C3: MC#01 | D3: FONC FIXES | E3: FILE001 | F3: Z | G3: 0029 | H3: 45323 | I3: 10:29 | J3: 0002 | K3: CA NET | L3: 94 | M3: 26282.65 | N3: 2024 | O3: 2024-01
A4: Z001_01_012024_MATURIN.CSV | C4: MC#01 | D4: FONC FIXES | E4: FILE001 | F4: Z | G4: 0029 | H4: 45323 | I4: 10:29 | J4: 0003 | K4: ESP.TIROIR | L4: 0 | M4: 2027.95 | N4: 2024 | O4: 2024-01
A5: Z001_01_012024_MATURIN.CSV | C5: MC#01 | D5: FONC FIXES | E5: FILE001 | F5: Z | G5: 0029 | H5: 45323 | I5: 10:29 | J5: 0004 | K5: CB.TIROIR | L5: 0 | M5: 24254.7 | N5: 2024 | O5: 2024-01
A6: Z001_01_012024_MATURIN.CSV | C6: MC#01 | D6: FONC FIXES | E6: FILE001 | F6: Z | G6: 0029 | H6: 45323 | I6: 10:29 | J6: 0005 | K6: CHQ.TIROIR | L6: 0 | M6: 0 | N6: 2024 | O6: 2024-01
A7: Z001_01_012024_MATURIN.CSV | C7: MC#01 | D7: FONC FIXES | E7: FILE001 | F7: Z | G7: 0029 | H7: 45323 | I7: 10:29 | J7: 0006 | K7: CR.TIROIR(1) | L7: 0 | M7: 0 | N7: 2024 | O7: 2024-01
A8: Z001_01_012024_MATURIN.CSV | C8: MC#01 | D8: FONC FIXES | E8: FILE001 | F8: Z | G8: 0029 | H8: 45323 | I8: 10:29 | J8: 0007 | K8: CR.TIROIR(2) | L8: 0 | M8: 0 | N8: 2024 | O8: 2024-01
A9: Z001_01_012024_MATURIN.CSV | C9: MC#01 | D9: FONC FIXES | E9: FILE001 | F9: Z | G9: 0029 | H9: 45323 | I9: 10:29 | J9: 0008 | K9: CR.TIROIR(3) | L9: 0 | M9: 0 | N9: 2024 | O9: 2024-01
A10: Z001_01_012024_MATURIN.CSV | C10: MC#01 | D10: FONC FIXES | E10: FILE001 | F10: Z | G10: 0029 | H10: 45323 | I10: 10:29 | J10: 0009 | K10: CR.TIROIR(4) | L10: 0 | M10: 0 | N10: 2024 | O10: 2024-01
A11: Z001_01_012024_MATURIN.CSV | C11: MC#01 | D11: FONC FIXES | E11: FILE001 | F11: Z | G11: 0029 | H11: 45323 | I11: 10:29 | J11: 0010 | K11: ESP.TIROIR2 | L11: 0 | M11: 0 | N11: 2024 | O11: 2024-01
A12: Z001_01_012024_MATURIN.CSV | C12: MC#01 | D12: FONC FIXES | E12: FILE001 | F12: Z | G12: 0029 | H12: 45323 | I12: 10:29 | J12: 0011 | K12: CB.TIROIR2 | L12: 0 | M12: 0 | N12: 2024 | O12: 2024-01
A13: Z001_01_012024_MATURIN.CSV | C13: MC#01 | D13: FONC FIXES | E13: FILE001 | F13: Z | G13: 0029 | H13: 45323 | I13: 10:29 | J13: 0012 | K13: CHQ.TIROIR2 | L13: 0 | M13: 0 | N13: 2024 | O13: 2024-01
... A27: Z001_01_012024_MATURIN.CSV | C27: MC#01 | D27: FONC FIXES | E27: FILE001 | F27: Z | G27: 0029 | H27: 45323 | I27: 10:29 | J27: 0026 | K27: TOTAL REMISE | L27: 0 | M27: 0 | N27: 2024 | O27: 2024-01
A28: Z001_01_012024_MATURIN.CSV | C28: MC#01 | D28: FONC FIXES | E28: FILE001 | F28: Z | G28: 0029 | H28: 45323 | I28: 10:29 | J28: 0027 | L28: 0 | M28: 0 | N28: 2024 | O28: 2024-01
A29: Z001_01_012024_MATURIN.CSV | C29: MC#01 | D29: FONC FIXES | E29: FILE001 | F29: Z | G29: 0029 | H29: 45323 | I29: 10:29 | J29: 0028 | K29: RETOUR+ANNUL | L29: 0 | M29: 0 | N29: 2024 | O29: 2024-01
A30: Z001_01_012024_MATURIN.CSV | C30: MC#01 | D30: FONC FIXES | E30: FILE001 | F30: Z | G30: 0029 | H30: 45323 | I30: 10:29 | J30: 0029 | K30: TL ARRONDI | L30: 0 | M30: 0 | N30: 2024 | O30: 2024-01
A31: Z001_01_012024_MATURIN.CSV | C31: MC#01 | D31: FONC FIXES | E31: FILE001 | F31: Z | G31: 0029 | H31: 45323 | I31: 10:29 | J31: 0030 | K31: TL ARRONDI | L31: 0 | M31: 0 | N31: 2024 | O31: 2024-01
A32: Z001_01_012024_MATURIN.CSV | C32: MC#01 | D32: FONC FIXES | E32: FILE001 | F32: Z | G32: 0029 | H32: 45323 | I32: 10:29 | J32: 0031 | K32: NUL TICKET | L32: 0 | M32: 0 | N32: 2024 | O32: 2024-01
A33: Z001_01_012024_MATURIN.CSV | C33: MC#01 | D33: FONC FIXES | E33: FILE001 | F33: Z | G33: 0029 | H33: 45323 | I33: 10:29 | J33: 0032 | L33: 0 | M33: 0 | N33: 2024 | O33: 2024-01
A34: Z001_01_012024_MATURIN.CSV | C34: MC#01 | D34: FONC FIXES | E34: FILE001 | F34: Z | G34: 0029 | H34: 45323 | I34: 10:29 | J34: 0033 | K34: HORS TAXE 1 | L34: 0 | M34: 21902.19 | N34: 2024 | O34: 2024-01
A35: Z001_01_012024_MATURIN.CSV | C35: MC#01 | D35: FONC FIXES | E35: FILE001 | F35: Z | G35: 0029 | H35: 45323 | I35: 10:29 | J35: 0034 | K35: TVA 1 | L35: 0 | M35: 4380.46 | N35: 2024 | O35: 2024-01
A36: Z001_01_012024_MATURIN.CSV | C36: MC#01 | D36: FONC FIXES | E36: FILE001 | F36: Z | G36: 0029 | H36: 45323 | I36: 10:29 | J36: 0035 | K36: HORS TAXE 2 | L36: 0 | M36: 0 | N36: 2024 | O36: 2024-01
A37: Z001_01_012024_MATURIN.CSV | C37: MC#01 | D37: FONC FIXES | E37: FILE001 | F37: Z | G37: 0029 | H37: 45323 | I37: 10:29 | J37: 0036 | K37: TVA 2 | L37: 0 | M37: 0 | N37: 2024 | O37: 2024-01
A38: Z001_01_012024_MATURIN.CSV | C38: MC#01 | D38: FONC FIXES | E38: FILE001 | F38: Z | G38: 0029 | H38: 45323 | I38: 10:29 | J38: 0037 | K38: HORS TAXE 3 | L38: 0 | M38: 0 | N38: 2024 | O38: 2024-01
A39: Z001_01_012024_MATURIN.CSV | C39: MC#01 | D39: FONC FIXES | E39: FILE001 | F39: Z | G39: 0029 | H39: 45323 | I39: 10:29 | J39: 0038 | K39: TVA 3 | L39: 0 | M39: 0 | N39: 2024 | O39: 2024-01
A40: Z001_01_012024_MATURIN.CSV | C40: MC#01 | D40: FONC FIXES | E40: FILE001 | F40: Z | G40: 0029 | H40: 45323 | I40: 10:29 | J40: 0039 | K40: HORS TAXE 4 | L40: 0 | M40: 0 | N40: 2024 | O40: 2024-01
A41: Z001_01_012024_MATURIN.CSV | C41: MC#01 | D41: FONC FIXES | E41: FILE001 | F41: Z | G41: 0029 | H41: 45323 | I41: 10:29 | J41: 0040 | K41: TVA 4 | L41: 0 | M41: 0 | N41: 2024 | O41: 2024-01
A42: Z001_01_012024_MATURIN.CSV | C42: MC#01 | D42: FONC FIXES | E42: FILE001 | F42: Z | G42: 0029 | H42: 45323 | I42: 10:29 | J42: 0041 | K42: NON TAXABLE | L42: 0 | M42: 0 | N42: 2024 | O42: 2024-01
A43: Z001_01_022024_MATURIN.CSV | C43: MC#01 | D43: FONC FIXES | E43: FILE001 | F43: Z | G43: 0030 | H43: 45352 | I43: 09:35 | J43: 0001 | K43: CA BRUT | L43: 107 | M43: 30494.5 | N43: 2024 | O43: 2024-02
A44: Z001_01_022024_MATURIN.CSV | C44: MC#01 | D44: FONC FIXES | E44: FILE001 | F44: Z | G44: 0030 | H44: 45352 | I44: 09:35 | J44: 0002 | K44: CA NET | L44: 40 | M44: 30494.5 | N44: 2024 | O44: 2024-02
A45: Z001_01_022024_MATURIN.CSV | C45: MC#01 | D45: FONC FIXES | E45: FILE001 | F45: Z | G45: 0030 | H45: 45352 | I45: 09:35 | J45: 0003 | K45: ESP.TIROIR | L45: 0 | M45: 3786.8 | N45: 2024 | O45: 2024-02
... A68: Z001_01_022024_MATURIN.CSV | C68: MC#01 | D68: FONC FIXES | E68: FILE001 | F68: Z | G68: 0030 | H68: 45352 | I68: 09:35 | J68: 0026 | K68: TOTAL REMISE | L68: 0 | M68: 0 | N68: 2024 | O68: 2024-02
A69: Z001_01_022024_MATURIN.CSV | C69: MC#01 | D69: FONC FIXES | E69: FILE001 | F69: Z | G69: 0030 | H69: 45352 | I69: 09:35 | J69: 0027 | L69: 0 | M69: 0 | N69: 2024 | O69: 2024-02
A70: Z001_01_022024_MATURIN.CSV | C70: MC#01 | D70: FONC FIXES | E70: FILE001 | F70: Z | G70: 0030 | H70: 45352 | I70: 09:35 | J70: 0028 | K70: RETOUR+ANNUL | L70: 0 | M70: 0 | N70: 2024 | O70: 2024-02
A71: Z001_01_022024_MATURIN.CSV | C71: MC#01 | D71: FONC FIXES | E71: FILE001 | F71: Z | G71: 0030 | H71: 45352 | I71: 09:35 | J71: 0029 | K71: TL ARRONDI | L71: 0 | M71: 0 | N71: 2024 | O71: 2024-02
A72: Z001_01_022024_MATURIN.CSV | C72: MC#01 | D72: FONC FIXES | E72: FILE001 | F72: Z | G72: 0030 | H72: 45352 | I72: 09:35 | J72: 0030 | K72: TL ARRONDI | L72: 0 | M72: 0 | N72: 2024 | O72: 2024-02
A73: Z001_01_022024_MATURIN.CSV | C73: MC#01 | D73: FONC FIXES | E73: FILE001 | F73: Z | G73: 0030 | H73: 45352 | I73: 09:35 | J73: 0031 | K73: NUL TICKET | L73: 0 | M73: 0 | N73: 2024 | O73: 2024-02
A74: Z001_01_022024_MATURIN.CSV | C74: MC#01 | D74: FONC FIXES | E74: FILE001 | F74: Z | G74: 0030 | H74: 45352 | I74: 09:35 | J74: 0032 | L74: 0 | M74: 0 | N74: 2024 | O74: 2024-02
A75: Z001_01_022024_MATURIN.CSV | C75: MC#01 | D75: FONC FIXES | E75: FILE001 | F75: Z | G75: 0030 | H75: 45352 | I75: 09:35 | J75: 0033 | K75: HORS TAXE 1 | L75: 0 | M75: 25412.08 | N75: 2024 | O75: 2024-02
A76: Z001_01_022024_MATURIN.CSV | C76: MC#01 | D76: FONC FIXES | E76: FILE001 | F76: Z | G76: 0030 | H76: 45352 | I76: 09:35 | J76: 0034 | K76: TVA 1 | L76: 0 | M76: 5082.42 | N76: 2024 | O76: 2024-02
A77: Z001_01_022024_MATURIN.CSV | C77: MC#01 | D77: FONC FIXES | E77: FILE001 | F77: Z | G77: 0030 | H77: 45352 | I77: 09:35 | J77: 0035 | K77: HORS TAXE 2 | L77: 0 | M77: 0 | N77: 2024 | O77: 2024-02
A78: Z001_01_022024_MATURIN.CSV | C78: MC#01 | D78: FONC FIXES | E78: FILE001 | F78: Z | G78: 0030 | H78: 45352 | I78: 09:35 | J78: 0036 | K78: TVA 2 | L78: 0 | M78: 0 | N78: 2024 | O78: 2024-02
A79: Z001_01_022024_MATURIN.CSV | C79: MC#01 | D79: FONC FIXES | E79: FILE001 | F79: Z | G79: 0030 | H79: 45352 | I79: 09:35 | J79: 0037 | K79: HORS TAXE 3 | L79: 0 | M79: 0 | N79: 2024 | O79: 2024-02
A80: Z001_01_022024_MATURIN.CSV | C80: MC#01 | D80: FONC FIXES | E80: FILE001 | F80: Z | G80: 0030 | H80: 45352 | I80: 09:35 | J80: 0038 | K80: TVA 3 | L80: 0 | M80: 0 | N80: 2024 | O80: 2024-02
A81: Z001_01_022024_MATURIN.CSV | C81: MC#01 | D81: FONC FIXES | E81: FILE001 | F81: Z | G81: 0030 | H81: 45352 | I81: 09:35 | J81: 0039 | K81: HORS TAXE 4 | L81: 0 | M81: 0 | N81: 2024 | O81: 2024-02
A82: Z001_01_022024_MATURIN.CSV | C82: MC#01 | D82: FONC FIXES | E82: FILE001 | F82: Z | G82: 0030 | H82: 45352 | I82: 09:35 | J82: 0040 | K82: TVA 4 | L82: 0 | M82: 0 | N82: 2024 | O82: 2024-02
A83: Z001_01_022024_MATURIN.CSV | C83: MC#01 | D83: FONC FIXES | E83: FILE001 | F83: Z | G83: 0030 | H83: 45352 | I83: 09:35 | J83: 0041 | K83: NON TAXABLE | L83: 0 | M83: 0 | N83: 2024 | O83: 2024-02
A84: Z001_01_052024_MATURIN.CSV | C84: MC#01 | D84: FONC FIXES | E84: FILE001 | F84: Z | G84: 0033 | H84: 45444 | I84: 13:45 | J84: 0001 | K84: CA BRUT | L84: 58 | M84: 16898 | N84: 2024 | O84: 2024-05
A85: Z001_01_052024_MATURIN.CSV | C85: MC#01 | D85: FONC FIXES | E85: FILE001 | F85: Z | G85: 0033 | H85: 45444 | I85: 13:45 | J85: 0002 | K85: CA NET | L85: 25 | M85: 16898 | N85: 2024 | O85: 2024-05
A86: Z001_01_052024_MATURIN.CSV | C86: MC#01 | D86: FONC FIXES | E86: FILE001 | F86: Z | G86: 0033 | H86: 45444 | I86: 13:45 | J86: 0003 | K86: ESP.TIROIR | L86: 0 | M86: 3948 | N86: 2024 | O86: 2024-05
... A109: Z001_01_052024_MATURIN.CSV | C109: MC#01 | D109: FONC FIXES | E109: FILE001 | F109: Z | G109: 0033 | H109: 45444 | I109: 13:45 | J109: 0026 | K109: TOTAL REMISE | L109: 0 | M109: 0 | N109: 2024 | O109: 2024-05
A110: Z001_01_052024_MATURIN.CSV | C110: MC#01 | D110: FONC FIXES | E110: FILE001 | F110: Z | G110: 0033 | H110: 45444 | I110: 13:45 | J110: 0027 | L110: 0 | M110: 0 | N110: 2024 | O110: 2024-05
A111: Z001_01_052024_MATURIN.CSV | C111: MC#01 | D111: FONC FIXES | E111: FILE001 | F111: Z | G111: 0033 | H111: 45444 | I111: 13:45 | J111: 0028 | K111: RETOUR+ANNUL | L111: 0 | M111: 0 | N111: 2024 | O111: 2024-05
A112: Z001_01_052024_MATURIN.CSV | C112: MC#01 | D112: FONC FIXES | E112: FILE001 | F112: Z | G112: 0033 | H112: 45444 | I112: 13:45 | J112: 0029 | K112: TL ARRONDI | L112: 0 | M112: 0 | N112: 2024 | O112: 2024-05
A113: Z001_01_052024_MATURIN.CSV | C113: MC#01 | D113: FONC FIXES | E113: FILE001 | F113: Z | G113: 0033 | H113: 45444 | I113: 13:45 | J113: 0030 | K113: TL ARRONDI | L113: 0 | M113: 0 | N113: 2024 | O113: 2024-05
A114: Z001_01_052024_MATURIN.CSV | C114: MC#01 | D114: FONC FIXES | E114: FILE001 | F114: Z | G114: 0033 | H114: 45444 | I114: 13:45 | J114: 0031 | K114: NUL TICKET | L114: 0 | M114: 0 | N114: 2024 | O114: 2024-05
A115: Z001_01_052024_MATURIN.CSV | C115: MC#01 | D115: FONC FIXES | E115: FILE001 | F115: Z | G115: 0033 | H115: 45444 | I115: 13:45 | J115: 0032 | L115: 0 | M115: 0 | N115: 2024 | O115: 2024-05
A116: Z001_01_052024_MATURIN.CSV | C116: MC#01 | D116: FONC FIXES | E116: FILE001 | F116: Z | G116: 0033 | H116: 45444 | I116: 13:45 | J116: 0033 | K116: HORS TAXE 1 | L116: 0 | M116: 14081.67 | N116: 2024 | O116: 2024-05
A117: Z001_01_052024_MATURIN.CSV | C117: MC#01 | D117: FONC FIXES | E117: FILE001 | F117: Z | G117: 0033 | H117: 45444 | I117: 13:45 | J117: 0034 | K117: TVA 1 | L117: 0 | M117: 2816.33 | N117: 2024 | O117: 2024-05
A118: Z001_01_052024_MATURIN.CSV | C118: MC#01 | D118: FONC FIXES | E118: FILE001 | F118: Z | G118: 0033 | H118: 45444 | I118: 13:45 | J118: 0035 | K118: HORS TAXE 2 | L118: 0 | M118: 0 | N118: 2024 | O118: 2024-05
A119: Z001_01_052024_MATURIN.CSV | C119: MC#01 | D119: FONC FIXES | E119: FILE001 | F119: Z | G119: 0033 | H119: 45444 | I119: 13:45 | J119: 0036 | K119: TVA 2 | L119: 0 | M119: 0 | N119: 2024 | O119: 2024-05
A120: Z001_01_052024_MATURIN.CSV | C120: MC#01 | D120: FONC FIXES | E120: FILE001 | F120: Z | G120: 0033 | H120: 45444 | I120: 13:45 | J120: 0037 | K120: HORS TAXE 3 | L120: 0 | M120: 0 | N120: 2024 | O120: 2024-05
A121: Z001_01_052024_MATURIN.CSV | C121: MC#01 | D121: FONC FIXES | E121: FILE001 | F121: Z | G121: 0033 | H121: 45444 | I121: 13:45 | J121: 0038 | K121: TVA 3 | L121: 0 | M121: 0 | N121: 2024 | O121: 2024-05
A122: Z001_01_052024_MATURIN.CSV | C122: MC#01 | D122: FONC FIXES | E122: FILE001 | F122: Z | G122: 0033 | H122: 45444 | I122: 13:45 | J122: 0039 | K122: HORS TAXE 4 | L122: 0 | M122: 0 | N122: 2024 | O122: 2024-05
A123: Z001_01_052024_MATURIN.CSV | C123: MC#01 | D123: FONC FIXES | E123: FILE001 | F123: Z | G123: 0033 | H123: 45444 | I123: 13:45 | J123: 0040 | K123: TVA 4 | L123: 0 | M123: 0 | N123: 2024 | O123: 2024-05
A124: Z001_01_052024_MATURIN.CSV | C124: MC#01 | D124: FONC FIXES | E124: FILE001 | F124: Z | G124: 0033 | H124: 45444 | I124: 13:45 | J124: 0041 | K124: NON TAXABLE | L124: 0 | M124: 0 | N124: 2024 | O124: 2024-05
A125: Z001_01_062024_MATURIN.CSV | C125: MC#01 | D125: FONC FIXES | E125: FILE001 | F125: Z | G125: 0034 | H125: 45474 | I125: 11:10 | J125: 0001 | K125: CA BRUT | L125: 35 | M125: 33127.6 | N125: 2024 | O125: 2024-06
A126: Z001_01_062024_MATURIN.CSV | C126: MC#01 | D126: FONC FIXES | E126: FILE001 | F126: Z | G126: 0034 | H126: 45474 | I126: 11:10 | J126: 0002 | K126: CA NET | L126: 23 | M126: 33127.6 | N126: 2024 | O126: 2024-06
A127: Z001_01_062024_MATURIN.CSV | C127: MC#01 | D127: FONC FIXES | E127: FILE001 | F127: Z | G127: 0034 | H127: 45474 | I127: 11:10 | J127: 0003 | K127: ESP.TIROIR | L127: 0 | M127: 3010.8 | N127: 2024 | O127: 2024-06
... A150: Z001_01_062024_MATURIN.CSV | C150: MC#01 | D150: FONC FIXES | E150: FILE001 | F150: Z | G150: 0034 | H150: 45474 | I150: 11:10 | J150: 0026 | K150: TOTAL REMISE | L150: 0 | M150: 0 | N150: 2024 | O150: 2024-06
A151: Z001_01_062024_MATURIN.CSV | C151: MC#01 | D151: FONC FIXES | E151: FILE001 | F151: Z | G151: 0034 | H151: 45474 | I151: 11:10 | J151: 0027 | L151: 0 | M151: 0 | N151: 2024 | O151: 2024-06
A152: Z001_01_062024_MATURIN.CSV | C152: MC#01 | D152: FONC FIXES | E152: FILE001 | F152: Z | G152: 0034 | H152: 45474 | I152: 11:10 | J152: 0028 | K152: RETOUR+ANNUL | L152: 0 | M152: 0 | N152: 2024 | O152: 2024-06
A153: Z001_01_062024_MATURIN.CSV | C153: MC#01 | D153: FONC FIXES | E153: FILE001 | F153: Z | G153: 0034 | H153: 45474 | I153: 11:10 | J153: 0029 | K153: TL ARRONDI | L153: 0 | M153: 0 | N153: 2024 | O153: 2024-06
A154: Z001_01_062024_MATURIN.CSV | C154: MC#01 | D154: FONC FIXES | E154: FILE001 | F154: Z | G154: 0034 | H154: 45474 | I154: 11:10 | J154: 0030 | K154: TL ARRONDI | L154: 0 | M154: 0 | N154: 2024 | O154: 2024-06
A155: Z001_01_062024_MATURIN.CSV | C155: MC#01 | D155: FONC FIXES | E155: FILE001 | F155: Z | G155: 0034 | H155: 45474 | I155: 11:10 | J155: 0031 | K155: NUL TICKET | L155: 0 | M155: 0 | N155: 2024 | O155: 2024-06
A156: Z001_01_062024_MATURIN.CSV | C156: MC#01 | D156: FONC FIXES | E156: FILE001 | F156: Z | G156: 0034 | H156: 45474 | I156: 11:10 | J156: 0032 | L156: 0 | M156: 0 | N156: 2024 | O156: 2024-06
A157: Z001_01_062024_MATURIN.CSV | C157: MC#01 | D157: FONC FIXES | E157: FILE001 | F157: Z | G157: 0034 | H157: 45474 | I157: 11:10 | J157: 0033 | K157: HORS TAXE 1 | L157: 0 | M157: 27606.34 | N157: 2024 | O157: 2024-06
A158: Z001_01_062024_MATURIN.CSV | C158: MC#01 | D158: FONC FIXES | E158: FILE001 | F158: Z | G158: 0034 | H158: 45474 | I158: 11:10 | J158: 0034 | K158: TVA 1 | L158: 0 | M158: 5521.26 | N158: 2024 | O158: 2024-06
A159: Z001_01_062024_MATURIN.CSV | C159: MC#01 | D159: FONC FIXES | E159: FILE001 | F159: Z | G159: 0034 | H159: 45474 | I159: 11:10 | J159: 0035 | K159: HORS TAXE 2 | L159: 0 | M159: 0 | N159: 2024 | O159: 2024-06
A160: Z001_01_062024_MATURIN.CSV | C160: MC#01 | D160: FONC FIXES | E160: FILE001 | F160: Z | G160: 0034 | H160: 45474 | I160: 11:10 | J160: 0036 | K160: TVA 2 | L160: 0 | M160: 0 | N160: 2024 | O160: 2024-06
A161: Z001_01_062024_MATURIN.CSV | C161: MC#01 | D161: FONC FIXES | E161: FILE001 | F161: Z | G161: 0034 | H161: 45474 | I161: 11:10 | J161: 0037 | K161: HORS TAXE 3 | L161: 0 | M161: 0 | N161: 2024 | O161: 2024-06
A162: Z001_01_062024_MATURIN.CSV | C162: MC#01 | D162: FONC FIXES | E162: FILE001 | F162: Z | G162: 0034 | H162: 45474 | I162: 11:10 | J162: 0038 | K162: TVA 3 | L162: 0 | M162: 0 | N162: 2024 | O162: 2024-06
A163: Z001_01_062024_MATURIN.CSV | C163: MC#01 | D163: FONC FIXES | E163: FILE001 | F163: Z | G163: 0034 | H163: 45474 | I163: 11:10 | J163: 0039 | K163: HORS TAXE 4 | L163: 0 | M163: 0 | N163: 2024 | O163: 2024-06
A164: Z001_01_062024_MATURIN.CSV | C164: MC#01 | D164: FONC FIXES | E164: FILE001 | F164: Z | G164: 0034 | H164: 45474 | I164: 11:10 | J164: 0040 | K164: TVA 4 | L164: 0 | M164: 0 | N164: 2024 | O164: 2024-06
A165: Z001_01_062024_MATURIN.CSV | C165: MC#01 | D165: FONC FIXES | E165: FILE001 | F165: Z | G165: 0034 | H165: 45474 | I165: 11:10 | J165: 0041 | K165: NON TAXABLE | L165: 0 | M165: 0 | N165: 2024 | O165: 2024-06
A166: Z001_01_072024_MATURIN.CSV | C166: MC#01 | D166: FONC FIXES | E166: FILE001 | F166: Z | G166: 0035 | H166: 45505 | I166: 09:51 | J166: 0001 | K166: CA BRUT | L166: 61 | M166: 43074 | N166: 2024 | O166: 2024-07
A167: Z001_01_072024_MATURIN.CSV | C167: MC#01 | D167: FONC FIXES | E167: FILE001 | F167: Z | G167: 0035 | H167: 45505 | I167: 09:51 | J167: 0002 | K167: CA NET | L167: 29 | M167: 43074 | N167: 2024 | O167: 2024-07
A168: Z001_01_072024_MATURIN.CSV | C168: MC#01 | D168: FONC FIXES | E168: FILE001 | F168: Z | G168: 0035 | H168: 45505 | I168: 09:51 | J168: 0003 | K168: ESP.TIROIR | L168: 0 | M168: 11275 | N168: 2024 | O168: 2024-07
... A191: Z001_01_072024_MATURIN.CSV | C191: MC#01 | D191: FONC FIXES | E191: FILE001 | F191: Z | G191: 0035 | H191: 45505 | I191: 09:51 | J191: 0026 | K191: TOTAL REMISE | L191: 0 | M191: 0 | N191: 2024 | O191: 2024-07
A192: Z001_01_072024_MATURIN.CSV | C192: MC#01 | D192: FONC FIXES | E192: FILE001 | F192: Z | G192: 0035 | H192: 45505 | I192: 09:51 | J192: 0027 | L192: 0 | M192: 0 | N192: 2024 | O192: 2024-07
A193: Z001_01_072024_MATURIN.CSV | C193: MC#01 | D193: FONC FIXES | E193: FILE001 | F193: Z | G193: 0035 | H193: 45505 | I193: 09:51 | J193: 0028 | K193: RETOUR+ANNUL | L193: 0 | M193: 0 | N193: 2024 | O193: 2024-07
A194: Z001_01_072024_MATURIN.CSV | C194: MC#01 | D194: FONC FIXES | E194: FILE001 | F194: Z | G194: 0035 | H194: 45505 | I194: 09:51 | J194: 0029 | K194: TL ARRONDI | L194: 0 | M194: 0 | N194: 2024 | O194: 2024-07
A195: Z001_01_072024_MATURIN.CSV | C195: MC#01 | D195: FONC FIXES | E195: FILE001 | F195: Z | G195: 0035 | H195: 45505 | I195: 09:51 | J195: 0030 | K195: TL ARRONDI | L195: 0 | M195: 0 | N195: 2024 | O195: 2024-07
A196: Z001_01_072024_MATURIN.CSV | C196: MC#01 | D196: FONC FIXES | E196: FILE001 | F196: Z | G196: 0035 | H196: 45505 | I196: 09:51 | J196: 0031 | K196: NUL TICKET | L196: 0 | M196: 0 | N196: 2024 | O196: 2024-07
A197: Z001_01_072024_MATURIN.CSV | C197: MC#01 | D197: FONC FIXES | E197: FILE001 | F197: Z | G197: 0035 | H197: 45505 | I197: 09:51 | J197: 0032 | L197: 0 | M197: 0 | N197: 2024 | O197: 2024-07
A198: Z001_01_072024_MATURIN.CSV | C198: MC#01 | D198: FONC FIXES | E198: FILE001 | F198: Z | G198: 0035 | H198: 45505 | I198: 09:51 | J198: 0033 | K198: HORS TAXE 1 | L198: 0 | M198: 35895.02 | N198: 2024 | O198: 2024-07
A199: Z001_01_072024_MATURIN.CSV | C199: MC#01 | D199: FONC FIXES | E199: FILE001 | F199: Z | G199: 0035 | H199: 45505 | I199: 09:51 | J199: 0034 | K199: TVA 1 | L199: 0 | M199: 7178.98 | N199: 2024 | O199: 2024-07
A200: Z001_01_072024_MATURIN.CSV | C200: MC#01 | D200: FONC FIXES | E200: FILE001 | F200: Z | G200: 0035 | H200: 45505 | I200: 09:51 | J200: 0035 | K200: HORS TAXE 2 | L200: 0 | M200: 0 | N200: 2024 | O200: 2024-07
A201: Z001_01_072024_MATURIN.CSV | C201: MC#01 | D201: FONC FIXES | E201: FILE001 | F201: Z | G201: 0035 | H201: 45505 | I201: 09:51 | J201: 0036 | K201: TVA 2 | L201: 0 | M201: 0 | N201: 2024 | O201: 2024-07
...

Sheet TD_OccurenceFichMode
A1: AJ_ANNEE_Z | B1: AJ_MOIS_Z | C1: E_DATE | D1: E_FICHIER | E1: E_MODE | F1: OCCURRENCES
A2: 2024 | B2: 2024-01 | C2: 45323 | D2: FILE001 | E2: Z | F2: =COUNTIFS('Z1_CplteAnneeMois'!$O$2:$O$493,B2,'Z1_CplteAnneeMois'!$H$2:$H$493,C2,'Z1_CplteAnneeMois'!$E$2:$E$493,D2,'Z1_CplteAnneeMois'!$F$2:$F$493,E2)
A3: 2024 | B3: 2024-02 | C3: 45352 | D3: FILE001 | E3: Z | F3: =COUNTIFS('Z1_CplteAnneeMois'!$O$2:$O$493,B3,'Z1_CplteAnneeMois'!$H$2:$H$493,C3,'Z1_CplteAnneeMois'!$E$2:$E$493,D3,'Z1_CplteAnneeMois'!$F$2:$F$493,E3)
A4: 2024 | B4: 2024-03 | C4: 45384 | D4: FILE001 | E4: Z | F4: =COUNTIFS('Z1_CplteAnneeMois'!$O$2:$O$493,B4,'Z1_CplteAnneeMois'!$H$2:$H$493,C4,'Z1_CplteAnneeMois'!$E$2:$E$493,D4,'Z1_CplteAnneeMois'!$F$2:$F$493,E4)
A5: 2024 | B5: 2024-04 | C5: 45414 | D5: FILE001 | E5: Z | F5: =COUNTIFS('Z1_CplteAnneeMois'!$O$2:$O$493,B5,'Z1_CplteAnneeMois'!$H$2:$H$493,C5,'Z1_CplteAnneeMois'!$E$2:$E$493,D5,'Z1_CplteAnneeMois'!$F$2:$F$493,E5)
A6: 2024 | B6: 2024-05 | C6: 45444 | D6: FILE001 | E6: Z | F6: =COUNTIFS('Z1_CplteAnneeMois'!$O$2:$O$493,B6,'Z1_CplteAnneeMois'!$H$2:$H$493,C6,'Z1_CplteAnneeMois'!$E$2:$E$493,D6,'Z1_CplteAnneeMois'!$F$2:$F$493,E6)
A7: 2024 | B7: 2024-06 | C7: 45474 | D7: FILE001 | E7: Z | F7: =COUNTIFS('Z1_CplteAnneeMois'!$O$2:$O$493,B7,'Z1_CplteAnneeMois'!$H$2:$H$493,C7,'Z1_CplteAnneeMois'!$E$2:$E$493,D7,'Z1_CplteAnneeMois'!$F$2:$F$493,E7)
A8: 2024 | B8: 2024-07 | C8: 45505 | D8: FILE001 | E8: Z | F8: =COUNTIFS('Z1_CplteAnneeMois'!$O$2:$O$493,B8,'Z1_CplteAnneeMois'!$H$2:$H$493,C8,'Z1_CplteAnneeMois'!$E$2:$E$493,D8,'Z1_CplteAnneeMois'!$F$2:$F$493,E8)
A9: 2024 | B9: 2024-08 | C9: 45534 | D9: FILE001 | E9: Z | F9: =COUNTIFS('Z1_CplteAnneeMois'!$O$2:$O$493,B9,'Z1_CplteAnneeMois'!$H$2:$H$493,C9,'Z1_CplteAnneeMois'!$E$2:$E$493,D9,'Z1_CplteAnneeMois'!$F$2:$F$493,E9)
A10: 2024 | B10: 2024-09 | C10: 45565 | D10: FILE001 | E10: Z | F10: =COUNTIFS('Z1_CplteAnneeMois'!$O$2:$O$493,B10,'Z1_CplteAnneeMois'!$H$2:$H$493,C10,'Z1_CplteAnneeMois'!$E$2:$E$493,D10,'Z1_CplteAnneeMois'!$F$2:$F$493,E10)
A11: 2024 | B11: 2024-10 | C11: 45598 | D11: FILE001 | E11: Z | F11: =COUNTIFS('Z1_CplteAnneeMois'!$O$2:$O$493,B11,'Z1_CplteAnneeMois'!$H$2:$H$493,C11,'Z1_CplteAnneeMois'!$E$2:$E$493,D11,'Z1_CplteAnneeMois'!$F$2:$F$493,E11)
A12: 2024 | B12: 2024-11 | C12: 45628 | D12: FILE001 | E12: Z | F12: =COUNTIFS('Z1_CplteAnneeMois'!$O$2:$O$493,B12,'Z1_CplteAnneeMois'!$H$2:$H$493,C12,'Z1_CplteAnneeMois'!$E$2:$E$493,D12,'Z1_CplteAnneeMois'!$F$2:$F$493,E12)
A13: 2024 | B13: 2024-12 | C13: 45657 | D13: FILE001 | E13: Z | F13: =COUNTIFS('Z1_CplteAnneeMois'!$O$2:$O$493,B13,'Z1_CplteAnneeMois'!$H$2:$H$493,C13,'Z1_CplteAnneeMois'!$E$2:$E$493,D13,'Z1_CplteAnneeMois'!$F$2:$F$493,E13)

Sheet TD_Z1_TotalMontant
A1: AJ_ANNEE_Z | B1: AJ_MOIS_Z | C1: E_MODE | D1: D_DESIGNATION | E1: D_MONTANT
A2: 2024 | B2: 2024-01 | C2: Z | D2: CA BRUT | E2: =SUMIFS('Z1_CplteAnneeMois'!$M$2:$M$493,'Z1_CplteAnneeMois'!$O$2:$O$493,B2,'Z1_CplteAnneeMois'!$F$2:$F$493,C2,'Z1_CplteAnneeMois'!$K$2:$K$493,D2)
A3: 2024 | B3: 2024-01 | C3: Z | D3: CA NET | E3: =SUMIFS('Z1_CplteAnneeMois'!$M$2:$M$493,'Z1_CplteAnneeMois'!$O$2:$O$493,B3,'Z1_CplteAnneeMois'!$F$2:$F$493,C3,'Z1_CplteAnneeMois'!$K$2:$K$493,D3)
A4: 2024 | B4: 2024-01 | C4: Z | D4: CB.TIROIR | E4: =SUMIFS('Z1_CplteAnneeMois'!$M$2:$M$493,'Z1_CplteAnneeMois'!$O$2:$O$493,B4,'Z1_CplteAnneeMois'!$F$2:$F$493,C4,'Z1_CplteAnneeMois'!$K$2:$K$493,D4)
A5: 2024 | B5: 2024-01 | C5: Z | D5: CHQ.TIROIR | E5: =SUMIFS('Z1_CplteAnneeMois'!$M$2:$M$493,'Z1_CplteAnneeMois'!$O$2:$O$493,B5,'Z1_CplteAnneeMois'!$F$2:$F$493,C5,'Z1_CplteAnneeMois'!$K$2:$K$493,D5)
A6: 2024 | B6: 2024-01 | C6: Z | D6: ESP.TIROIR | E6: =SUMIFS('Z1_CplteAnneeMois'!$M$2:$M$493,'Z1_CplteAnneeMois'!$O$2:$O$493,B6,'Z1_CplteAnneeMois'!$F$2:$F$493,C6,'Z1_CplteAnneeMois'!$K$2:$K$493,D6)
A7: 2024 | B7: 2024-01 | C7: Z | D7: HORS TAXE 1 | E7: =SUMIFS('Z1_CplteAnneeMois'!$M$2:$M$493,'Z1_CplteAnneeMois'!$O$2:$O$493,B7,'Z1_CplteAnneeMois'!$F$2:$F$493,C7,'Z1_CplteAnneeMois'!$K$2:$K$493,D7)
A8: 2024 | B8: 2024-01 | C8: Z | D8: TVA 1 | E8: =SUMIFS('Z1_CplteAnneeMois'!$M$2:$M$493,'Z1_CplteAnneeMois'!$O$2:$O$493,B8,'Z1_CplteAnneeMois'!$F$2:$F$493,C8,'Z1_CplteAnneeMois'!$K$2:$K$493,D8)
A9: 2024 | B9: 2024-01 | C9: ZZ1 | D9: CA BRUT | E9: =SUMIFS('Z1_CplteAnneeMois'!$M$2:$M$493,'Z1_CplteAnneeMois'!$O$2:$O$493,B9,'Z1_CplteAnneeMois'!$F$2:$F$493,C9,'Z1_CplteAnneeMois'!$K$2:$K$493,D9)
A10: 2024 | B10: 2024-01 | C10: ZZ1 | D10: CA NET | E10: =SUMIFS('Z1_CplteAnneeMois'!$M$2:$M$493,'Z1_CplteAnneeMois'!$O$2:$O$493,B10,'Z1_CplteAnneeMois'!$F$2:$F$493,C10,'Z1_CplteAnneeMois'!$K$2:$K$493,D10)
A11: 2024 | B11: 2024-01 | C11: ZZ1 | D11: CB.TIROIR | E11: =SUMIFS('Z1_CplteAnneeMois'!$M$2:$M$493,'Z1_CplteAnneeMois'!$O$2:$O$493,B11,'Z1_CplteAnneeMois'!$F$2:$F$493,C11,'Z1_CplteAnneeMois'!$K$2:$K$493,D11)
A12: 2024 | B12: 2024-01 | C12: ZZ1 | D12: CHQ.TIROIR | E12: =SUMIFS('Z1_CplteAnneeMois'!$M$2:$M$493,'Z1_CplteAnneeMois'!$O$2:$O$493,B12,'Z1_CplteAnneeMois'!$F$2:$F$493,C12,'Z1_CplteAnneeMois'!$K$2:$K$493,D12)
A13: 2024 | B13: 2024-01 | C13: ZZ1 | D13: ESP.TIROIR | E13: =SUMIFS('Z1_CplteAnneeMois'!$M$2:$M$493,'Z1_CplteAnneeMois'!$O$2:$O$493,B13,'Z1_CplteAnneeMois'!$F$2:$F$493,C13,'Z1_CplteAnneeMois'!$K$2:$K$493,D13)
... A253: 2024 | B253: 2024-12 | C253: ZZ2 | D253: TVA 1 | E253: =SUMIFS('Z1_CplteAnneeMois'!$M$2:$M$493,'Z1_CplteAnneeMois'!$O$2:$O$493,B253,'Z1_CplteAnneeMois'!$F$2:$F$493,C253,'Z1_CplteAnneeMois'!$K$2:$K$493,D253)

Sheet Z1_Total_ModeZZ1
A1: AJ_ANNEE_Z | B1: AJ_MOIS_Z | C1: CA_BRUT_D_MONTANT | D1: CA_NET_D_MONTANT | E1: CB_TIROIR_D_MONTANT | F1: CHQ_TIROIR_D_MONTANT | G1: ESP_TIROIR_D_MONTANT | H1: HORS_TAXE_1_D_MONTANT | I1: TVA_1_D_MONTANT
A2: 2024 | B2: 2024-01 | C2: =SUMIFS('TD_Z1_TotalMontant'!$E$2:$E$253,'TD_Z1_TotalMontant'!$B$2:$B$253,B2,'TD_Z1_TotalMontant'!$C$2:$C$253,"ZZ1",'TD_Z1_TotalMontant'!$D$2:$D$253,"CA BRUT") | D2: =SUMIFS('TD_Z1_TotalMontant'!$E$2:$E$253,'TD_Z1_TotalMontant'!$B$2:$B$253,B2,'TD_Z1_TotalMontant'!$C$2:$C$253,"ZZ1",'TD_Z1_TotalMontant'!$D$2:$D$253,"CA NET") | E2: =SUMIFS('TD_Z1_TotalMontant'!$E$2:$E$253,'TD_Z1_TotalMontant'!$B$2:$B$253,B2,'TD_Z1_TotalMontant'!$C$2:$C$253,"ZZ1",'TD_Z1_TotalMontant'!$D$2:$D$253,"CB.TIROIR") | F2: =SUMIFS('TD_Z1_TotalMontant'!$E$2:$E$253,'TD_Z1_TotalMontant'!$B$2:$B$253,B2,'TD_Z1_TotalMontant'!$C$2:$C$253,"ZZ1",'TD_Z1_TotalMontant'!$D$2:$D$253,"CHQ.TIROIR") | G2: =SUMIFS('TD_Z1_TotalMontant'!$E$2:$E$253,'TD_Z1_TotalMontant'!$B$2:$B$253,B2,'TD_Z1_TotalMontant'!$C$2:$C$253,"ZZ1",'TD_Z1_TotalMontant'!$D$2:$D$253,"ESP.TIROIR") | H2: =SUMIFS('TD_Z1_TotalMontant'!$E$2:$E$253,'TD_Z1_TotalMontant'!$B$2:$B$253,B2,'TD_Z1_TotalMontant'!$C$2:$C$253,"ZZ1",'TD_Z1_TotalMontant'!$D$2:$D$253,"HORS TAXE 1") | I2: =SUMIFS('TD_Z1_TotalMontant'!$E$2:$E$253,'TD_Z1_TotalMontant'!$B$2:$B$253,B2,'TD_Z1_TotalMontant'!$C$2:$C$253,"ZZ1",'TD_Z1_TotalMontant'!$D$2:$D$253,"TVA 1")
A3: 2024 | B3: 2024-02 | C3: =SUMIFS('TD_Z1_TotalMontant'!$E$2:$E$253,'TD_Z1_TotalMontant'!$B$2:$B$253,B3,'TD_Z1_TotalMontant'!$C$2:$C$253,"ZZ1",'TD_Z1_TotalMontant'!$D$2:$D$253,"CA BRUT") | D3: =SUMIFS('TD_Z1_TotalMontant'!$E$2:$E$253,'TD_Z1_TotalMontant'!$B$2:$B$253,B3,'TD_Z1_TotalMontant'!$C$2:$C$253,"ZZ1",'TD_Z1_TotalMontant'!$D$2:$D$253,"CA NET") | E3: =SUMIFS('TD_Z1_TotalMontant'!$E$2:$E$253,'TD_Z1_TotalMontant'!$B$2:$B$253,B3,'TD_Z1_TotalMontant'!$C$2:$C$253,"ZZ1",'TD_Z1_TotalMontant'!$D$2:$D$253,"CB.TIROIR") | F3: =SUMIFS('TD_Z1_TotalMontant'!$E$2:$E$253,'TD_Z1_TotalMontant'!$B$2:$B$253,B3,'TD_Z1_TotalMontant'!$C$2:$C$253,"ZZ1",'TD_Z1_TotalMontant'!$D$2:$D$253,"CHQ.TIROIR") | G3: =SUMIFS('TD_Z1_TotalMontant'!$E$2:$E$253,'TD_Z1_TotalMontant'!$B$2:$B$253,B3,'TD_Z1_TotalMontant'!$C$2:$C$253,"ZZ1",'TD_Z1_TotalMontant'!$D$2:$D$253,"ESP.TIROIR") | H3: =SUMIFS('TD_Z1_TotalMontant'!$E$2:$E$253,'TD_Z1_TotalMontant'!$B$2:$B$253,B3,'TD_Z1_TotalMontant'!$C$2:$C$253,"ZZ1",'TD_Z1_TotalMontant'!$D$2:$D$253,"HORS TAXE 1") | I3: =SUMIFS('TD_Z1_TotalMontant'!$E$2:$E$253,'TD_Z1_TotalMontant'!$B$2:$B$253,B3,'TD_Z1_TotalMontant'!$C$2:$C$253,"ZZ1",'TD_Z1_TotalMontant'!$D$2:$D$253,"TVA 1")
A4: 2024 | B4: 2024-03 | C4: =SUMIFS('TD_Z1_TotalMontant'!$E$2:$E$253,'TD_Z1_TotalMontant'!$B$2:$B$253,B4,'TD_Z1_TotalMontant'!$C$2:$C$253,"ZZ1",'TD_Z1_TotalMontant'!$D$2:$D$253,"CA BRUT") | D4: =SUMIFS('TD_Z1_TotalMontant'!$E$2:$E$253,'TD_Z1_TotalMontant'!$B$2:$B$253,B4,'TD_Z1_TotalMontant'!$C$2:$C$253,"ZZ1",'TD_Z1_TotalMontant'!$D$2:$D$253,"CA NET") | E4: =SUMIFS('TD_Z1_TotalMontant'!$E$2:$E$253,'TD_Z1_TotalMontant'!$B$2:$B$253,B4,'TD_Z1_TotalMontant'!$C$2:$C$253,"ZZ1",'TD_Z1_TotalMontant'!$D$2:$D$253,"CB.TIROIR") | F4: =SUMIFS('TD_Z1_TotalMontant'!$E$2:$E$253,'TD_Z1_TotalMontant'!$B$2:$B$253,B4,'TD_Z1_TotalMontant'!$C$2:$C$253,"ZZ1",'TD_Z1_TotalMontant'!$D$2:$D$253,"CHQ.TIROIR") | G4: =SUMIFS('TD_Z1_TotalMontant'!$E$2:$E$253,'TD_Z1_TotalMontant'!$B$2:$B$253,B4,'TD_Z1_TotalMontant'!$C$2:$C$253,"ZZ1",'TD_Z1_TotalMontant'!$D$2:$D$253,"ESP.TIROIR") | H4: =SUMIFS('TD_Z1_TotalMontant'!$E$2:$E$253,'TD_Z1_TotalMontant'!$B$2:$B$253,B4,'TD_Z1_TotalMontant'!$C$2:$C$253,"ZZ1",'TD_Z1_TotalMontant'!$D$2:$D$253,"HORS TAXE 1") | I4: =SUMIFS('TD_Z1_TotalMontant'!$E$2:$E$253,'TD_Z1_TotalMontant'!$B$2:$B$253,B4,'TD_Z1_TotalMontant'!$C$2:$C$253,"ZZ1",'TD_Z1_TotalMontant'!$D$2:$D$253,"TVA 1")
A5: 2024 | B5: 2024-04 | C5: =SUMIFS('TD_Z1_TotalMontant'!$E$2:$E$253,'TD_Z1_TotalMontant'!$B$2:$B$253,B5,'TD_Z1_TotalMontant'!$C$2:$C$253,"ZZ1",'TD_Z1_TotalMontant'!$D$2:$D$253,"CA BRUT") | D5: =SUMIFS('TD_Z1_TotalMontant'!$E$2:$E$253,'TD_Z1_TotalMontant'!$B$2:$B$253,B5,'TD_Z1_TotalMontant'!$C$2:$C$253,"ZZ1",'TD_Z1_TotalMontant'!$D$2:$D$253,"CA NET") | E5: =SUMIFS('TD_Z1_TotalMontant'!$E$2:$E$253,'TD_Z1_TotalMontant'!$B$2:$B$253,B5,'TD_Z1_TotalMontant'!$C$2:$C$253,"ZZ1",'TD_Z1_TotalMontant'!$D$2:$D$253,"CB.TIROIR") | F5: =SUMIFS('TD_Z1_TotalMontant'!$E$2:$E$253,'TD_Z1_TotalMontant'!$B$2:$B$253,B5,'TD_Z1_TotalMontant'!$C$2:$C$253,"ZZ1",'TD_Z1_TotalMontant'!$D$2:$D$253,"CHQ.TIROIR") | G5: =SUMIFS('TD_Z1_TotalMontant'!$E$2:$E$253,'TD_Z1_TotalMontant'!$B$2:$B$253,B5,'TD_Z1_TotalMontant'!$C$2:$C$253,"ZZ1",'TD_Z1_TotalMontant'!$D$2:$D$253,"ESP.TIROIR") | H5: =SUMIFS('TD_Z1_TotalMontant'!$E$2:$E$253,'TD_Z1_TotalMontant'!$B$2:$B$253,B5,'TD_Z1_TotalMontant'!$C$2:$C$253,"ZZ1",'TD_Z1_TotalMontant'!$D$2:$D$253,"HORS TAXE 1") | I5: =SUMIFS('TD_Z1_TotalMontant'!$E$2:$E$253,'TD_Z1_TotalMontant'!$B$2:$B$253,B5,'TD_Z1_TotalMontant'!$C$2:$C$253,"ZZ1",'TD_Z1_TotalMontant'!$D$2:$D$253,"TVA 1")
A6: 2024 | B6: 2024-05 | C6: =SUMIFS('TD_Z1_TotalMontant'!$E$2:$E$253,'TD_Z1_TotalMontant'!$B$2:$B$253,B6,'TD_Z1_TotalMontant'!$C$2:$C$253,"ZZ1",'TD_Z1_TotalMontant'!$D$2:$D$253,"CA BRUT") | D6: =SUMIFS('TD_Z1_TotalMontant'!$E$2:$E$253,'TD_Z1_TotalMontant'!$B$2:$B$253,B6,'TD_Z1_TotalMontant'!$C$2:$C$253,"ZZ1",'TD_Z1_TotalMontant'!$D$2:$D$253,"CA NET") | E6: =SUMIFS('TD_Z1_TotalMontant'!$E$2:$E$253,'TD_Z1_TotalMontant'!$B$2:$B$253,B6,'TD_Z1_TotalMontant'!$C$2:$C$253,"ZZ1",'TD_Z1_TotalMontant'!$D$2:$D$253,"CB.TIROIR") | F6: =SUMIFS('TD_Z1_TotalMontant'!$E$2:$E$253,'TD_Z1_TotalMontant'!$B$2:$B$253,B6,'TD_Z1_TotalMontant'!$C$2:$C$253,"ZZ1",'TD_Z1_TotalMontant'!$D$2:$D$253,"CHQ.TIROIR") | G6: =SUMIFS('TD_Z1_TotalMontant'!$E$2:$E$253,'TD_Z1_TotalMontant'!$B$2:$B$253,B6,'TD_Z1_TotalMontant'!$C$2:$C$253,"ZZ1",'TD_Z1_TotalMontant'!$D$2:$D$253,"ESP.TIROIR") | H6: =SUMIFS('TD_Z1_TotalMontant'!$E$2:$E$253,'TD_Z1_TotalMontant'!$B$2:$B$253,B6,'TD_Z1_TotalMontant'!$C$2:$C$253,"ZZ1",'TD_Z1_TotalMontant'!$D$2:$D$253,"HORS TAXE 1") | I6: =SUMIFS('TD_Z1_TotalMontant'!$E$2:$E$253,'TD_Z1_TotalMontant'!$B$2:$B$253,B6,'TD_Z1_TotalMontant'!$C$2:$C$253,"ZZ1",'TD_Z1_TotalMontant'!$D$2:$D$253,"TVA 1")
A7: 2024 | B7: 2024-06 | C7: =SUMIFS('TD_Z1_TotalMontant'!$E$2:$E$253,'TD_Z1_TotalMontant'!$B$2:$B$253,B7,'TD_Z1_TotalMontant'!$C$2:$C$253,"ZZ1",'TD_Z1_TotalMontant'!$D$2:$D$253,"CA BRUT") | D7: =SUMIFS('TD_Z1_TotalMontant'!$E$2:$E$253,'TD_Z1_TotalMontant'!$B$2:$B$253,B7,'TD_Z1_TotalMontant'!$C$2:$C$253,"ZZ1",'TD_Z1_TotalMontant'!$D$2:$D$253,"CA NET") | E7: =SUMIFS('TD_Z1_TotalMontant'!$E$2:$E$253,'TD_Z1_TotalMontant'!$B$2:$B$253,B7,'TD_Z1_TotalMontant'!$C$2:$C$253,"ZZ1",'TD_Z1_TotalMontant'!$D$2:$D$253,"CB.TIROIR") | F7: =SUMIFS('TD_Z1_TotalMontant'!$E$2:$E$253,'TD_Z1_TotalMontant'!$B$2:$B$253,B7,'TD_Z1_TotalMontant'!$C$2:$C$253,"ZZ1",'TD_Z1_TotalMontant'!$D$2:$D$253,"CHQ.TIROIR") | G7: =SUMIFS('TD_Z1_TotalMontant'!$E$2:$E$253,'TD_Z1_TotalMontant'!$B$2:$B$253,B7,'TD_Z1_TotalMontant'!$C$2:$C$253,"ZZ1",'TD_Z1_TotalMontant'!$D$2:$D$253,"ESP.TIROIR") | H7: =SUMIFS('TD_Z1_TotalMontant'!$E$2:$E$253,'TD_Z1_TotalMontant'!$B$2:$B$253,B7,'TD_Z1_TotalMontant'!$C$2:$C$253,"ZZ1",'TD_Z1_TotalMontant'!$D$2:$D$253,"HORS TAXE 1") | I7: =SUMIFS('TD_Z1_TotalMontant'!$E$2:$E$253,'TD_Z1_TotalMontant'!$B$2:$B$253,B7,'TD_Z1_TotalMontant'!$C$2:$C$253,"ZZ1",'TD_Z1_TotalMontant'!$D$2:$D$253,"TVA 1")
A8: 2024 | B8: 2024-07 | C8: =SUMIFS('TD_Z1_TotalMontant'!$E$2:$E$253,'TD_Z1_TotalMontant'!$B$2:$B$253,B8,'TD_Z1_TotalMontant'!$C$2:$C$253,"ZZ1",'TD_Z1_TotalMontant'!$D$2:$D$253,"CA BRUT") | D8: =SUMIFS('TD_Z1_TotalMontant'!$E$2:$E$253,'TD_Z1_TotalMontant'!$B$2:$B$253,B8,'TD_Z1_TotalMontant'!$C$2:$C$253,"ZZ1",'TD_Z1_TotalMontant'!$D$2:$D$253,"CA NET") | E8: =SUMIFS('TD_Z1_TotalMontant'!$E$2:$E$253,'TD_Z1_TotalMontant'!$B$2:$B$253,B8,'TD_Z1_TotalMontant'!$C$2:$C$253,"ZZ1",'TD_Z1_TotalMontant'!$D$2:$D$253,"CB.TIROIR") | F8: =SUMIFS('TD_Z1_TotalMontant'!$E$2:$E$253,'TD_Z1_TotalMontant'!$B$2:$B$253,B8,'TD_Z1_TotalMontant'!$C$2:$C$253,"ZZ1",'TD_Z1_TotalMontant'!$D$2:$D$253,"CHQ.TIROIR") | G8: =SUMIFS('TD_Z1_TotalMontant'!$E$2:$E$253,'TD_Z1_TotalMontant'!$B$2:$B$253,B8,'TD_Z1_TotalMontant'!$C$2:$C$253,"ZZ1",'TD_Z1_TotalMontant'!$D$2:$D$253,"ESP.TIROIR") | H8: =SUMIFS('TD_Z1_TotalMontant'!$E$2:$E$253,'TD_Z1_TotalMontant'!$B$2:$B$253,B8,'TD_Z1_TotalMontant'!$C$2:$C$253,"ZZ1",'TD_Z1_TotalMontant'!$D$2:$D$253,"HORS TAXE 1") | I8: =SUMIFS('TD_Z1_TotalMontant'!$E$2:$E$253,'TD_Z1_TotalMontant'!$B$2:$B$253,B8,'TD_Z1_TotalMontant'!$C$2:$C$253,"ZZ1",'TD_Z1_TotalMontant'!$D$2:$D$253,"TVA 1")
A9: 2024 | B9: 2024-08 | C9: =SUMIFS('TD_Z1_TotalMontant'!$E$2:$E$253,'TD_Z1_TotalMontant'!$B$2:$B$253,B9,'TD_Z1_TotalMontant'!$C$2:$C$253,"ZZ1",'TD_Z1_TotalMontant'!$D$2:$D$253,"CA BRUT") | D9: =SUMIFS('TD_Z1_TotalMontant'!$E$2:$E$253,'TD_Z1_TotalMontant'!$B$2:$B$253,B9,'TD_Z1_TotalMontant'!$C$2:$C$253,"ZZ1",'TD_Z1_TotalMontant'!$D$2:$D$253,"CA NET") | E9: =SUMIFS('TD_Z1_TotalMontant'!$E$2:$E$253,'TD_Z1_TotalMontant'!$B$2:$B$253,B9,'TD_Z1_TotalMontant'!$C$2:$C$253,"ZZ1",'TD_Z1_TotalMontant'!$D$2:$D$253,"CB.TIROIR") | F9: =SUMIFS('TD_Z1_TotalMontant'!$E$2:$E$253,'TD_Z1_TotalMontant'!$B$2:$B$253,B9,'TD_Z1_TotalMontant'!$C$2:$C$253,"ZZ1",'TD_Z1_TotalMontant'!$D$2:$D$253,"CHQ.TIROIR") | G9: =SUMIFS('TD_Z1_TotalMontant'!$E$2:$E$253,'TD_Z1_TotalMontant'!$B$2:$B$253,B9,'TD_Z1_TotalMontant'!$C$2:$C$253,"ZZ1",'TD_Z1_TotalMontant'!$D$2:$D$253,"ESP.TIROIR") | H9: =SUMIFS('TD_Z1_TotalMontant'!$E$2:$E$253,'TD_Z1_TotalMontant'!$B$2:$B$253,B9,'TD_Z1_TotalMontant'!$C$2:$C$253,"ZZ1",'TD_Z1_TotalMontant'!$D$2:$D$253,"HORS TAXE 1") | I9: =SUMIFS('TD_Z1_TotalMontant'!$E$2:$E$253,'TD_Z1_TotalMontant'!$B$2:$B$253,B9,'TD_Z1_TotalMontant'!$C$2:$C$253,"ZZ1",'TD_Z1_TotalMontant'!$D$2:$D$253,"TVA 1")
A10: 2024 | B10: 2024-09 | C10: =SUMIFS('TD_Z1_TotalMontant'!$E$2:$E$253,'TD_Z1_TotalMontant'!$B$2:$B$253,B10,'TD_Z1_TotalMontant'!$C$2:$C$253,"ZZ1",'TD_Z1_TotalMontant'!$D$2:$D$253,"CA BRUT") | D10: =SUMIFS('TD_Z1_TotalMontant'!$E$2:$E$253,'TD_Z1_TotalMontant'!$B$2:$B$253,B10,'TD_Z1_TotalMontant'!$C$2:$C$253,"ZZ1",'TD_Z1_TotalMontant'!$D$2:$D$253,"CA NET") | E10: =SUMIFS('TD_Z1_TotalMontant'!$E$2:$E$253,'TD_Z1_TotalMontant'!$B$2:$B$253,B10,'TD_Z1_TotalMontant'!$C$2:$C$253,"ZZ1",'TD_Z1_TotalMontant'!$D$2:$D$253,"CB.TIROIR") | F10: =SUMIFS('TD_Z1_TotalMontant'!$E$2:$E$253,'TD_Z1_TotalMontant'!$B$2:$B$253,B10,'TD_Z1_TotalMontant'!$C$2:$C$253,"ZZ1",'TD_Z1_TotalMontant'!$D$2:$D$253,"CHQ.TIROIR") | G10: =SUMIFS('TD_Z1_TotalMontant'!$E$2:$E$253,'TD_Z1_TotalMontant'!$B$2:$B$253,B10,'TD_Z1_TotalMontant'!$C$2:$C$253,"ZZ1",'TD_Z1_TotalMontant'!$D$2:$D$253,"ESP.TIROIR") | H10: =SUMIFS('TD_Z1_TotalMontant'!$E$2:$E$253,'TD_Z1_TotalMontant'!$B$2:$B$253,B10,'TD_Z1_TotalMontant'!$C$2:$C$253,"ZZ1",'TD_Z1_TotalMontant'!$D$2:$D$253,"HORS TAXE 1") | I10: =SUMIFS('TD_Z1_TotalMontant'!$E$2:$E$253,'TD_Z1_TotalMontant'!$B$2:$B$253,B10,'TD_Z1_TotalMontant'!$C$2:$C$253,"ZZ1",'TD_Z1_TotalMontant'!$D$2:$D$253,"TVA 1")
A11: 2024 | B11: 2024-10 | C11: =SUMIFS('TD_Z1_TotalMontant'!$E$2:$E$253,'TD_Z1_TotalMontant'!$B$2:$B$253,B11,'TD_Z1_TotalMontant'!$C$2:$C$253,"ZZ1",'TD_Z1_TotalMontant'!$D$2:$D$253,"CA BRUT") | D11: =SUMIFS('TD_Z1_TotalMontant'!$E$2:$E$253,'TD_Z1_TotalMontant'!$B$2:$B$253,B11,'TD_Z1_TotalMontant'!$C$2:$C$253,"ZZ1",'TD_Z1_TotalMontant'!$D$2:$D$253,"CA NET") | E11: =SUMIFS('TD_Z1_TotalMontant'!$E$2:$E$253,'TD_Z1_TotalMontant'!$B$2:$B$253,B11,'TD_Z1_TotalMontant'!$C$2:$C$253,"ZZ1",'TD_Z1_TotalMontant'!$D$2:$D$253,"CB.TIROIR") | F11: =SUMIFS('TD_Z1_TotalMontant'!$E$2:$E$253,'TD_Z1_TotalMontant'!$B$2:$B$253,B11,'TD_Z1_TotalMontant'!$C$2:$C$253,"ZZ1",'TD_Z1_TotalMontant'!$D$2:$D$253,"CHQ.TIROIR") | G11: =SUMIFS('TD_Z1_TotalMontant'!$E$2:$E$253,'TD_Z1_TotalMontant'!$B$2:$B$253,B11,'TD_Z1_TotalMontant'!$C$2:$C$253,"ZZ1",'TD_Z1_TotalMontant'!$D$2:$D$253,"ESP.TIROIR") | H11: =SUMIFS('TD_Z1_TotalMontant'!$E$2:$E$253,'TD_Z1_TotalMontant'!$B$2:$B$253,B11,'TD_Z1_TotalMontant'!$C$2:$C$253,"ZZ1",'TD_Z1_TotalMontant'!$D$2:$D$253,"HORS TAXE 1") | I11: =SUMIFS('TD_Z1_TotalMontant'!$E$2:$E$253,'TD_Z1_TotalMontant'!$B$2:$B$253,B11,'TD_Z1_TotalMontant'!$C$2:$C$253,"ZZ1",'TD_Z1_TotalMontant'!$D$2:$D$253,"TVA 1")
A12: 2024 | B12: 2024-11 | C12: =SUMIFS('TD_Z1_TotalMontant'!$E$2:$E$253,'TD_Z1_TotalMontant'!$B$2:$B$253,B12,'TD_Z1_TotalMontant'!$C$2:$C$253,"ZZ1",'TD_Z1_TotalMontant'!$D$2:$D$253,"CA BRUT") | D12: =SUMIFS('TD_Z1_TotalMontant'!$E$2:$E$253,'TD_Z1_TotalMontant'!$B$2:$B$253,B12,'TD_Z1_TotalMontant'!$C$2:$C$253,"ZZ1",'TD_Z1_TotalMontant'!$D$2:$D$253,"CA NET") | E12: =SUMIFS('TD_Z1_TotalMontant'!$E$2:$E$253,'TD_Z1_TotalMontant'!$B$2:$B$253,B12,'TD_Z1_TotalMontant'!$C$2:$C$253,"ZZ1",'TD_Z1_TotalMontant'!$D$2:$D$253,"CB.TIROIR") | F12: =SUMIFS('TD_Z1_TotalMontant'!$E$2:$E$253,'TD_Z1_TotalMontant'!$B$2:$B$253,B12,'TD_Z1_TotalMontant'!$C$2:$C$253,"ZZ1",'TD_Z1_TotalMontant'!$D$2:$D$253,"CHQ.TIROIR") | G12: =SUMIFS('TD_Z1_TotalMontant'!$E$2:$E$253,'TD_Z1_TotalMontant'!$B$2:$B$253,B12,'TD_Z1_TotalMontant'!$C$2:$C$253,"ZZ1",'TD_Z1_TotalMontant'!$D$2:$D$253,"ESP.TIROIR") | H12: =SUMIFS('TD_Z1_TotalMontant'!$E$2:$E$253,'TD_Z1_TotalMontant'!$B$2:$B$253,B12,'TD_Z1_TotalMontant'!$C$2:$C$253,"ZZ1",'TD_Z1_TotalMontant'!$D$2:$D$253,"HORS TAXE 1") | I12: =SUMIFS('TD_Z1_TotalMontant'!$E$2:$E$253,'TD_Z1_TotalMontant'!$B$2:$B$253,B12,'TD_Z1_TotalMontant'!$C$2:$C$253,"ZZ1",'TD_Z1_TotalMontant'!$D$2:$D$253,"TVA 1")
A13: 2024 | B13: 2024-12 | C13: =SUMIFS('TD_Z1_TotalMontant'!$E$2:$E$253,'TD_Z1_TotalMontant'!$B$2:$B$253,B13,'TD_Z1_TotalMontant'!$C$2:$C$253,"ZZ1",'TD_Z1_TotalMontant'!$D$2:$D$253,"CA BRUT") | D13: =SUMIFS('TD_Z1_TotalMontant'!$E$2:$E$253,'TD_Z1_TotalMontant'!$B$2:$B$253,B13,'TD_Z1_TotalMontant'!$C$2:$C$253,"ZZ1",'TD_Z1_TotalMontant'!$D$2:$D$253,"CA NET") | E13: =SUMIFS('TD_Z1_TotalMontant'!$E$2:$E$253,'TD_Z1_TotalMontant'!$B$2:$B$253,B13,'TD_Z1_TotalMontant'!$C$2:$C$253,"ZZ1",'TD_Z1_TotalMontant'!$D$2:$D$253,"CB.TIROIR") | F13: =SUMIFS('TD_Z1_TotalMontant'!$E$2:$E$253,'TD_Z1_TotalMontant'!$B$2:$B$253,B13,'TD_Z1_TotalMontant'!$C$2:$C$253,"ZZ1",'TD_Z1_TotalMontant'!$D$2:$D$253,"CHQ.TIROIR") | G13: =SUMIFS('TD_Z1_TotalMontant'!$E$2:$E$253,'TD_Z1_TotalMontant'!$B$2:$B$253,B13,'TD_Z1_TotalMontant'!$C$2:$C$253,"ZZ1",'TD_Z1_TotalMontant'!$D$2:$D$253,"ESP.TIROIR") | H13: =SUMIFS('TD_Z1_TotalMontant'!$E$2:$E$253,'TD_Z1_TotalMontant'!$B$2:$B$253,B13,'TD_Z1_TotalMontant'!$C$2:$C$253,"ZZ1",'TD_Z1_TotalMontant'!$D$2:$D$253,"HORS TAXE 1") | I13: =SUMIFS('TD_Z1_TotalMontant'!$E$2:$E$253,'TD_Z1_TotalMontant'!$B$2:$B$253,B13,'TD_Z1_TotalMontant'!$C$2:$C$253,"ZZ1",'TD_Z1_TotalMontant'!$D$2:$D$253,"TVA 1")

Sheet Z1_Total_ModeZZ2
A1: AJ_ANNEE_Z | B1: AJ_MOIS_Z | C1: CA_BRUT_D_MONTANT | D1: CA_NET_D_MONTANT | E1: CB_TIROIR_D_MONTANT | F1: CHQ_TIROIR_D_MONTANT | G1: ESP_TIROIR_D_MONTANT | H1: HORS_TAXE_1_D_MONTANT | I1: TVA_1_D_MONTANT
A2: 2024 | B2: 2024-01 | C2: =SUMIFS('TD_Z1_TotalMontant'!$E$2:$E$253,'TD_Z1_TotalMontant'!$B$2:$B$253,B2,'TD_Z1_TotalMontant'!$C$2:$C$253,"ZZ2",'TD_Z1_TotalMontant'!$D$2:$D$253,"CA BRUT") | D2: =SUMIFS('TD_Z1_TotalMontant'!$E$2:$E$253,'TD_Z1_TotalMontant'!$B$2:$B$253,B2,'TD_Z1_TotalMontant'!$C$2:$C$253,"ZZ2",'TD_Z1_TotalMontant'!$D$2:$D$253,"CA NET") | E2: =SUMIFS('TD_Z1_TotalMontant'!$E$2:$E$253,'TD_Z1_TotalMontant'!$B$2:$B$253,B2,'TD_Z1_TotalMontant'!$C$2:$C$253,"ZZ2",'TD_Z1_TotalMontant'!$D$2:$D$253,"CB.TIROIR") | F2: =SUMIFS('TD_Z1_TotalMontant'!$E$2:$E$253,'TD_Z1_TotalMontant'!$B$2:$B$253,B2,'TD_Z1_TotalMontant'!$C$2:$C$253,"ZZ2",'TD_Z1_TotalMontant'!$D$2:$D$253,"CHQ.TIROIR") | G2: =SUMIFS('TD_Z1_TotalMontant'!$E$2:$E$253,'TD_Z1_TotalMontant'!$B$2:$B$253,B2,'TD_Z1_TotalMontant'!$C$2:$C$253,"ZZ2",'TD_Z1_TotalMontant'!$D$2:$D$253,"ESP.TIROIR") | H2: =SUMIFS('TD_Z1_TotalMontant'!$E$2:$E$253,'TD_Z1_TotalMontant'!$B$2:$B$253,B2,'TD_Z1_TotalMontant'!$C$2:$C$253,"ZZ2",'TD_Z1_TotalMontant'!$D$2:$D$253,"HORS TAXE 1") | I2: =SUMIFS('TD_Z1_TotalMontant'!$E$2:$E$253,'TD_Z1_TotalMontant'!$B$2:$B$253,B2,'TD_Z1_TotalMontant'!$C$2:$C$253,"ZZ2",'TD_Z1_TotalMontant'!$D$2:$D$253,"TVA 1")
A3: 2024 | B3: 2024-02 | C3: =SUMIFS('TD_Z1_TotalMontant'!$E$2:$E$253,'TD_Z1_TotalMontant'!$B$2:$B$253,B3,'TD_Z1_TotalMontant'!$C$2:$C$253,"ZZ2",'TD_Z1_TotalMontant'!$D$2:$D$253,"CA BRUT") | D3: =SUMIFS('TD_Z1_TotalMontant'!$E$2:$E$253,'TD_Z1_TotalMontant'!$B$2:$B$253,B3,'TD_Z1_TotalMontant'!$C$2:$C$253,"ZZ2",'TD_Z1_TotalMontant'!$D$2:$D$253,"CA NET") | E3: =SUMIFS('TD_Z1_TotalMontant'!$E$2:$E$253,'TD_Z1_TotalMontant'!$B$2:$B$253,B3,'TD_Z1_TotalMontant'!$C$2:$C$253,"ZZ2",'TD_Z1_TotalMontant'!$D$2:$D$253,"CB.TIROIR") | F3: =SUMIFS('TD_Z1_TotalMontant'!$E$2:$E$253,'TD_Z1_TotalMontant'!$B$2:$B$253,B3,'TD_Z1_TotalMontant'!$C$2:$C$253,"ZZ2",'TD_Z1_TotalMontant'!$D$2:$D$253,"CHQ.TIROIR") | G3: =SUMIFS('TD_Z1_TotalMontant'!$E$2:$E$253,'TD_Z1_TotalMontant'!$B$2:$B$253,B3,'TD_Z1_TotalMontant'!$C$2:$C$253,"ZZ2",'TD_Z1_TotalMontant'!$D$2:$D$253,"ESP.TIROIR") | H3: =SUMIFS('TD_Z1_TotalMontant'!$E$2:$E$253,'TD_Z1_TotalMontant'!$B$2:$B$253,B3,'TD_Z1_TotalMontant'!$C$2:$C$253,"ZZ2",'TD_Z1_TotalMontant'!$D$2:$D$253,"HORS TAXE 1") | I3: =SUMIFS('TD_Z1_TotalMontant'!$E$2:$E$253,'TD_Z1_TotalMontant'!$B$2:$B$253,B3,'TD_Z1_TotalMontant'!$C$2:$C$253,"ZZ2",'TD_Z1_TotalMontant'!$D$2:$D$253,"TVA 1")
A4: 2024 | B4: 2024-03 | C4: =SUMIFS('TD_Z1_TotalMontant'!$E$2:$E$253,'TD_Z1_TotalMontant'!$B$2:$B$253,B4,'TD_Z1_TotalMontant'!$C$2:$C$253,"ZZ2",'TD_Z1_TotalMontant'!$D$2:$D$253,"CA BRUT") | D4: =SUMIFS('TD_Z1_TotalMontant'!$E$2:$E$253,'TD_Z1_TotalMontant'!$B$2:$B$253,B4,'TD_Z1_TotalMontant'!$C$2:$C$253,"ZZ2",'TD_Z1_TotalMontant'!$D$2:$D$253,"CA NET") | E4: =SUMIFS('TD_Z1_TotalMontant'!$E$2:$E$253,'TD_Z1_TotalMontant'!$B$2:$B$253,B4,'TD_Z1_TotalMontant'!$C$2:$C$253,"ZZ2",'TD_Z1_TotalMontant'!$D$2:$D$253,"CB.TIROIR") | F4: =SUMIFS('TD_Z1_TotalMontant'!$E$2:$E$253,'TD_Z1_TotalMontant'!$B$2:$B$253,B4,'TD_Z1_TotalMontant'!$C$2:$C$253,"ZZ2",'TD_Z1_TotalMontant'!$D$2:$D$253,"CHQ.TIROIR") | G4: =SUMIFS('TD_Z1_TotalMontant'!$E$2:$E$253,'TD_Z1_TotalMontant'!$B$2:$B$253,B4,'TD_Z1_TotalMontant'!$C$2:$C$253,"ZZ2",'TD_Z1_TotalMontant'!$D$2:$D$253,"ESP.TIROIR") | H4: =SUMIFS('TD_Z1_TotalMontant'!$E$2:$E$253,'TD_Z1_TotalMontant'!$B$2:$B$253,B4,'TD_Z1_TotalMontant'!$C$2:$C$253,"ZZ2",'TD_Z1_TotalMontant'!$D$2:$D$253,"HORS TAXE 1") | I4: =SUMIFS('TD_Z1_TotalMontant'!$E$2:$E$253,'TD_Z1_TotalMontant'!$B$2:$B$253,B4,'TD_Z1_TotalMontant'!$C$2:$C$253,"ZZ2",'TD_Z1_TotalMontant'!$D$2:$D$253,"TVA 1")
A5: 2024 | B5: 2024-04 | C5: =SUMIFS('TD_Z1_TotalMontant'!$E$2:$E$253,'TD_Z1_TotalMontant'!$B$2:$B$253,B5,'TD_Z1_TotalMontant'!$C$2:$C$253,"ZZ2",'TD_Z1_TotalMontant'!$D$2:$D$253,"CA BRUT") | D5: =SUMIFS('TD_Z1_TotalMontant'!$E$2:$E$253,'TD_Z1_TotalMontant'!$B$2:$B$253,B5,'TD_Z1_TotalMontant'!$C$2:$C$253,"ZZ2",'TD_Z1_TotalMontant'!$D$2:$D$253,"CA NET") | E5: =SUMIFS('TD_Z1_TotalMontant'!$E$2:$E$253,'TD_Z1_TotalMontant'!$B$2:$B$253,B5,'TD_Z1_TotalMontant'!$C$2:$C$253,"ZZ2",'TD_Z1_TotalMontant'!$D$2:$D$253,"CB.TIROIR") | F5: =SUMIFS('TD_Z1_TotalMontant'!$E$2:$E$253,'TD_Z1_TotalMontant'!$B$2:$B$253,B5,'TD_Z1_TotalMontant'!$C$2:$C$253,"ZZ2",'TD_Z1_TotalMontant'!$D$2:$D$253,"CHQ.TIROIR") | G5: =SUMIFS('TD_Z1_TotalMontant'!$E$2:$E$253,'TD_Z1_TotalMontant'!$B$2:$B$253,B5,'TD_Z1_TotalMontant'!$C$2:$C$253,"ZZ2",'TD_Z1_TotalMontant'!$D$2:$D$253,"ESP.TIROIR") | H5: =SUMIFS('TD_Z1_TotalMontant'!$E$2:$E$253,'TD_Z1_TotalMontant'!$B$2:$B$253,B5,'TD_Z1_TotalMontant'!$C$2:$C$253,"ZZ2",'TD_Z1_TotalMontant'!$D$2:$D$253,"HORS TAXE 1") | I5: =SUMIFS('TD_Z1_TotalMontant'!$E$2:$E$253,'TD_Z1_TotalMontant'!$B$2:$B$253,B5,'TD_Z1_TotalMontant'!$C$2:$C$253,"ZZ2",'TD_Z1_TotalMontant'!$D$2:$D$253,"TVA 1")
A6: 2024 | B6: 2024-05 | C6: =SUMIFS('TD_Z1_TotalMontant'!$E$2:$E$253,'TD_Z1_TotalMontant'!$B$2:$B$253,B6,'TD_Z1_TotalMontant'!$C$2:$C$253,"ZZ2",'TD_Z1_TotalMontant'!$D$2:$D$253,"CA BRUT") | D6: =SUMIFS('TD_Z1_TotalMontant'!$E$2:$E$253,'TD_Z1_TotalMontant'!$B$2:$B$253,B6,'TD_Z1_TotalMontant'!$C$2:$C$253,"ZZ2",'TD_Z1_TotalMontant'!$D$2:$D$253,"CA NET") | E6: =SUMIFS('TD_Z1_TotalMontant'!$E$2:$E$253,'TD_Z1_TotalMontant'!$B$2:$B$253,B6,'TD_Z1_TotalMontant'!$C$2:$C$253,"ZZ2",'TD_Z1_TotalMontant'!$D$2:$D$253,"CB.TIROIR") | F6: =SUMIFS('TD_Z1_TotalMontant'!$E$2:$E$253,'TD_Z1_TotalMontant'!$B$2:$B$253,B6,'TD_Z1_TotalMontant'!$C$2:$C$253,"ZZ2",'TD_Z1_TotalMontant'!$D$2:$D$253,"CHQ.TIROIR") | G6: =SUMIFS('TD_Z1_TotalMontant'!$E$2:$E$253,'TD_Z1_TotalMontant'!$B$2:$B$253,B6,'TD_Z1_TotalMontant'!$C$2:$C$253,"ZZ2",'TD_Z1_TotalMontant'!$D$2:$D$253,"ESP.TIROIR") | H6: =SUMIFS('TD_Z1_TotalMontant'!$E$2:$E$253,'TD_Z1_TotalMontant'!$B$2:$B$253,B6,'TD_Z1_TotalMontant'!$C$2:$C$253,"ZZ2",'TD_Z1_TotalMontant'!$D$2:$D$253,"HORS TAXE 1") | I6: =SUMIFS('TD_Z1_TotalMontant'!$E$2:$E$253,'TD_Z1_TotalMontant'!$B$2:$B$253,B6,'TD_Z1_TotalMontant'!$C$2:$C$253,"ZZ2",'TD_Z1_TotalMontant'!$D$2:$D$253,"TVA 1")
A7: 2024 | B7: 2024-06 | C7: =SUMIFS('TD_Z1_TotalMontant'!$E$2:$E$253,'TD_Z1_TotalMontant'!$B$2:$B$253,B7,'TD_Z1_TotalMontant'!$C$2:$C$253,"ZZ2",'TD_Z1_TotalMontant'!$D$2:$D$253,"CA BRUT") | D7: =SUMIFS('TD_Z1_TotalMontant'!$E$2:$E$253,'TD_Z1_TotalMontant'!$B$2:$B$253,B7,'TD_Z1_TotalMontant'!$C$2:$C$253,"ZZ2",'TD_Z1_TotalMontant'!$D$2:$D$253,"CA NET") | E7: =SUMIFS('TD_Z1_TotalMontant'!$E$2:$E$253,'TD_Z1_TotalMontant'!$B$2:$B$253,B7,'TD_Z1_TotalMontant'!$C$2:$C$253,"ZZ2",'TD_Z1_TotalMontant'!$D$2:$D$253,"CB.TIROIR") | F7: =SUMIFS('TD_Z1_TotalMontant'!$E$2:$E$253,'TD_Z1_TotalMontant'!$B$2:$B$253,B7,'TD_Z1_TotalMontant'!$C$2:$C$253,"ZZ2",'TD_Z1_TotalMontant'!$D$2:$D$253,"CHQ.TIROIR") | G7: =SUMIFS('TD_Z1_TotalMontant'!$E$2:$E$253,'TD_Z1_TotalMontant'!$B$2:$B$253,B7,'TD_Z1_TotalMontant'!$C$2:$C$253,"ZZ2",'TD_Z1_TotalMontant'!$D$2:$D$253,"ESP.TIROIR") | H7: =SUMIFS('TD_Z1_TotalMontant'!$E$2:$E$253,'TD_Z1_TotalMontant'!$B$2:$B$253,B7,'TD_Z1_TotalMontant'!$C$2:$C$253,"ZZ2",'TD_Z1_TotalMontant'!$D$2:$D$253,"HORS TAXE 1") | I7: =SUMIFS('TD_Z1_TotalMontant'!$E$2:$E$253,'TD_Z1_TotalMontant'!$B$2:$B$253,B7,'TD_Z1_TotalMontant'!$C$2:$C$253,"ZZ2",'TD_Z1_TotalMontant'!$D$2:$D$253,"TVA 1")
A8: 2024 | B8: 2024-07 | C8: =SUMIFS('TD_Z1_TotalMontant'!$E$2:$E$253,'TD_Z1_TotalMontant'!$B$2:$B$253,B8,'TD_Z1_TotalMontant'!$C$2:$C$253,"ZZ2",'TD_Z1_TotalMontant'!$D$2:$D$253,"CA BRUT") | D8: =SUMIFS('TD_Z1_TotalMontant'!$E$2:$E$253,'TD_Z1_TotalMontant'!$B$2:$B$253,B8,'TD_Z1_TotalMontant'!$C$2:$C$253,"ZZ2",'TD_Z1_TotalMontant'!$D$2:$D$253,"CA NET") | E8: =SUMIFS('TD_Z1_TotalMontant'!$E$2:$E$253,'TD_Z1_TotalMontant'!$B$2:$B$253,B8,'TD_Z1_TotalMontant'!$C$2:$C$253,"ZZ2",'TD_Z1_TotalMontant'!$D$2:$D$253,"CB.TIROIR") | F8: =SUMIFS('TD_Z1_TotalMontant'!$E$2:$E$253,'TD_Z1_TotalMontant'!$B$2:$B$253,B8,'TD_Z1_TotalMontant'!$C$2:$C$253,"ZZ2",'TD_Z1_TotalMontant'!$D$2:$D$253,"CHQ.TIROIR") | G8: =SUMIFS('TD_Z1_TotalMontant'!$E$2:$E$253,'TD_Z1_TotalMontant'!$B$2:$B$253,B8,'TD_Z1_TotalMontant'!$C$2:$C$253,"ZZ2",'TD_Z1_TotalMontant'!$D$2:$D$253,"ESP.TIROIR") | H8: =SUMIFS('TD_Z1_TotalMontant'!$E$2:$E$253,'TD_Z1_TotalMontant'!$B$2:$B$253,B8,'TD_Z1_TotalMontant'!$C$2:$C$253,"ZZ2",'TD_Z1_TotalMontant'!$D$2:$D$253,"HORS TAXE 1") | I8: =SUMIFS('TD_Z1_TotalMontant'!$E$2:$E$253,'TD_Z1_TotalMontant'!$B$2:$B$253,B8,'TD_Z1_TotalMontant'!$C$2:$C$253,"ZZ2",'TD_Z1_TotalMontant'!$D$2:$D$253,"TVA 1")
A9: 2024 | B9: 2024-08 | C9: =SUMIFS('TD_Z1_TotalMontant'!$E$2:$E$253,'TD_Z1_TotalMontant'!$B$2:$B$253,B9,'TD_Z1_TotalMontant'!$C$2:$C$253,"ZZ2",'TD_Z1_TotalMontant'!$D$2:$D$253,"CA BRUT") | D9: =SUMIFS('TD_Z1_TotalMontant'!$E$2:$E$253,'TD_Z1_TotalMontant'!$B$2:$B$253,B9,'TD_Z1_TotalMontant'!$C$2:$C$253,"ZZ2",'TD_Z1_TotalMontant'!$D$2:$D$253,"CA NET") | E9: =SUMIFS('TD_Z1_TotalMontant'!$E$2:$E$253,'TD_Z1_TotalMontant'!$B$2:$B$253,B9,'TD_Z1_TotalMontant'!$C$2:$C$253,"ZZ2",'TD_Z1_TotalMontant'!$D$2:$D$253,"CB.TIROIR") | F9: =SUMIFS('TD_Z1_TotalMontant'!$E$2:$E$253,'TD_Z1_TotalMontant'!$B$2:$B$253,B9,'TD_Z1_TotalMontant'!$C$2:$C$253,"ZZ2",'TD_Z1_TotalMontant'!$D$2:$D$253,"CHQ.TIROIR") | G9: =SUMIFS('TD_Z1_TotalMontant'!$E$2:$E$253,'TD_Z1_TotalMontant'!$B$2:$B$253,B9,'TD_Z1_TotalMontant'!$C$2:$C$253,"ZZ2",'TD_Z1_TotalMontant'!$D$2:$D$253,"ESP.TIROIR") | H9: =SUMIFS('TD_Z1_TotalMontant'!$E$2:$E$253,'TD_Z1_TotalMontant'!$B$2:$B$253,B9,'TD_Z1_TotalMontant'!$C$2:$C$253,"ZZ2",'TD_Z1_TotalMontant'!$D$2:$D$253,"HORS TAXE 1") | I9: =SUMIFS('TD_Z1_TotalMontant'!$E$2:$E$253,'TD_Z1_TotalMontant'!$B$2:$B$253,B9,'TD_Z1_TotalMontant'!$C$2:$C$253,"ZZ2",'TD_Z1_TotalMontant'!$D$2:$D$253,"TVA 1")
A10: 2024 | B10: 2024-09 | C10: =SUMIFS('TD_Z1_TotalMontant'!$E$2:$E$253,'TD_Z1_TotalMontant'!$B$2:$B$253,B10,'TD_Z1_TotalMontant'!$C$2:$C$253,"ZZ2",'TD_Z1_TotalMontant'!$D$2:$D$253,"CA BRUT") | D10: =SUMIFS('TD_Z1_TotalMontant'!$E$2:$E$253,'TD_Z1_TotalMontant'!$B$2:$B$253,B10,'TD_Z1_TotalMontant'!$C$2:$C$253,"ZZ2",'TD_Z1_TotalMontant'!$D$2:$D$253,"CA NET") | E10: =SUMIFS('TD_Z1_TotalMontant'!$E$2:$E$253,'TD_Z1_TotalMontant'!$B$2:$B$253,B10,'TD_Z1_TotalMontant'!$C$2:$C$253,"ZZ2",'TD_Z1_TotalMontant'!$D$2:$D$253,"CB.TIROIR") | F10: =SUMIFS('TD_Z1_TotalMontant'!$E$2:$E$253,'TD_Z1_TotalMontant'!$B$2:$B$253,B10,'TD_Z1_TotalMontant'!$C$2:$C$253,"ZZ2",'TD_Z1_TotalMontant'!$D$2:$D$253,"CHQ.TIROIR") | G10: =SUMIFS('TD_Z1_TotalMontant'!$E$2:$E$253,'TD_Z1_TotalMontant'!$B$2:$B$253,B10,'TD_Z1_TotalMontant'!$C$2:$C$253,"ZZ2",'TD_Z1_TotalMontant'!$D$2:$D$253,"ESP.TIROIR") | H10: =SUMIFS('TD_Z1_TotalMontant'!$E$2:$E$253,'TD_Z1_TotalMontant'!$B$2:$B$253,B10,'TD_Z1_TotalMontant'!$C$2:$C$253,"ZZ2",'TD_Z1_TotalMontant'!$D$2:$D$253,"HORS TAXE 1") | I10: =SUMIFS('TD_Z1_TotalMontant'!$E$2:$E$253,'TD_Z1_TotalMontant'!$B$2:$B$253,B10,'TD_Z1_TotalMontant'!$C$2:$C$253,"ZZ2",'TD_Z1_TotalMontant'!$D$2:$D$253,"TVA 1")
A11: 2024 | B11: 2024-10 | C11: =SUMIFS('TD_Z1_TotalMontant'!$E$2:$E$253,'TD_Z1_TotalMontant'!$B$2:$B$253,B11,'TD_Z1_TotalMontant'!$C$2:$C$253,"ZZ2",'TD_Z1_TotalMontant'!$D$2:$D$253,"CA BRUT") | D11: =SUMIFS('TD_Z1_TotalMontant'!$E$2:$E$253,'TD_Z1_TotalMontant'!$B$2:$B$253,B11,'TD_Z1_TotalMontant'!$C$2:$C$253,"ZZ2",'TD_Z1_TotalMontant'!$D$2:$D$253,"CA NET") | E11: =SUMIFS('TD_Z1_TotalMontant'!$E$2:$E$253,'TD_Z1_TotalMontant'!$B$2:$B$253,B11,'TD_Z1_TotalMontant'!$C$2:$C$253,"ZZ2",'TD_Z1_TotalMontant'!$D$2:$D$253,"CB.TIROIR") | F11: =SUMIFS('TD_Z1_TotalMontant'!$E$2:$E$253,'TD_Z1_TotalMontant'!$B$2:$B$253,B11,'TD_Z1_TotalMontant'!$C$2:$C$253,"ZZ2",'TD_Z1_TotalMontant'!$D$2:$D$253,"CHQ.TIROIR") | G11: =SUMIFS('TD_Z1_TotalMontant'!$E$2:$E$253,'TD_Z1_TotalMontant'!$B$2:$B$253,B11,'TD_Z1_TotalMontant'!$C$2:$C$253,"ZZ2",'TD_Z1_TotalMontant'!$D$2:$D$253,"ESP.TIROIR") | H11: =SUMIFS('TD_Z1_TotalMontant'!$E$2:$E$253,'TD_Z1_TotalMontant'!$B$2:$B$253,B11,'TD_Z1_TotalMontant'!$C$2:$C$253,"ZZ2",'TD_Z1_TotalMontant'!$D$2:$D$253,"HORS TAXE 1") | I11: =SUMIFS('TD_Z1_TotalMontant'!$E$2:$E$253,'TD_Z1_TotalMontant'!$B$2:$B$253,B11,'TD_Z1_TotalMontant'!$C$2:$C$253,"ZZ2",'TD_Z1_TotalMontant'!$D$2:$D$253,"TVA 1")
A12: 2024 | B12: 2024-11 | C12: =SUMIFS('TD_Z1_TotalMontant'!$E$2:$E$253,'TD_Z1_TotalMontant'!$B$2:$B$253,B12,'TD_Z1_TotalMontant'!$C$2:$C$253,"ZZ2",'TD_Z1_TotalMontant'!$D$2:$D$253,"CA BRUT") | D12: =SUMIFS('TD_Z1_TotalMontant'!$E$2:$E$253,'TD_Z1_TotalMontant'!$B$2:$B$253,B12,'TD_Z1_TotalMontant'!$C$2:$C$253,"ZZ2",'TD_Z1_TotalMontant'!$D$2:$D$253,"CA NET") | E12: =SUMIFS('TD_Z1_TotalMontant'!$E$2:$E$253,'TD_Z1_TotalMontant'!$B$2:$B$253,B12,'TD_Z1_TotalMontant'!$C$2:$C$253,"ZZ2",'TD_Z1_TotalMontant'!$D$2:$D$253,"CB.TIROIR") | F12: =SUMIFS('TD_Z1_TotalMontant'!$E$2:$E$253,'TD_Z1_TotalMontant'!$B$2:$B$253,B12,'TD_Z1_TotalMontant'!$C$2:$C$253,"ZZ2",'TD_Z1_TotalMontant'!$D$2:$D$253,"CHQ.TIROIR") | G12: =SUMIFS('TD_Z1_TotalMontant'!$E$2:$E$253,'TD_Z1_TotalMontant'!$B$2:$B$253,B12,'TD_Z1_TotalMontant'!$C$2:$C$253,"ZZ2",'TD_Z1_TotalMontant'!$D$2:$D$253,"ESP.TIROIR") | H12: =SUMIFS('TD_Z1_TotalMontant'!$E$2:$E$253,'TD_Z1_TotalMontant'!$B$2:$B$253,B12,'TD_Z1_TotalMontant'!$C$2:$C$253,"ZZ2",'TD_Z1_TotalMontant'!$D$2:$D$253,"HORS TAXE 1") | I12: =SUMIFS('TD_Z1_TotalMontant'!$E$2:$E$253,'TD_Z1_TotalMontant'!$B$2:$B$253,B12,'TD_Z1_TotalMontant'!$C$2:$C$253,"ZZ2",'TD_Z1_TotalMontant'!$D$2:$D$253,"TVA 1")
A13: 2024 | B13: 2024-12 | C13: =SUMIFS('TD_Z1_TotalMontant'!$E$2:$E$253,'TD_Z1_TotalMontant'!$B$2:$B$253,B13,'TD_Z1_TotalMontant'!$C$2:$C$253,"ZZ2",'TD_Z1_TotalMontant'!$D$2:$D$253,"CA BRUT") | D13: =SUMIFS('TD_Z1_TotalMontant'!$E$2:$E$253,'TD_Z1_TotalMontant'!$B$2:$B$253,B13,'TD_Z1_TotalMontant'!$C$2:$C$253,"ZZ2",'TD_Z1_TotalMontant'!$D$2:$D$253,"CA NET") | E13: =SUMIFS('TD_Z1_TotalMontant'!$E$2:$E$253,'TD_Z1_TotalMontant'!$B$2:$B$253,B13,'TD_Z1_TotalMontant'!$C$2:$C$253,"ZZ2",'TD_Z1_TotalMontant'!$D$2:$D$253,"CB.TIROIR") | F13: =SUMIFS('TD_Z1_TotalMontant'!$E$2:$E$253,'TD_Z1_TotalMontant'!$B$2:$B$253,B13,'TD_Z1_TotalMontant'!$C$2:$C$253,"ZZ2",'TD_Z1_TotalMontant'!$D$2:$D$253,"CHQ.TIROIR") | G13: =SUMIFS('TD_Z1_TotalMontant'!$E$2:$E$253,'TD_Z1_TotalMontant'!$B$2:$B$253,B13,'TD_Z1_TotalMontant'!$C$2:$C$253,"ZZ2",'TD_Z1_TotalMontant'!$D$2:$D$253,"ESP.TIROIR") | H13: =SUMIFS('TD_Z1_TotalMontant'!$E$2:$E$253,'TD_Z1_TotalMontant'!$B$2:$B$253,B13,'TD_Z1_TotalMontant'!$C$2:$C$253,"ZZ2",'TD_Z1_TotalMontant'!$D$2:$D$253,"HORS TAXE 1") | I13: =SUMIFS('TD_Z1_TotalMontant'!$E$2:$E$253,'TD_Z1_TotalMontant'!$B$2:$B$253,B13,'TD_Z1_TotalMontant'!$C$2:$C$253,"ZZ2",'TD_Z1_TotalMontant'!$D$2:$D$253,"TVA 1")

Sheet Z1_Total_ModeZ
A1: AJ_ANNEE_Z | B1: AJ_MOIS_Z | C1: CA_BRUT_D_MONTANT | D1: CA_NET_D_MONTANT | E1: CB_TIROIR_D_MONTANT | F1: CHQ_TIROIR_D_MONTANT | G1: ESP_TIROIR_D_MONTANT | H1: HORS_TAXE_1_D_MONTANT | I1: TVA_1_D_MONTANT
A2: 2024 | B2: 2024-01 | C2: =SUMIFS('TD_Z1_TotalMontant'!$E$2:$E$253,'TD_Z1_TotalMontant'!$B$2:$B$253,B2,'TD_Z1_TotalMontant'!$C$2:$C$253,"Z",'TD_Z1_TotalMontant'!$D$2:$D$253,"CA BRUT") | D2: =SUMIFS('TD_Z1_TotalMontant'!$E$2:$E$253,'TD_Z1_TotalMontant'!$B$2:$B$253,B2,'TD_Z1_TotalMontant'!$C$2:$C$253,"Z",'TD_Z1_TotalMontant'!$D$2:$D$253,"CA NET") | E2: =SUMIFS('TD_Z1_TotalMontant'!$E$2:$E$253,'TD_Z1_TotalMontant'!$B$2:$B$253,B2,'TD_Z1_TotalMontant'!$C$2:$C$253,"Z",'TD_Z1_TotalMontant'!$D$2:$D$253,"CB.TIROIR") | F2: =SUMIFS('TD_Z1_TotalMontant'!$E$2:$E$253,'TD_Z1_TotalMontant'!$B$2:$B$253,B2,'TD_Z1_TotalMontant'!$C$2:$C$253,"Z",'TD_Z1_TotalMontant'!$D$2:$D$253,"CHQ.TIROIR") | G2: =SUMIFS('TD_Z1_TotalMontant'!$E$2:$E$253,'TD_Z1_TotalMontant'!$B$2:$B$253,B2,'TD_Z1_TotalMontant'!$C$2:$C$253,"Z",'TD_Z1_TotalMontant'!$D$2:$D$253,"ESP.TIROIR") | H2: =SUMIFS('TD_Z1_TotalMontant'!$E$2:$E$253,'TD_Z1_TotalMontant'!$B$2:$B$253,B2,'TD_Z1_TotalMontant'!$C$2:$C$253,"Z",'TD_Z1_TotalMontant'!$D$2:$D$253,"HORS TAXE 1") | I2: =SUMIFS('TD_Z1_TotalMontant'!$E$2:$E$253,'TD_Z1_TotalMontant'!$B$2:$B$253,B2,'TD_Z1_TotalMontant'!$C$2:$C$253,"Z",'TD_Z1_TotalMontant'!$D$2:$D$253,"TVA 1")
A3: 2024 | B3: 2024-02 | C3: =SUMIFS('TD_Z1_TotalMontant'!$E$2:$E$253,'TD_Z1_TotalMontant'!$B$2:$B$253,B3,'TD_Z1_TotalMontant'!$C$2:$C$253,"Z",'TD_Z1_TotalMontant'!$D$2:$D$253,"CA BRUT") | D3: =SUMIFS('TD_Z1_TotalMontant'!$E$2:$E$253,'TD_Z1_TotalMontant'!$B$2:$B$253,B3,'TD_Z1_TotalMontant'!$C$2:$C$253,"Z",'TD_Z1_TotalMontant'!$D$2:$D$253,"CA NET") | E3: =SUMIFS('TD_Z1_TotalMontant'!$E$2:$E$253,'TD_Z1_TotalMontant'!$B$2:$B$253,B3,'TD_Z1_TotalMontant'!$C$2:$C$253,"Z",'TD_Z1_TotalMontant'!$D$2:$D$253,"CB.TIROIR") | F3: =SUMIFS('TD_Z1_TotalMontant'!$E$2:$E$253,'TD_Z1_TotalMontant'!$B$2:$B$253,B3,'TD_Z1_TotalMontant'!$C$2:$C$253,"Z",'TD_Z1_TotalMontant'!$D$2:$D$253,"CHQ.TIROIR") | G3: =SUMIFS('TD_Z1_TotalMontant'!$E$2:$E$253,'TD_Z1_TotalMontant'!$B$2:$B$253,B3,'TD_Z1_TotalMontant'!$C$2:$C$253,"Z",'TD_Z1_TotalMontant'!$D$2:$D$253,"ESP.TIROIR") | H3: =SUMIFS('TD_Z1_TotalMontant'!$E$2:$E$253,'TD_Z1_TotalMontant'!$B$2:$B$253,B3,'TD_Z1_TotalMontant'!$C$2:$C$253,"Z",'TD_Z1_TotalMontant'!$D$2:$D$253,"HORS TAXE 1") | I3: =SUMIFS('TD_Z1_TotalMontant'!$E$2:$E$253,'TD_Z1_TotalMontant'!$B$2:$B$253,B3,'TD_Z1_TotalMontant'!$C$2:$C$253,"Z",'TD_Z1_TotalMontant'!$D$2:$D$253,"TVA 1")
A4: 2024 | B4: 2024-03 | C4: =SUMIFS('TD_Z1_TotalMontant'!$E$2:$E$253,'TD_Z1_TotalMontant'!$B$2:$B$253,B4,'TD_Z1_TotalMontant'!$C$2:$C$253,"Z",'TD_Z1_TotalMontant'!$D$2:$D$253,"CA BRUT") | D4: =SUMIFS('TD_Z1_TotalMontant'!$E$2:$E$253,'TD_Z1_TotalMontant'!$B$2:$B$253,B4,'TD_Z1_TotalMontant'!$C$2:$C$253,"Z",'TD_Z1_TotalMontant'!$D$2:$D$253,"CA NET") | E4: =SUMIFS('TD_Z1_TotalMontant'!$E$2:$E$253,'TD_Z1_TotalMontant'!$B$2:$B$253,B4,'TD_Z1_TotalMontant'!$C$2:$C$253,"Z",'TD_Z1_TotalMontant'!$D$2:$D$253,"CB.TIROIR") | F4: =SUMIFS('TD_Z1_TotalMontant'!$E$2:$E$253,'TD_Z1_TotalMontant'!$B$2:$B$253,B4,'TD_Z1_TotalMontant'!$C$2:$C$253,"Z",'TD_Z1_TotalMontant'!$D$2:$D$253,"CHQ.TIROIR") | G4: =SUMIFS('TD_Z1_TotalMontant'!$E$2:$E$253,'TD_Z1_TotalMontant'!$B$2:$B$253,B4,'TD_Z1_TotalMontant'!$C$2:$C$253,"Z",'TD_Z1_TotalMontant'!$D$2:$D$253,"ESP.TIROIR") | H4: =SUMIFS('TD_Z1_TotalMontant'!$E$2:$E$253,'TD_Z1_TotalMontant'!$B$2:$B$253,B4,'TD_Z1_TotalMontant'!$C$2:$C$253,"Z",'TD_Z1_TotalMontant'!$D$2:$D$253,"HORS TAXE 1") | I4: =SUMIFS('TD_Z1_TotalMontant'!$E$2:$E$253,'TD_Z1_TotalMontant'!$B$2:$B$253,B4,'TD_Z1_TotalMontant'!$C$2:$C$253,"Z",'TD_Z1_TotalMontant'!$D$2:$D$253,"TVA 1")
A5: 2024 | B5: 2024-04 | C5: =SUMIFS('TD_Z1_TotalMontant'!$E$2:$E$253,'TD_Z1_TotalMontant'!$B$2:$B$253,B5,'TD_Z1_TotalMontant'!$C$2:$C$253,"Z",'TD_Z1_TotalMontant'!$D$2:$D$253,"CA BRUT") | D5: =SUMIFS('TD_Z1_TotalMontant'!$E$2:$E$253,'TD_Z1_TotalMontant'!$B$2:$B$253,B5,'TD_Z1_TotalMontant'!$C$2:$C$253,"Z",'TD_Z1_TotalMontant'!$D$2:$D$253,"CA NET") | E5: =SUMIFS('TD_Z1_TotalMontant'!$E$2:$E$253,'TD_Z1_TotalMontant'!$B$2:$B$253,B5,'TD_Z1_TotalMontant'!$C$2:$C$253,"Z",'TD_Z1_TotalMontant'!$D$2:$D$253,"CB.TIROIR") | F5: =SUMIFS('TD_Z1_TotalMontant'!$E$2:$E$253,'TD_Z1_TotalMontant'!$B$2:$B$253,B5,'TD_Z1_TotalMontant'!$C$2:$C$253,"Z",'TD_Z1_TotalMontant'!$D$2:$D$253,"CHQ.TIROIR") | G5: =SUMIFS('TD_Z1_TotalMontant'!$E$2:$E$253,'TD_Z1_TotalMontant'!$B$2:$B$253,B5,'TD_Z1_TotalMontant'!$C$2:$C$253,"Z",'TD_Z1_TotalMontant'!$D$2:$D$253,"ESP.TIROIR") | H5: =SUMIFS('TD_Z1_TotalMontant'!$E$2:$E$253,'TD_Z1_TotalMontant'!$B$2:$B$253,B5,'TD_Z1_TotalMontant'!$C$2:$C$253,"Z",'TD_Z1_TotalMontant'!$D$2:$D$253,"HORS TAXE 1") | I5: =SUMIFS('TD_Z1_TotalMontant'!$E$2:$E$253,'TD_Z1_TotalMontant'!$B$2:$B$253,B5,'TD_Z1_TotalMontant'!$C$2:$C$253,"Z",'TD_Z1_TotalMontant'!$D$2:$D$253,"TVA 1")
A6: 2024 | B6: 2024-05 | C6: =SUMIFS('TD_Z1_TotalMontant'!$E$2:$E$253,'TD_Z1_TotalMontant'!$B$2:$B$253,B6,'TD_Z1_TotalMontant'!$C$2:$C$253,"Z",'TD_Z1_TotalMontant'!$D$2:$D$253,"CA BRUT") | D6: =SUMIFS('TD_Z1_TotalMontant'!$E$2:$E$253,'TD_Z1_TotalMontant'!$B$2:$B$253,B6,'TD_Z1_TotalMontant'!$C$2:$C$253,"Z",'TD_Z1_TotalMontant'!$D$2:$D$253,"CA NET") | E6: =SUMIFS('TD_Z1_TotalMontant'!$E$2:$E$253,'TD_Z1_TotalMontant'!$B$2:$B$253,B6,'TD_Z1_TotalMontant'!$C$2:$C$253,"Z",'TD_Z1_TotalMontant'!$D$2:$D$253,"CB.TIROIR") | F6: =SUMIFS('TD_Z1_TotalMontant'!$E$2:$E$253,'TD_Z1_TotalMontant'!$B$2:$B$253,B6,'TD_Z1_TotalMontant'!$C$2:$C$253,"Z",'TD_Z1_TotalMontant'!$D$2:$D$253,"CHQ.TIROIR") | G6: =SUMIFS('TD_Z1_TotalMontant'!$E$2:$E$253,'TD_Z1_TotalMontant'!$B$2:$B$253,B6,'TD_Z1_TotalMontant'!$C$2:$C$253,"Z",'TD_Z1_TotalMontant'!$D$2:$D$253,"ESP.TIROIR") | H6: =SUMIFS('TD_Z1_TotalMontant'!$E$2:$E$253,'TD_Z1_TotalMontant'!$B$2:$B$253,B6,'TD_Z1_TotalMontant'!$C$2:$C$253,"Z",'TD_Z1_TotalMontant'!$D$2:$D$253,"HORS TAXE 1") | I6: =SUMIFS('TD_Z1_TotalMontant'!$E$2:$E$253,'TD_Z1_TotalMontant'!$B$2:$B$253,B6,'TD_Z1_TotalMontant'!$C$2:$C$253,"Z",'TD_Z1_TotalMontant'!$D$2:$D$253,"TVA 1")
A7: 2024 | B7: 2024-06 | C7: =SUMIFS('TD_Z1_TotalMontant'!$E$2:$E$253,'TD_Z1_TotalMontant'!$B$2:$B$253,B7,'TD_Z1_TotalMontant'!$C$2:$C$253,"Z",'TD_Z1_TotalMontant'!$D$2:$D$253,"CA BRUT") | D7: =SUMIFS('TD_Z1_TotalMontant'!$E$2:$E$253,'TD_Z1_TotalMontant'!$B$2:$B$253,B7,'TD_Z1_TotalMontant'!$C$2:$C$253,"Z",'TD_Z1_TotalMontant'!$D$2:$D$253,"CA NET") | E7: =SUMIFS('TD_Z1_TotalMontant'!$E$2:$E$253,'TD_Z1_TotalMontant'!$B$2:$B$253,B7,'TD_Z1_TotalMontant'!$C$2:$C$253,"Z",'TD_Z1_TotalMontant'!$D$2:$D$253,"CB.TIROIR") | F7: =SUMIFS('TD_Z1_TotalMontant'!$E$2:$E$253,'TD_Z1_TotalMontant'!$B$2:$B$253,B7,'TD_Z1_TotalMontant'!$C$2:$C$253,"Z",'TD_Z1_TotalMontant'!$D$2:$D$253,"CHQ.TIROIR") | G7: =SUMIFS('TD_Z1_TotalMontant'!$E$2:$E$253,'TD_Z1_TotalMontant'!$B$2:$B$253,B7,'TD_Z1_TotalMontant'!$C$2:$C$253,"Z",'TD_Z1_TotalMontant'!$D$2:$D$253,"ESP.TIROIR") | H7: =SUMIFS('TD_Z1_TotalMontant'!$E$2:$E$253,'TD_Z1_TotalMontant'!$B$2:$B$253,B7,'TD_Z1_TotalMontant'!$C$2:$C$253,"Z",'TD_Z1_TotalMontant'!$D$2:$D$253,"HORS TAXE 1") | I7: =SUMIFS('TD_Z1_TotalMontant'!$E$2:$E$253,'TD_Z1_TotalMontant'!$B$2:$B$253,B7,'TD_Z1_TotalMontant'!$C$2:$C$253,"Z",'TD_Z1_TotalMontant'!$D$2:$D$253,"TVA 1")
A8: 2024 | B8: 2024-07 | C8: =SUMIFS('TD_Z1_TotalMontant'!$E$2:$E$253,'TD_Z1_TotalMontant'!$B$2:$B$253,B8,'TD_Z1_TotalMontant'!$C$2:$C$253,"Z",'TD_Z1_TotalMontant'!$D$2:$D$253,"CA BRUT") | D8: =SUMIFS('TD_Z1_TotalMontant'!$E$2:$E$253,'TD_Z1_TotalMontant'!$B$2:$B$253,B8,'TD_Z1_TotalMontant'!$C$2:$C$253,"Z",'TD_Z1_TotalMontant'!$D$2:$D$253,"CA NET") | E8: =SUMIFS('TD_Z1_TotalMontant'!$E$2:$E$253,'TD_Z1_TotalMontant'!$B$2:$B$253,B8,'TD_Z1_TotalMontant'!$C$2:$C$253,"Z",'TD_Z1_TotalMontant'!$D$2:$D$253,"CB.TIROIR") | F8: =SUMIFS('TD_Z1_TotalMontant'!$E$2:$E$253,'TD_Z1_TotalMontant'!$B$2:$B$253,B8,'TD_Z1_TotalMontant'!$C$2:$C$253,"Z",'TD_Z1_TotalMontant'!$D$2:$D$253,"CHQ.TIROIR") | G8: =SUMIFS('TD_Z1_TotalMontant'!$E$2:$E$253,'TD_Z1_TotalMontant'!$B$2:$B$253,B8,'TD_Z1_TotalMontant'!$C$2:$C$253,"Z",'TD_Z1_TotalMontant'!$D$2:$D$253,"ESP.TIROIR") | H8: =SUMIFS('TD_Z1_TotalMontant'!$E$2:$E$253,'TD_Z1_TotalMontant'!$B$2:$B$253,B8,'TD_Z1_TotalMontant'!$C$2:$C$253,"Z",'TD_Z1_TotalMontant'!$D$2:$D$253,"HORS TAXE 1") | I8: =SUMIFS('TD_Z1_TotalMontant'!$E$2:$E$253,'TD_Z1_TotalMontant'!$B$2:$B$253,B8,'TD_Z1_TotalMontant'!$C$2:$C$253,"Z",'TD_Z1_TotalMontant'!$D$2:$D$253,"TVA 1")
A9: 2024 | B9: 2024-08 | C9: =SUMIFS('TD_Z1_TotalMontant'!$E$2:$E$253,'TD_Z1_TotalMontant'!$B$2:$B$253,B9,'TD_Z1_TotalMontant'!$C$2:$C$253,"Z",'TD_Z1_TotalMontant'!$D$2:$D$253,"CA BRUT") | D9: =SUMIFS('TD_Z1_TotalMontant'!$E$2:$E$253,'TD_Z1_TotalMontant'!$B$2:$B$253,B9,'TD_Z1_TotalMontant'!$C$2:$C$253,"Z",'TD_Z1_TotalMontant'!$D$2:$D$253,"CA NET") | E9: =SUMIFS('TD_Z1_TotalMontant'!$E$2:$E$253,'TD_Z1_TotalMontant'!$B$2:$B$253,B9,'TD_Z1_TotalMontant'!$C$2:$C$253,"Z",'TD_Z1_TotalMontant'!$D$2:$D$253,"CB.TIROIR") | F9: =SUMIFS('TD_Z1_TotalMontant'!$E$2:$E$253,'TD_Z1_TotalMontant'!$B$2:$B$253,B9,'TD_Z1_TotalMontant'!$C$2:$C$253,"Z",'TD_Z1_TotalMontant'!$D$2:$D$253,"CHQ.TIROIR") | G9: =SUMIFS('TD_Z1_TotalMontant'!$E$2:$E$253,'TD_Z1_TotalMontant'!$B$2:$B$253,B9,'TD_Z1_TotalMontant'!$C$2:$C$253,"Z",'TD_Z1_TotalMontant'!$D$2:$D$253,"ESP.TIROIR") | H9: =SUMIFS('TD_Z1_TotalMontant'!$E$2:$E$253,'TD_Z1_TotalMontant'!$B$2:$B$253,B9,'TD_Z1_TotalMontant'!$C$2:$C$253,"Z",'TD_Z1_TotalMontant'!$D$2:$D$253,"HORS TAXE 1") | I9: =SUMIFS('TD_Z1_TotalMontant'!$E$2:$E$253,'TD_Z1_TotalMontant'!$B$2:$B$253,B9,'TD_Z1_TotalMontant'!$C$2:$C$253,"Z",'TD_Z1_TotalMontant'!$D$2:$D$253,"TVA 1")
A10: 2024 | B10: 2024-09 | C10: =SUMIFS('TD_Z1_TotalMontant'!$E$2:$E$253,'TD_Z1_TotalMontant'!$B$2:$B$253,B10,'TD_Z1_TotalMontant'!$C$2:$C$253,"Z",'TD_Z1_TotalMontant'!$D$2:$D$253,"CA BRUT") | D10: =SUMIFS('TD_Z1_TotalMontant'!$E$2:$E$253,'TD_Z1_TotalMontant'!$B$2:$B$253,B10,'TD_Z1_TotalMontant'!$C$2:$C$253,"Z",'TD_Z1_TotalMontant'!$D$2:$D$253,"CA NET") | E10: =SUMIFS('TD_Z1_TotalMontant'!$E$2:$E$253,'TD_Z1_TotalMontant'!$B$2:$B$253,B10,'TD_Z1_TotalMontant'!$C$2:$C$253,"Z",'TD_Z1_TotalMontant'!$D$2:$D$253,"CB.TIROIR") | F10: =SUMIFS('TD_Z1_TotalMontant'!$E$2:$E$253,'TD_Z1_TotalMontant'!$B$2:$B$253,B10,'TD_Z1_TotalMontant'!$C$2:$C$253,"Z",'TD_Z1_TotalMontant'!$D$2:$D$253,"CHQ.TIROIR") | G10: =SUMIFS('TD_Z1_TotalMontant'!$E$2:$E$253,'TD_Z1_TotalMontant'!$B$2:$B$253,B10,'TD_Z1_TotalMontant'!$C$2:$C$253,"Z",'TD_Z1_TotalMontant'!$D$2:$D$253,"ESP.TIROIR") | H10: =SUMIFS('TD_Z1_TotalMontant'!$E$2:$E$253,'TD_Z1_TotalMontant'!$B$2:$B$253,B10,'TD_Z1_TotalMontant'!$C$2:$C$253,"Z",'TD_Z1_TotalMontant'!$D$2:$D$253,"HORS TAXE 1") | I10: =SUMIFS('TD_Z1_TotalMontant'!$E$2:$E$253,'TD_Z1_TotalMontant'!$B$2:$B$253,B10,'TD_Z1_TotalMontant'!$C$2:$C$253,"Z",'TD_Z1_TotalMontant'!$D$2:$D$253,"TVA 1")
A11: 2024 | B11: 2024-10 | C11: =SUMIFS('TD_Z1_TotalMontant'!$E$2:$E$253,'TD_Z1_TotalMontant'!$B$2:$B$253,B11,'TD_Z1_TotalMontant'!$C$2:$C$253,"Z",'TD_Z1_TotalMontant'!$D$2:$D$253,"CA BRUT") | D11: =SUMIFS('TD_Z1_TotalMontant'!$E$2:$E$253,'TD_Z1_TotalMontant'!$B$2:$B$253,B11,'TD_Z1_TotalMontant'!$C$2:$C$253,"Z",'TD_Z1_TotalMontant'!$D$2:$D$253,"CA NET") | E11: =SUMIFS('TD_Z1_TotalMontant'!$E$2:$E$253,'TD_Z1_TotalMontant'!$B$2:$B$253,B11,'TD_Z1_TotalMontant'!$C$2:$C$253,"Z",'TD_Z1_TotalMontant'!$D$2:$D$253,"CB.TIROIR") | F11: =SUMIFS('TD_Z1_TotalMontant'!$E$2:$E$253,'TD_Z1_TotalMontant'!$B$2:$B$253,B11,'TD_Z1_TotalMontant'!$C$2:$C$253,"Z",'TD_Z1_TotalMontant'!$D$2:$D$253,"CHQ.TIROIR") | G11: =SUMIFS('TD_Z1_TotalMontant'!$E$2:$E$253,'TD_Z1_TotalMontant'!$B$2:$B$253,B11,'TD_Z1_TotalMontant'!$C$2:$C$253,"Z",'TD_Z1_TotalMontant'!$D$2:$D$253,"ESP.TIROIR") | H11: =SUMIFS('TD_Z1_TotalMontant'!$E$2:$E$253,'TD_Z1_TotalMontant'!$B$2:$B$253,B11,'TD_Z1_TotalMontant'!$C$2:$C$253,"Z",'TD_Z1_TotalMontant'!$D$2:$D$253,"HORS TAXE 1") | I11: =SUMIFS('TD_Z1_TotalMontant'!$E$2:$E$253,'TD_Z1_TotalMontant'!$B$2:$B$253,B11,'TD_Z1_TotalMontant'!$C$2:$C$253,"Z",'TD_Z1_TotalMontant'!$D$2:$D$253,"TVA 1")
A12: 2024 | B12: 2024-11 | C12: =SUMIFS('TD_Z1_TotalMontant'!$E$2:$E$253,'TD_Z1_TotalMontant'!$B$2:$B$253,B12,'TD_Z1_TotalMontant'!$C$2:$C$253,"Z",'TD_Z1_TotalMontant'!$D$2:$D$253,"CA BRUT") | D12: =SUMIFS('TD_Z1_TotalMontant'!$E$2:$E$253,'TD_Z1_TotalMontant'!$B$2:$B$253,B12,'TD_Z1_TotalMontant'!$C$2:$C$253,"Z",'TD_Z1_TotalMontant'!$D$2:$D$253,"CA NET") | E12: =SUMIFS('TD_Z1_TotalMontant'!$E$2:$E$253,'TD_Z1_TotalMontant'!$B$2:$B$253,B12,'TD_Z1_TotalMontant'!$C$2:$C$253,"Z",'TD_Z1_TotalMontant'!$D$2:$D$253,"CB.TIROIR") | F12: =SUMIFS('TD_Z1_TotalMontant'!$E$2:$E$253,'TD_Z1_TotalMontant'!$B$2:$B$253,B12,'TD_Z1_TotalMontant'!$C$2:$C$253,"Z",'TD_Z1_TotalMontant'!$D$2:$D$253,"CHQ.TIROIR") | G12: =SUMIFS('TD_Z1_TotalMontant'!$E$2:$E$253,'TD_Z1_TotalMontant'!$B$2:$B$253,B12,'TD_Z1_TotalMontant'!$C$2:$C$253,"Z",'TD_Z1_TotalMontant'!$D$2:$D$253,"ESP.TIROIR") | H12: =SUMIFS('TD_Z1_TotalMontant'!$E$2:$E$253,'TD_Z1_TotalMontant'!$B$2:$B$253,B12,'TD_Z1_TotalMontant'!$C$2:$C$253,"Z",'TD_Z1_TotalMontant'!$D$2:$D$253,"HORS TAXE 1") | I12: =SUMIFS('TD_Z1_TotalMontant'!$E$2:$E$253,'TD_Z1_TotalMontant'!$B$2:$B$253,B12,'TD_Z1_TotalMontant'!$C$2:$C$253,"Z",'TD_Z1_TotalMontant'!$D$2:$D$253,"TVA 1")
A13: 2024 | B13: 2024-12 | C13: =SUMIFS('TD_Z1_TotalMontant'!$E$2:$E$253,'TD_Z1_TotalMontant'!$B$2:$B$253,B13,'TD_Z1_TotalMontant'!$C$2:$C$253,"Z",'TD_Z1_TotalMontant'!$D$2:$D$253,"CA BRUT") | D13: =SUMIFS('TD_Z1_TotalMontant'!$E$2:$E$253,'TD_Z1_TotalMontant'!$B$2:$B$253,B13,'TD_Z1_TotalMontant'!$C$2:$C$253,"Z",'TD_Z1_TotalMontant'!$D$2:$D$253,"CA NET") | E13: =SUMIFS('TD_Z1_TotalMontant'!$E$2:$E$253,'TD_Z1_TotalMontant'!$B$2:$B$253,B13,'TD_Z1_TotalMontant'!$C$2:$C$253,"Z",'TD_Z1_TotalMontant'!$D$2:$D$253,"CB.TIROIR") | F13: =SUMIFS('TD_Z1_TotalMontant'!$E$2:$E$253,'TD_Z1_TotalMontant'!$B$2:$B$253,B13,'TD_Z1_TotalMontant'!$C$2:$C$253,"Z",'TD_Z1_TotalMontant'!$D$2:$D$253,"CHQ.TIROIR") | G13: =SUMIFS('TD_Z1_TotalMontant'!$E$2:$E$253,'TD_Z1_TotalMontant'!$B$2:$B$253,B13,'TD_Z1_TotalMontant'!$C$2:$C$253,"Z",'TD_Z1_TotalMontant'!$D$2:$D$253,"ESP.TIROIR") | H13: =SUMIFS('TD_Z1_TotalMontant'!$E$2:$E$253,'TD_Z1_TotalMontant'!$B$2:$B$253,B13,'TD_Z1_TotalMontant'!$C$2:$C$253,"Z",'TD_Z1_TotalMontant'!$D$2:$D$253,"HORS TAXE 1") | I13: =SUMIFS('TD_Z1_TotalMontant'!$E$2:$E$253,'TD_Z1_TotalMontant'!$B$2:$B$253,B13,'TD_Z1_TotalMontant'!$C$2:$C$253,"Z",'TD_Z1_TotalMontant'!$D$2:$D$253,"TVA 1")

Sheet Compare_Z_vs_EJ
A1: AJ_ANNEE_Z | B1: AJ_MOIS_Z | C1: CA_TTC_Z1 | D1: CA_TTC_EJ | E1: AJ_ECART_CA_TTC | F1: HORS_TAXE_1_Z1 | G1: HORS_TAXE_1_EJ | H1: AJ_ECART_HORS_TAXE_1 | I1: TVA1_Z1 | J1: TVA1_EJ | K1: AJ_ECART_TVA1
A2: 2024 | B2: 2024-01 | C2: ='Z1_Total_ModeZ'!C2 | D2: 26282.65 | E2: =C2-D2 | F2: ='Z1_Total_ModeZ'!H2 | G2: 21902.19 | H2: =F2-G2 | I2: ='Z1_Total_ModeZ'!I2 | J2: 4380.46 | K2: =I2-J2
A3: 2024 | B3: 2024-02 | C3: ='Z1_Total_ModeZ'!C3 | D3: 30494.5 | E3: =C3-D3 | F3: ='Z1_Total_ModeZ'!H3 | G3: 25412.08 | H3: =F3-G3 | I3: ='Z1_Total_ModeZ'!I3 | J3: 5082.42 | K3: =I3-J3
A4: 2024 | B4: 2024-03 | C4: ='Z1_Total_ModeZ'!C4 | D4: 18249.4 | E4: =C4-D4 | F4: ='Z1_Total_ModeZ'!H4 | G4: 15207.84 | H4: =F4-G4 | I4: ='Z1_Total_ModeZ'!I4 | J4: 3041.56 | K4: =I4-J4
A5: 2024 | B5: 2024-04 | C5: ='Z1_Total_ModeZ'!C5 | D5: 22694.98 | E5: =C5-D5 | F5: ='Z1_Total_ModeZ'!H5 | G5: 18912.44 | H5: =F5-G5 | I5: ='Z1_Total_ModeZ'!I5 | J5: 3782.54 | K5: =I5-J5
A6: 2024 | B6: 2024-05 | C6: ='Z1_Total_ModeZ'!C6 | D6: 16898 | E6: =C6-D6 | F6: ='Z1_Total_ModeZ'!H6 | G6: 14081.67 | H6: =F6-G6 | I6: ='Z1_Total_ModeZ'!I6 | J6: 2816.33 | K6: =I6-J6
A7: 2024 | B7: 2024-06 | C7: ='Z1_Total_ModeZ'!C7 | D7: 33127.6 | E7: =C7-D7 | F7: ='Z1_Total_ModeZ'!H7 | G7: 27606.34 | H7: =F7-G7 | I7: ='Z1_Total_ModeZ'!I7 | J7: 5521.26 | K7: =I7-J7
A8: 2024 | B8: 2024-07 | C8: ='Z1_Total_ModeZ'!C8 | D8: 43074 | E8: =C8-D8 | F8: ='Z1_Total_ModeZ'!H8 | G8: 35895.02 | H8: =F8-G8 | I8: ='Z1_Total_ModeZ'!I8 | J8: 7178.98 | K8: =I8-J8
A9: 2024 | B9: 2024-08 | C9: ='Z1_Total_ModeZ'!C9 | D9: 38707.5 | E9: =C9-D9 | F9: ='Z1_Total_ModeZ'!H9 | G9: 32256.27 | H9: =F9-G9 | I9: ='Z1_Total_ModeZ'!I9 | J9: 6451.23 | K9: =I9-J9
A10: 2024 | B10: 2024-09 | C10: ='Z1_Total_ModeZ'!C10 | D10: 19983.9 | E10: =C10-D10 | F10: ='Z1_Total_ModeZ'!H10 | G10: 16653.23 | H10: =F10-G10 | I10: ='Z1_Total_ModeZ'!I10 | J10: 3330.67 | K10: =I10-J10
A11: 2024 | B11: 2024-10 | C11: ='Z1_Total_ModeZ'!C11 | D11: 37337.6 | E11: =C11-D11 | F11: ='Z1_Total_ModeZ'!H11 | G11: 31114.67 | H11: =F11-G11 | I11: ='Z1_Total_ModeZ'!I11 | J11: 6222.93 | K11: =I11-J11
A12: 2024 | B12: 2024-11 | C12: ='Z1_Total_ModeZ'!C12 | D12: 5001.9 | E12: =C12-D12 | F12: ='Z1_Total_ModeZ'!H12 | G12: 4168.26 | H12: =F12-G12 | I12: ='Z1_Total_ModeZ'!I12 | J12: 833.64 | K12: =I12-J12
A13: 2024 | B13: 2024-12 | C13: ='Z1_Total_ModeZ'!C13 | D13: 10927.6 | E13: =C13-D13 | F13: ='Z1_Total_ModeZ'!H13 | G13: 9106.33 | H13: =F13-G13 | I13: ='Z1_Total_ModeZ'!I13 | J13: 1821.27 | K13: =I13-J13
