Workbook

Sheet Z2_2025_MASSENA_0
A1: nomfichier | B1: E_MODELE | C1: E_MACHINE | D1: E_RAPPORT | E1: E_FICHIER | F1: E_MODE | G1: E_COMPTEUR_Z | H1: E_DATE | I1: E_HEURE | J1: D_ENREGISTREMENT | K1: D_DESIGNATION | L1: D_QUANTITE | M1: D_MONTANT
A2: Z002_31B_072025_MASSENA.CSV | C2: MC#01 | D2: TRANSACTION | E2: FILE002 | F2: Z | G2: 0020 | H2: 45869 | I2: 18:40 | J2: 0001 | K2: ESPECES | L2: 402 | M2: 221991.1
A3: Z002_31B_072025_MASSENA.CSV | C3: MC#01 | D3: TRANSACTION | E3: FILE002 | F3: Z | G3: 0020 | H3: 45869 | I3: 18:40 | J3: 0002 | K3: SOUS-TOTAL | L3: 0 | M3: 0
A4: Z002_31B_072025_MASSENA.CSV | C4: MC#01 | D4: TRANSACTION | E4: FILE002 | F4: Z | G4: 0020 | H4: 45869 | I4: 18:40 | J4: 0003 | K4: CARTES | L4: 150 | M4: 108512.5
A5: Z002_31B_072025_MASSENA.CSV | C5: MC#01 | D5: TRANSACTION | E5: FILE002 | F5: Z | G5: 0020 | H5: 45869 | I5: 18:40 | J5: 0004 | K5: CHEQUES | L5: 0 | M5: 0
A6: Z002_31B_072025_MASSENA.CSV | C6: MC#01 | D6: TRANSACTION | E6: FILE002 | F6: Z | G6: 0020 | H6: 45869 | I6: 18:40 | J6: 0005 | K6: AIDE | L6: 0 | M6: 0
A7: Z002_31B_072025_MASSENA.CSV | C7: MC#01 | D7: TRANSACTION | E7: FILE002 | F7: Z | G7: 0020 | H7: 45869 | I7: 18:40 | J7: 0006 | K7: TAX PGM | L7: 0 | M7: 0
A8: Z002_31B_072025_MASSENA.CSV | C8: MC#01 | D8: TRANSACTION | E8: FILE002 | F8: Z | G8: 0020 | H8: 45869 | I8: 18:40 | J8: 0007 | K8: SORTIECAISSE | L8: 0 | M8: 0
A9: Z002_31B_072025_MASSENA.CSV | C9: MC#01 | D9: TRANSACTION | E9: FILE002 | F9: Z | G9: 0020 | H9: 45869 | I9: 18:40 | J9: 0008 | K9: REC&ACCOMPTE | L9: 0 | M9: 0
A10: Z002_31B_072025_MASSENA.CSV | C10: MC#01 | D10: TRANSACTION | E10: FILE002 | F10: Z | G10: 0020 | H10: 45869 | I10: 18:40 | J10: 0009 | K10: SIGN-OFF | L10: 0 | M10: 0
A11: Z002_31B_072025_MASSENA.CSV | C11: MC#01 | D11: TRANSACTION | E11: FILE002 | F11: Z | G11: 0020 | H11: 45869 | I11: 18:40 | J11: 0010 | K11: NUM CAISSIER | L11: 0 | M11: 0
A12: Z002_31B_072025_MASSENA.CSV | C12: MC#01 | D12: TRANSACTION | E12: FILE002 | F12: Z | G12: 0020 | H12: 45869 | I12: 18:40 | J12: 0011 | K12: SHIFT/No | L12: 0 | M12: 0
A13: Z002_31B_072025_MASSENA.CSV | C13: MC#01 | D13: TRANSACTION | E13: FILE002 | F13: Z | G13: 0020 | H13: 45869 | I13: 18:40 | J13: 0012 | K13: DWN | L13: 0 | M13: 0
... A33: Z002_31B_072025_MASSENA.CSV | C33: MC#01 | D33: TRANSACTION | E33: FILE002 | F33: Z | G33: 0020 | H33: 45869 | I33: 18:40 | J33: 0032 | K33: ANNULATION | L33: 0 | M33: 0
A34: Z002_31B_072025_MASSENA.CSV | C34: MC#01 | D34: TRANSACTION | E34: FILE002 | F34: Z | G34: 0020 | H34: 45869 | I34: 18:40 | J34: 0033 | L34: 0 | M34: 0
A35: Z002_31B_072025_MASSENA.CSV | C35: MC#01 | D35: TRANSACTION | E35: FILE002 | F35: Z | G35: 0020 | H35: 45869 | I35: 18:40 | J35: 0034 | L35: 0 | M35: 0
A36: Z002_31B_072025_MASSENA.CSV | C36: MC#01 | D36: TRANSACTION | E36: FILE002 | F36: Z | G36: 0020 | H36: 45869 | I36: 18:40 | J36: 0035 | L36: 0 | M36: 0
A37: Z002_31B_072025_MASSENA.CSV | C37: MC#01 | D37: TRANSACTION | E37: FILE002 | F37: Z | G37: 0020 | H37: 45869 | I37: 18:40 | J37: 0036 | L37: 0 | M37: 0
A38: Z002_31B_072025_MASSENA.CSV | C38: MC#01 | D38: TRANSACTION | E38: FILE002 | F38: Z | G38: 0020 | H38: 45869 | I38: 18:40 | J38: 0037 | L38: 0 | M38: 0
A39: Z002_31B_072025_MASSENA.CSV | C39: MC#01 | D39: TRANSACTION | E39: FILE002 | F39: Z | G39: 0020 | H39: 45869 | I39: 18:40 | J39: 0038 | L39: 0 | M39: 0
A40: Z002_31B_072025_MASSENA.CSV | C40: MC#01 | D40: TRANSACTION | E40: FILE002 | F40: Z | G40: 0020 | H40: 45869 | I40: 18:40 | J40: 0039 | L40: 0 | M40: 0
A41: Z002_31B_072025_MASSENA.CSV | C41: MC#01 | D41: TRANSACTION | E41: FILE002 | F41: Z | G41: 0020 | H41: 45869 | I41: 18:40 | J41: 0040 | L41: 0 | M41: 0
A42: Z002_31B_072025_MASSENA.CSV | C42: MC#01 | D42: TRANSACTION | E42: FILE002 | F42: Z | G42: 0020 | H42: 45869 | I42: 18:40 | J42: 0041 | L42: 0 | M42: 0
A43: Z002_31B_072025_MASSENA.CSV | C43: MC#01 | D43: TRANSACTION | E43: FILE002 | F43: Z | G43: 0020 | H43: 45869 | I43: 18:40 | J43: 0042 | L43: 0 | M43: 0
A44: Z002_31B_072025_MASSENA.CSV | C44: MC#01 | D44: TRANSACTION | E44: FILE002 | F44: Z | G44: 0020 | H44: 45869 | I44: 18:40 | J44: 0043 | L44: 0 | M44: 0
A45: Z002_31B_072025_MASSENA.CSV | C45: MC#01 | D45: TRANSACTION | E45: FILE002 | F45: Z | G45: 0020 | H45: 45869 | I45: 18:40 | J45: 0044 | L45: 0 | M45: 0
... A51: Z002_31B_072025_MASSENA.CSV | C51: MC#01 | D51: TRANSACTION | E51: FILE002 | F51: Z | G51: 0020 | H51: 45869 | I51: 18:40 | J51: 0050 | L51: 0 | M51: 0
A52: Z102_01_022025_MASSENA.CSV | C52: MC#01 | D52: TRANSACTION | E52: FILE102 | F52: ZZ1 | G52: 0086 | H52: 45717 | I52: 15:41 | J52: 0001 | K52: ESPECES | L52: 16 | M52: 10332.8
A53: Z102_01_022025_MASSENA.CSV | C53: MC#01 | D53: TRANSACTION | E53: FILE102 | F53: ZZ1 | G53: 0086 | H53: 45717 | I53: 15:41 | J53: 0002 | K53: SOUS-TOTAL | L53: 0 | M53: 0
A54: Z102_01_022025_MASSENA.CSV | C54: MC#01 | D54: TRANSACTION | E54: FILE102 | F54: ZZ1 | G54: 0086 | H54: 45717 | I54: 15:41 | J54: 0003 | K54: CARTES | L54: 7 | M54: 7497
A55: Z102_01_022025_MASSENA.CSV | C55: MC#01 | D55: TRANSACTION | E55: FILE102 | F55: ZZ1 | G55: 0086 | H55: 45717 | I55: 15:41 | J55: 0004 | K55: CHEQUES | L55: 0 | M55: 0
A56: Z102_01_022025_MASSENA.CSV | C56: MC#01 | D56: TRANSACTION | E56: FILE102 | F56: ZZ1 | G56: 0086 | H56: 45717 | I56: 15:41 | J56: 0005 | K56: AIDE | L56: 0 | M56: 0
A57: Z102_01_022025_MASSENA.CSV | C57: MC#01 | D57: TRANSACTION | E57: FILE102 | F57: ZZ1 | G57: 0086 | H57: 45717 | I57: 15:41 | J57: 0006 | K57: TAX PGM | L57: 0 | M57: 0
A58: Z102_01_022025_MASSENA.CSV | C58: MC#01 | D58: TRANSACTION | E58: FILE102 | F58: ZZ1 | G58: 0086 | H58: 45717 | I58: 15:41 | J58: 0007 | K58: SORTIECAISSE | L58: 0 | M58: 0
A59: Z102_01_022025_MASSENA.CSV | C59: MC#01 | D59: TRANSACTION | E59: FILE102 | F59: ZZ1 | G59: 0086 | H59: 45717 | I59: 15:41 | J59: 0008 | K59: REC&ACCOMPTE | L59: 0 | M59: 0
A60: Z102_01_022025_MASSENA.CSV | C60: MC#01 | D60: TRANSACTION | E60: FILE102 | F60: ZZ1 | G60: 0086 | H60: 45717 | I60: 15:41 | J60: 0009 | K60: SIGN-OFF | L60: 0 | M60: 0
A61: Z102_01_022025_MASSENA.CSV | C61: MC#01 | D61: TRANSACTION | E61: FILE102 | F61: ZZ1 | G61: 0086 | H61: 45717 | I61: 15:41 | J61: 0010 | K61: NUM CAISSIER | L61: 0 | M61: 0
A62: Z102_01_022025_MASSENA.CSV | C62: MC#01 | D62: TRANSACTION | E62: FILE102 | F62: ZZ1 | G62: 0086 | H62: 45717 | I62: 15:41 | J62: 0011 | K62: SHIFT/No | L62: 0 | M62: 0
A63: Z102_01_022025_MASSENA.CSV | C63: MC#01 | D63: TRANSACTION | E63: FILE102 | F63: ZZ1 | G63: 0086 | H63: 45717 | I63: 15:41 | J63: 0012 | K63: DWN | L63: 0 | M63: 0
... A83: Z102_01_022025_MASSENA.CSV | C83: MC#01 | D83: TRANSACTION | E83: FILE102 | F83: ZZ1 | G83: 0086 | H83: 45717 | I83: 15:41 | J83: 0032 | K83: ANNULATION | L83: 0 | M83: 0
A84: Z102_01_022025_MASSENA.CSV | C84: MC#01 | D84: TRANSACTION | E84: FILE102 | F84: ZZ1 | G84: 0086 | H84: 45717 | I84: 15:41 | J84: 0033 | L84: 0 | M84: 0
A85: Z102_01_022025_MASSENA.CSV | C85: MC#01 | D85: TRANSACTION | E85: FILE102 | F85: ZZ1 | G85: 0086 | H85: 45717 | I85: 15:41 | J85: 0034 | L85: 0 | M85: 0
A86: Z102_01_022025_MASSENA.CSV | C86: MC#01 | D86: TRANSACTION | E86: FILE102 | F86: ZZ1 | G86: 0086 | H86: 45717 | I86: 15:41 | J86: 0035 | L86: 0 | M86: 0
A87: Z102_01_022025_MASSENA.CSV | C87: MC#01 | D87: TRANSACTION | E87: FILE102 | F87: ZZ1 | G87: 0086 | H87: 45717 | I87: 15:41 | J87: 0036 | L87: 0 | M87: 0
A88: Z102_01_022025_MASSENA.CSV | C88: MC#01 | D88: TRANSACTION | E88: FILE102 | F88: ZZ1 | G88: 0086 | H88: 45717 | I88: 15:41 | J88: 0037 | L88: 0 | M88: 0
A89: Z102_01_022025_MASSENA.CSV | C89: MC#01 | D89: TRANSACTION | E89: FILE102 | F89: ZZ1 | G89: 0086 | H89: 45717 | I89: 15:41 | J89: 0038 | L89: 0 | M89: 0
A90: Z102_01_022025_MASSENA.CSV | C90: MC#01 | D90: TRANSACTION | E90: FILE102 | F90: ZZ1 | G90: 0086 | H90: 45717 | I90: 15:41 | J90: 0039 | L90: 0 | M90: 0
A91: Z102_01_022025_MASSENA.CSV | C91: MC#01 | D91: TRANSACTION | E91: FILE102 | F91: ZZ1 | G91: 0086 | H91: 45717 | I91: 15:41 | J91: 0040 | L91: 0 | M91: 0
A92: Z102_01_022025_MASSENA.CSV | C92: MC#01 | D92: TRANSACTION | E92: FILE102 | F92: ZZ1 | G92: 0086 | H92: 45717 | I92: 15:41 | J92: 0041 | L92: 0 | M92: 0
A93: Z102_01_022025_MASSENA.CSV | C93: MC#01 | D93: TRANSACTION | E93: FILE102 | F93: ZZ1 | G93: 0086 | H93: 45717 | I93: 15:41 | J93: 0042 | L93: 0 | M93: 0
A94: Z102_01_022025_MASSENA.CSV | C94: MC#01 | D94: TRANSACTION | E94: FILE102 | F94: ZZ1 | G94: 0086 | H94: 45717 | I94: 15:41 | J94: 0043 | L94: 0 | M94: 0
A95: Z102_01_022025_MASSENA.CSV | C95: MC#01 | D95: TRANSACTION | E95: FILE102 | F95: ZZ1 | G95: 0086 | H95: 45717 | I95: 15:41 | J95: 0044 | L95: 0 | M95: 0
... A101: Z102_01_022025_MASSENA.CSV | C101: MC#01 | D101: TRANSACTION | E101: FILE102 | F101: ZZ1 | G101: 0086 | H101: 45717 | I101: 15:41 | J101: 0050 | L101: 0 | M101: 0
A102: Z102_01_042025_052025_062025_MASSENA.CSV | C102: MC#01 | D102: TRANSACTION | E102: FILE102 | F102: ZZ1 | G102: 0088 | H102: 45839 | I102: 09:58 | J102: 0001 | K102: ESPECES | L102: 18 | M102: 6815.7
A103: Z102_01_042025_052025_062025_MASSENA.CSV | C103: MC#01 | D103: TRANSACTION | E103: FILE102 | F103: ZZ1 | G103: 0088 | H103: 45839 | I103: 09:58 | J103: 0002 | K103: SOUS-TOTAL | L103: 0 | M103: 0
A104: Z102_01_042025_052025_062025_MASSENA.CSV | C104: MC#01 | D104: TRANSACTION | E104: FILE102 | F104: ZZ1 | G104: 0088 | H104: 45839 | I104: 09:58 | J104: 0003 | K104: CARTES | L104: 16 | M104: 5642.4
A105: Z102_01_042025_052025_062025_MASSENA.CSV | C105: MC#01 | D105: TRANSACTION | E105: FILE102 | F105: ZZ1 | G105: 0088 | H105: 45839 | I105: 09:58 | J105: 0004 | K105: CHEQUES | L105: 0 | M105: 0
A106: Z102_01_042025_052025_062025_MASSENA.CSV | C106: MC#01 | D106: TRANSACTION | E106: FILE102 | F106: ZZ1 | G106: 0088 | H106: 45839 | I106: 09:58 | J106: 0005 | K106: AIDE | L106: 0 | M106: 0
A107: Z102_01_042025_052025_062025_MASSENA.CSV | C107: MC#01 | D107: TRANSACTION | E107: FILE102 | F107: ZZ1 | G107: 0088 | H107: 45839 | I107: 09:58 | J107: 0006 | K107: TAX PGM | L107: 0 | M107: 0
A108: Z102_01_042025_052025_062025_MASSENA.CSV | C108: MC#01 | D108: TRANSACTION | E108: FILE102 | F108: ZZ1 | G108: 0088 | H108: 45839 | I108: 09:58 | J108: 0007 | K108: SORTIECAISSE | L108: 0 | M108: 0
A109: Z102_01_042025_052025_062025_MASSENA.CSV | C109: MC#01 | D109: TRANSACTION | E109: FILE102 | F109: ZZ1 | G109: 0088 | H109: 45839 | I109: 09:58 | J109: 0008 | K109: REC&ACCOMPTE | L109: 0 | M109: 0
A110: Z102_01_042025_052025_062025_MASSENA.CSV | C110: MC#01 | D110: TRANSACTION | E110: FILE102 | F110: ZZ1 | G110: 0088 | H110: 45839 | I110: 09:58 | J110: 0009 | K110: SIGN-OFF | L110: 0 | M110: 0
A111: Z102_01_042025_052025_062025_MASSENA.CSV | C111: MC#01 | D111: TRANSACTION | E111: FILE102 | F111: ZZ1 | G111: 0088 | H111: 45839 | I111: 09:58 | J111: 0010 | K111: NUM CAISSIER | L111: 0 | M111: 0
A112: Z102_01_042025_052025_062025_MASSENA.CSV | C112: MC#01 | D112: TRANSACTION | E112: FILE102 | F112: ZZ1 | G112: 0088 | H112: 45839 | I112: 09:58 | J112: 0011 | K112: SHIFT/No | L112: 0 | M112: 0
A113: Z102_01_042025_052025_062025_MASSENA.CSV | C113: MC#01 | D113: TRANSACTION | E113: FILE102 | F113: ZZ1 | G113: 0088 | H113: 45839 | I113: 09:58 | J113: 0012 | K113: DWN | L113: 0 | M113: 0
... A133: Z102_01_042025_052025_062025_MASSENA.CSV | C133: MC#01 | D133: TRANSACTION | E133: FILE102 | F133: ZZ1 | G133: 0088 | H133: 45839 | I133: 09:58 | J133: 0032 | K133: ANNULATION | L133: 0 | M133: 0
A134: Z102_01_042025_052025_062025_MASSENA.CSV | C134: MC#01 | D134: TRANSACTION | E134: FILE102 | F134: ZZ1 | G134: 0088 | H134: 45839 | I134: 09:58 | J134: 0033 | L134: 0 | M134: 0
A135: Z102_01_042025_052025_062025_MASSENA.CSV | C135: MC#01 | D135: TRANSACTION | E135: FILE102 | F135: ZZ1 | G135: 0088 | H135: 45839 | I135: 09:58 | J135: 0034 | L135: 0 | M135: 0
A136: Z102_01_042025_052025_062025_MASSENA.CSV | C136: MC#01 | D136: TRANSACTION | E136: FILE102 | F136: ZZ1 | G136: 0088 | H136: 45839 | I136: 09:58 | J136: 0035 | L136: 0 | M136: 0
A137: Z102_01_042025_052025_062025_MASSENA.CSV | C137: MC#01 | D137: TRANSACTION | E137: FILE102 | F137: ZZ1 | G137: 0088 | H137: 45839 | I137: 09:58 | J137: 0036 | L137: 0 | M137: 0
A138: Z102_01_042025_052025_062025_MASSENA.CSV | C138: MC#01 | D138: TRANSACTION | E138: FILE102 | F138: ZZ1 | G138: 0088 | H138: 45839 | I138: 09:58 | J138: 0037 | L138: 0 | M138: 0
A139: Z102_01_042025_052025_062025_MASSENA.CSV | C139: MC#01 | D139: TRANSACTION | E139: FILE102 | F139: ZZ1 | G139: 0088 | H139: 45839 | I139: 09:58 | J139: 0038 | L139: 0 | M139: 0
A140: Z102_01_042025_052025_062025_MASSENA.CSV | C140: MC#01 | D140: TRANSACTION | E140: FILE102 | F140: ZZ1 | G140: 0088 | H140: 45839 | I140: 09:58 | J140: 0039 | L140: 0 | M140: 0
A141: Z102_01_042025_052025_062025_MASSENA.CSV | C141: MC#01 | D141: TRANSACTION | E141: FILE102 | F141: ZZ1 | G141: 0088 | H141: 45839 | I141: 09:58 | J141: 0040 | L141: 0 | M141: 0
A142: Z102_01_042025_052025_062025_MASSENA.CSV | C142: MC#01 | D142: TRANSACTION | E142: FILE102 | F142: ZZ1 | G142: 0088 | H142: 45839 | I142: 09:58 | J142: 0041 | L142: 0 | M142: 0
A143: Z102_01_042025_052025_062025_MASSENA.CSV | C143: MC#01 | D143: TRANSACTION | E143: FILE102 | F143: ZZ1 | G143: 0088 | H143: 45839 | I143: 09:58 | J143: 0042 | L143: 0 | M143: 0
A144: Z102_01_042025_052025_062025_MASSENA.CSV | C144: MC#01 | D144: TRANSACTION | E144: FILE102 | F144: ZZ1 | G144: 0088 | H144: 45839 | I144: 09:58 | J144: 0043 | L144: 0 | M144: 0
A145: Z102_01_042025_052025_062025_MASSENA.CSV | C145: MC#01 | D145: TRANSACTION | E145: FILE102 | F145: ZZ1 | G145: 0088 | H145: 45839 | I145: 09:58 | J145: 0044 | L145: 0 | M145: 0
... A151: Z102_01_042025_052025_062025_MASSENA.CSV | C151: MC#01 | D151: TRANSACTION | E151: FILE102 | F151: ZZ1 | G151: 0088 | H151: 45839 | I151: 09:58 | J151: 0050 | L151: 0 | M151: 0
A152: Z102_02_082025_MASSENA.CSV | C152: MC#01 | D152: TRANSACTION | E152: FILE102 | F152: ZZ1 | G152: 0090 | H152: 45902 | I152: 17:20 | J152: 0001 | K152: ESPECES | L152: 6 | M152: 1914
A153: Z102_02_082025_MASSENA.CSV | C153: MC#01 | D153: TRANSACTION | E153: FILE102 | F153: ZZ1 | G153: 0090 | H153: 45902 | I153: 17:20 | J153: 0002 | K153: SOUS-TOTAL | L153: 0 | M153: 0
A154: Z102_02_082025_MASSENA.CSV | C154: MC#01 | D154: TRANSACTION | E154: FILE102 | F154: ZZ1 | G154: 0090 | H154: 45902 | I154: 17:20 | J154: 0003 | K154: CARTES | L154: 3 | M154: 2072
A155: Z102_02_082025_MASSENA.CSV | C155: MC#01 | D155: TRANSACTION | E155: FILE102 | F155: ZZ1 | G155: 0090 | H155: 45902 | I155: 17:20 | J155: 0004 | K155: CHEQUES | L155: 0 | M155: 0
A156: Z102_02_082025_MASSENA.CSV | C156: MC#01 | D156: TRANSACTION | E156: FILE102 | F156: ZZ1 | G156: 0090 | H156: 45902 | I156: 17:20 | J156: 0005 | K156: AIDE | L156: 0 | M156: 0
A157: Z102_02_082025_MASSENA.CSV | C157: MC#01 | D157: TRANSACTION | E157: FILE102 | F157: ZZ1 | G157: 0090 | H157: 45902 | I157: 17:20 | J157: 0006 | K157: TAX PGM | L157: 0 | M157: 0
A158: Z102_02_082025_MASSENA.CSV | C158: MC#01 | D158: TRANSACTION | E158: FILE102 | F158: ZZ1 | G158: 0090 | H158: 45902 | I158: 17:20 | J158: 0007 | K158: SORTIECAISSE | L158: 0 | M158: 0
A159: Z102_02_082025_MASSENA.CSV | C159: MC#01 | D159: TRANSACTION | E159: FILE102 | F159: ZZ1 | G159: 0090 | H159: 45902 | I159: 17:20 | J159: 0008 | K159: REC&ACCOMPTE | L159: 0 | M159: 0
A160: Z102_02_082025_MASSENA.CSV | C160: MC#01 | D160: TRANSACTION | E160: FILE102 | F160: ZZ1 | G160: 0090 | H160: 45902 | I160: 17:20 | J160: 0009 | K160: SIGN-OFF | L160: 0 | M160: 0
A161: Z102_02_082025_MASSENA.CSV | C161: MC#01 | D161: TRANSACTION | E161: FILE102 | F161: ZZ1 | G161: 0090 | H161: 45902 | I161: 17:20 | J161: 0010 | K161: NUM CAISSIER | L161: 0 | M161: 0
A162: Z102_02_082025_MASSENA.CSV | C162: MC#01 | D162: TRANSACTION | E162: FILE102 | F162: ZZ1 | G162: 0090 | H162: 45902 | I162: 17:20 | J162: 0011 | K162: SHIFT/No | L162: 0 | M162: 0
A163: Z102_02_082025_MASSENA.CSV | C163: MC#01 | D163: TRANSACTION | E163: FILE102 | F163: ZZ1 | G163: 0090 | H163: 45902 | I163: 17:20 | J163: 0012 | K163: DWN | L163: 0 | M163: 0
... A183: Z102_02_082025_MASSENA.CSV | C183: MC#01 | D183: TRANSACTION | E183: FILE102 | F183: ZZ1 | G183: 0090 | H183: 45902 | I183: 17:20 | J183: 0032 | K183: ANNULATION | L183: 0 | M183: 0
A184: Z102_02_082025_MASSENA.CSV | C184: MC#01 | D184: TRANSACTION | E184: FILE102 | F184: ZZ1 | G184: 0090 | H184: 45902 | I184: 17:20 | J184: 0033 | L184: 0 | M184: 0
A185: Z102_02_082025_MASSENA.CSV | C185: MC#01 | D185: TRANSACTION | E185: FILE102 | F185: ZZ1 | G185: 0090 | H185: 45902 | I185: 17:20 | J185: 0034 | L185: 0 | M185: 0
A186: Z102_02_082025_MASSENA.CSV | C186: MC#01 | D186: TRANSACTION | E186: FILE102 | F186: ZZ1 | G186: 0090 | H186: 45902 | I186: 17:20 | J186: 0035 | L186: 0 | M186: 0
A187: Z102_02_082025_MASSENA.CSV | C187: MC#01 | D187: TRANSACTION | E187: FILE102 | F187: ZZ1 | G187: 0090 | H187: 45902 | I187: 17:20 | J187: 0036 | L187: 0 | M187: 0
A188: Z102_02_082025_MASSENA.CSV | C188: MC#01 | D188: TRANSACTION | E188: FILE102 | F188: ZZ1 | G188: 0090 | H188: 45902 | I188: 17:20 | J188: 0037 | L188: 0 | M188: 0
A189: Z102_02_082025_MASSENA.CSV | C189: MC#01 | D189: TRANSACTION | E189: FILE102 | F189: ZZ1 | G189: 0090 | H189: 45902 | I189: 17:20 | J189: 0038 | L189: 0 | M189: 0
A190: Z102_02_082025_MASSENA.CSV | C190: MC#01 | D190: TRANSACTION | E190: FILE102 | F190: ZZ1 | G190: 0090 | H190: 45902 | I190: 17:20 | J190: 0039 | L190: 0 | M190: 0
A191: Z102_02_082025_MASSENA.CSV | C191: MC#01 | D191: TRANSACTION | E191: FILE102 | F191: ZZ1 | G191: 0090 | H191: 45902 | I191: 17:20 | J191: 0040 | L191: 0 | M191: 0
...

Sheet Z2_CplteAnneeMois
A1: nomfichier | B1: E_MODELE | C1: E_MACHINE | D1: E_RAPPORT | E1: E_FICHIER | F1: E_MODE | G1: E_COMPTEUR_Z | H1: E_DATE | I1: E_HEURE | J1: D_ENREGISTREMENT | K1: D_DESIGNATION | L1: D_QUANTITE | M1: D_MONTANT | N1: AJ_ANNEE_Z | O1: AJ_MOIS_Z
A2: Z002_31B_072025_MASSENA.CSV | C2: MC#01 | D2: TRANSACTION | E2: FILE002 | F2: Z | G2: 0020 | H2: 45869 | I2: 18:40 | J2: 0001 | K2: ESPECES | L2: 402 | M2: 221991.1 | N2: 2025 | O2: 2025-07
A3: Z002_31B_072025_MASSENA.CSV | C3: MC#01 | D3: TRANSACTION | E3: FILE002 | F3: Z | G3: 0020 | H3: 45869 | I3: 18:40 | J3: 0002 | K3: SOUS-TOTAL | L3: 0 | M3: 0 | N3: 2025 | O3: 2025-07
A4: Z002_31B_072025_MASSENA.CSV | C4: MC#01 | D4: TRANSACTION | E4: FILE002 | F4: Z | G4: 0020 | H4: 45869 | I4: 18:40 | J4: 0003 | K4: CARTES | L4: 150 | M4: 108512.5 | N4: 2025 | O4: 2025-07
A5: Z002_31B_072025_MASSENA.CSV | C5: MC#01 | D5: TRANSACTION | E5: FILE002 | F5: Z | G5: 0020 | H5: 45869 | I5: 18:40 | J5: 0004 | K5: CHEQUES | L5: 0 | M5: 0 | N5: 2025 | O5: 2025-07
A6: Z002_31B_072025_MASSENA.CSV | C6: MC#01 | D6: TRANSACTION | E6: FILE002 | F6: Z | G6: 0020 | H6: 45869 | I6: 18:40 | J6: 0005 | K6: AIDE | L6: 0 | M6: 0 | N6: 2025 | O6: 2025-07
A7: Z002_31B_072025_MASSENA.CSV | C7: MC#01 | D7: TRANSACTION | E7: FILE002 | F7: Z | G7: 0020 | H7: 45869 | I7: 18:40 | J7: 0006 | K7: TAX PGM | L7: 0 | M7: 0 | N7: 2025 | O7: 2025-07
A8: Z002_31B_072025_MASSENA.CSV | C8: MC#01 | D8: TRANSACTION | E8: FILE002 | F8: Z | G8: 0020 | H8: 45869 | I8: 18:40 | J8: 0007 | K8: SORTIECAISSE | L8: 0 | M8: 0 | N8: 2025 | O8: 2025-07
A9: Z002_31B_072025_MASSENA.CSV | C9: MC#01 | D9: TRANSACTION | E9: FILE002 | F9: Z | G9: 0020 | H9: 45869 | I9: 18:40 | J9: 0008 | K9: REC&ACCOMPTE | L9: 0 | M9: 0 | N9: 2025 | O9: 2025-07
A10: Z002_31B_072025_MASSENA.CSV | C10: MC#01 | D10: TRANSACTION | E10: FILE002 | F10: Z | G10: 0020 | H10: 45869 | I10: 18:40 | J10: 0009 | K10: SIGN-OFF | L10: 0 | M10: 0 | N10: 2025 | O10: 2025-07
A11: Z002_31B_072025_MASSENA.CSV | C11: MC#01 | D11: TRANSACTION | E11: FILE002 | F11: Z | G11: 0020 | H11: 45869 | I11: 18:40 | J11: 0010 | K11: NUM CAISSIER | L11: 0 | M11: 0 | N11: 2025 | O11: 2025-07
A12: Z002_31B_072025_MASSENA.CSV | C12: MC#01 | D12: TRANSACTION | E12: FILE002 | F12: Z | G12: 0020 | H12: 45869 | I12: 18:40 | J12: 0011 | K12: SHIFT/No | L12: 0 | M12: 0 | N12: 2025 | O12: 2025-07
A13: Z002_31B_072025_MASSENA.CSV | C13: MC#01 | D13: TRANSACTION | E13: FILE002 | F13: Z | G13: 0020 | H13: 45869 | I13: 18:40 | J13: 0012 | K13: DWN | L13: 0 | M13: 0 | N13: 2025 | O13: 2025-07
... A33: Z002_31B_072025_MASSENA.CSV | C33: MC#01 | D33: TRANSACTION | E33: FILE002 | F33: Z | G33: 0020 | H33: 45869 | I33: 18:40 | J33: 0032 | K33: ANNULATION | L33: 0 | M33: 0 | N33: 2025 | O33: 2025-07
A34: Z002_31B_072025_MASSENA.CSV | C34: MC#01 | D34: TRANSACTION | E34: FILE002 | F34: Z | G34: 0020 | H34: 45869 | I34: 18:40 | J34: 0033 | L34: 0 | M34: 0 | N34: 2025 | O34: 2025-07
A35: Z002_31B_072025_MASSENA.CSV | C35: MC#01 | D35: TRANSACTION | E35: FILE002 | F35: Z | G35: 0020 | H35: 45869 | I35: 18:40 | J35: 0034 | L35: 0 | M35: 0 | N35: 2025 | O35: 2025-07
A36: Z002_31B_072025_MASSENA.CSV | C36: MC#01 | D36: TRANSACTION | E36: FILE002 | F36: Z | G36: 0020 | H36: 45869 | I36: 18:40 | J36: 0035 | L36: 0 | M36: 0 | N36: 2025 | O36: 2025-07
A37: Z002_31B_072025_MASSENA.CSV | C37: MC#01 | D37: TRANSACTION | E37: FILE002 | F37: Z | G37: 0020 | H37: 45869 | I37: 18:40 | J37: 0036 | L37: 0 | M37: 0 | N37: 2025 | O37: 2025-07
A38: Z002_31B_072025_MASSENA.CSV | C38: MC#01 | D38: TRANSACTION | E38: FILE002 | F38: Z | G38: 0020 | H38: 45869 | I38: 18:40 | J38: 0037 | L38: 0 | M38: 0 | N38: 2025 | O38: 2025-07
A39: Z002_31B_072025_MASSENA.CSV | C39: MC#01 | D39: TRANSACTION | E39: FILE002 | F39: Z | G39: 0020 | H39: 45869 | I39: 18:40 | J39: 0038 | L39: 0 | M39: 0 | N39: 2025 | O39: 2025-07
A40: Z002_31B_072025_MASSENA.CSV | C40: MC#01 | D40: TRANSACTION | E40: FILE002 | F40: Z | G40: 0020 | H40: 45869 | I40: 18:40 | J40: 0039 | L40: 0 | M40: 0 | N40: 2025 | O40: 2025-07
A41: Z002_31B_072025_MASSENA.CSV | C41: MC#01 | D41: TRANSACTION | E41: FILE002 | F41: Z | G41: 0020 | H41: 45869 | I41: 18:40 | J41: 0040 | L41: 0 | M41: 0 | N41: 2025 | O41: 2025-07
A42: Z002_31B_072025_MASSENA.CSV | C42: MC#01 | D42: TRANSACTION | E42: FILE002 | F42: Z | G42: 0020 | H42: 45869 | I42: 18:40 | J42: 0041 | L42: 0 | M42: 0 | N42: 2025 | O42: 2025-07
A43: Z002_31B_072025_MASSENA.CSV | C43: MC#01 | D43: TRANSACTION | E43: FILE002 | F43: Z | G43: 0020 | H43: 45869 | I43: 18:40 | J43: 0042 | L43: 0 | M43: 0 | N43: 2025 | O43: 2025-07
A44: Z002_31B_072025_MASSENA.CSV | C44: MC#01 | D44: TRANSACTION | E44: FILE002 | F44: Z | G44: 0020 | H44: 45869 | I44: 18:40 | J44: 0043 | L44: 0 | M44: 0 | N44: 2025 | O44: 2025-07
A45: Z002_31B_072025_MASSENA.CSV | C45: MC#01 | D45: TRANSACTION | E45: FILE002 | F45: Z | G45: 0020 | H45: 45869 | I45: 18:40 | J45: 0044 | L45: 0 | M45: 0 | N45: 2025 | O45: 2025-07
... A51: Z002_31B_072025_MASSENA.CSV | C51: MC#01 | D51: TRANSACTION | E51: FILE002 | F51: Z | G51: 0020 | H51: 45869 | I51: 18:40 | J51: 0050 | L51: 0 | M51: 0 | N51: 2025 | O51: 2025-07
A52: Z102_01_022025_MASSENA.CSV | C52: MC#01 | D52: TRANSACTION | E52: FILE102 | F52: ZZ1 | G52: 0086 | H52: 45717 | I52: 15:41 | J52: 0001 | K52: ESPECES | L52: 16 | M52: 10332.8 | N52: 2025 | O52: 2025-02
A53: Z102_01_022025_MASSENA.CSV | C53: MC#01 | D53: TRANSACTION | E53: FILE102 | F53: ZZ1 | G53: 0086 | H53: 45717 | I53: 15:41 | J53: 0002 | K53: SOUS-TOTAL | L53: 0 | M53: 0 | N53: 2025 | O53: 2025-02
A54: Z102_01_022025_MASSENA.CSV | C54: MC#01 | D54: TRANSACTION | E54: FILE102 | F54: ZZ1 | G54: 0086 | H54: 45717 | I54: 15:41 | J54: 0003 | K54: CARTES | L54: 7 | M54: 7497 | N54: 2025 | O54: 2025-02
A55: Z102_01_022025_MASSENA.CSV | C55: MC#01 | D55: TRANSACTION | E55: FILE102 | F55: ZZ1 | G55: 0086 | H55: 45717 | I55: 15:41 | J55: 0004 | K55: CHEQUES | L55: 0 | M55: 0 | N55: 2025 | O55: 2025-02
A56: Z102_01_022025_MASSENA.CSV | C56: MC#01 | D56: TRANSACTION | E56: FILE102 | F56: ZZ1 | G56: 0086 | H56: 45717 | I56: 15:41 | J56: 0005 | K56: AIDE | L56: 0 | M56: 0 | N56: 2025 | O56: 2025-02
A57: Z102_01_022025_MASSENA.CSV | C57: MC#01 | D57: TRANSACTION | E57: FILE102 | F57: ZZ1 | G57: 0086 | H57: 45717 | I57: 15:41 | J57: 0006 | K57: TAX PGM | L57: 0 | M57: 0 | N57: 2025 | O57: 2025-02
A58: Z102_01_022025_MASSENA.CSV | C58: MC#01 | D58: TRANSACTION | E58: FILE102 | F58: ZZ1 | G58: 0086 | H58: 45717 | I58: 15:41 | J58: 0007 | K58: SORTIECAISSE | L58: 0 | M58: 0 | N58: 2025 | O58: 2025-02
A59: Z102_01_022025_MASSENA.CSV | C59: MC#01 | D59: TRANSACTION | E59: FILE102 | F59: ZZ1 | G59: 0086 | H59: 45717 | I59: 15:41 | J59: 0008 | K59: REC&ACCOMPTE | L59: 0 | M59: 0 | N59: 2025 | O59: 2025-02
A60: Z102_01_022025_MASSENA.CSV | C60: MC#01 | D60: TRANSACTION | E60: FILE102 | F60: ZZ1 | G60: 0086 | H60: 45717 | I60: 15:41 | J60: 0009 | K60: SIGN-OFF | L60: 0 | M60: 0 | N60: 2025 | O60: 2025-02
A61: Z102_01_022025_MASSENA.CSV | C61: MC#01 | D61: TRANSACTION | E61: FILE102 | F61: ZZ1 | G61: 0086 | H61: 45717 | I61: 15:41 | J61: 0010 | K61: NUM CAISSIER | L61: 0 | M61: 0 | N61: 2025 | O61: 2025-02
A62: Z102_01_022025_MASSENA.CSV | C62: MC#01 | D62: TRANSACTION | E62: FILE102 | F62: ZZ1 | G62: 0086 | H62: 45717 | I62: 15:41 | J62: 0011 | K62: SHIFT/No | L62: 0 | M62: 0 | N62: 2025 | O62: 2025-02
A63: Z102_01_022025_MASSENA.CSV | C63: MC#01 | D63: TRANSACTION | E63: FILE102 | F63: ZZ1 | G63: 0086 | H63: 45717 | I63: 15:41 | J63: 0012 | K63: DWN | L63: 0 | M63: 0 | N63: 2025 | O63: 2025-02
... A83: Z102_01_022025_MASSENA.CSV | C83: MC#01 | D83: TRANSACTION | E83: FILE102 | F83: ZZ1 | G83: 0086 | H83: 45717 | I83: 15:41 | J83: 0032 | K83: ANNULATION | L83: 0 | M83: 0 | N83: 2025 | O83: 2025-02
A84: Z102_01_022025_MASSENA.CSV | C84: MC#01 | D84: TRANSACTION | E84: FILE102 | F84: ZZ1 | G84: 0086 | H84: 45717 | I84: 15:41 | J84: 0033 | L84: 0 | M84: 0 | N84: 2025 | O84: 2025-02
A85: Z102_01_022025_MASSENA.CSV | C85: MC#01 | D85: TRANSACTION | E85: FILE102 | F85: ZZ1 | G85: 0086 | H85: 45717 | I85: 15:41 | J85: 0034 | L85: 0 | M85: 0 | N85: 2025 | O85: 2025-02
A86: Z102_01_022025_MASSENA.CSV | C86: MC#01 | D86: TRANSACTION | E86: FILE102 | F86: ZZ1 | G86: 0086 | H86: 45717 | I86: 15:41 | J86: 0035 | L86: 0 | M86: 0 | N86: 2025 | O86: 2025-02
A87: Z102_01_022025_MASSENA.CSV | C87: MC#01 | D87: TRANSACTION | E87: FILE102 | F87: ZZ1 | G87: 0086 | H87: 45717 | I87: 15:41 | J87: 0036 | L87: 0 | M87: 0 | N87: 2025 | O87: 2025-02
A88: Z102_01_022025_MASSENA.CSV | C88: MC#01 | D88: TRANSACTION | E88: FILE102 | F88: ZZ1 | G88: 0086 | H88: 45717 | I88: 15:41 | J88: 0037 | L88: 0 | M88: 0 | N88: 2025 | O88: 2025-02
A89: Z102_01_022025_MASSENA.CSV | C89: MC#01 | D89: TRANSACTION | E89: FILE102 | F89: ZZ1 | G89: 0086 | H89: 45717 | I89: 15:41 | J89: 0038 | L89: 0 | M89: 0 | N89: 2025 | O89: 2025-02
A90: Z102_01_022025_MASSENA.CSV | C90: MC#01 | D90: TRANSACTION | E90: FILE102 | F90: ZZ1 | G90: 0086 | H90: 45717 | I90: 15:41 | J90: 0039 | L90: 0 | M90: 0 | N90: 2025 | O90: 2025-02
A91: Z102_01_022025_MASSENA.CSV | C91: MC#01 | D91: TRANSACTION | E91: FILE102 | F91: ZZ1 | G91: 0086 | H91: 45717 | I91: 15:41 | J91: 0040 | L91: 0 | M91: 0 | N91: 2025 | O91: 2025-02
A92: Z102_01_022025_MASSENA.CSV | C92: MC#01 | D92: TRANSACTION | E92: FILE102 | F92: ZZ1 | G92: 0086 | H92: 45717 | I92: 15:41 | J92: 0041 | L92: 0 | M92: 0 | N92: 2025 | O92: 2025-02
A93: Z102_01_022025_MASSENA.CSV | C93: MC#01 | D93: TRANSACTION | E93: FILE102 | F93: ZZ1 | G93: 0086 | H93: 45717 | I93: 15:41 | J93: 0042 | L93: 0 | M93: 0 | N93: 2025 | O93: 2025-02
A94: Z102_01_022025_MASSENA.CSV | C94: MC#01 | D94: TRANSACTION | E94: FILE102 | F94: ZZ1 | G94: 0086 | H94: 45717 | I94: 15:41 | J94: 0043 | L94: 0 | M94: 0 | N94: 2025 | O94: 2025-02
A95: Z102_01_022025_MASSENA.CSV | C95: MC#01 | D95: TRANSACTION | E95: FILE102 | F95: ZZ1 | G95: 0086 | H95: 45717 | I95: 15:41 | J95: 0044 | L95: 0 | M95: 0 | N95: 2025 | O95: 2025-02
... A101: Z102_01_022025_MASSENA.CSV | C101: MC#01 | D101: TRANSACTION | E101: FILE102 | F101: ZZ1 | G101: 0086 | H101: 45717 | I101: 15:41 | J101: 0050 | L101: 0 | M101: 0 | N101: 2025 | O101: 2025-02
A102: Z102_01_042025_052025_062025_MASSENA.CSV | C102: MC#01 | D102: TRANSACTION | E102: FILE102 | F102: ZZ1 | G102: 0088 | H102: 45839 | I102: 09:58 | J102: 0001 | K102: ESPECES | L102: 18 | M102: 6815.7 | N102: 2025 | O102: 2025-04|2025-05|2025-06
A103: Z102_01_042025_052025_062025_MASSENA.CSV | C103: MC#01 | D103: TRANSACTION | E103: FILE102 | F103: ZZ1 | G103: 0088 | H103: 45839 | I103: 09:58 | J103: 0002 | K103: SOUS-TOTAL | L103: 0 | M103: 0 | N103: 2025 | O103: 2025-04|2025-05|2025-06
A104: Z102_01_042025_052025_062025_MASSENA.CSV | C104: MC#01 | D104: TRANSACTION | E104: FILE102 | F104: ZZ1 | G104: 0088 | H104: 45839 | I104: 09:58 | J104: 0003 | K104: CARTES | L104: 16 | M104: 5642.4 | N104: 2025 | O104: 2025-04|2025-05|2025-06
A105: Z102_01_042025_052025_062025_MASSENA.CSV | C105: MC#01 | D105: TRANSACTION | E105: FILE102 | F105: ZZ1 | G105: 0088 | H105: 45839 | I105: 09:58 | J105: 0004 | K105: CHEQUES | L105: 0 | M105: 0 | N105: 2025 | O105: 2025-04|2025-05|2025-06
A106: Z102_01_042025_052025_062025_MASSENA.CSV | C106: MC#01 | D106: TRANSACTION | E106: FILE102 | F106: ZZ1 | G106: 0088 | H106: 45839 | I106: 09:58 | J106: 0005 | K106: AIDE | L106: 0 | M106: 0 | N106: 2025 | O106: 2025-04|2025-05|2025-06
A107: Z102_01_042025_052025_062025_MASSENA.CSV | C107: MC#01 | D107: TRANSACTION | E107: FILE102 | F107: ZZ1 | G107: 0088 | H107: 45839 | I107: 09:58 | J107: 0006 | K107: TAX PGM | L107: 0 | M107: 0 | N107: 2025 | O107: 2025-04|2025-05|2025-06
A108: Z102_01_042025_052025_062025_MASSENA.CSV | C108: MC#01 | D108: TRANSACTION | E108: FILE102 | F108: ZZ1 | G108: 0088 | H108: 45839 | I108: 09:58 | J108: 0007 | K108: SORTIECAISSE | L108: 0 | M108: 0 | N108: 2025 | O108: 2025-04|2025-05|2025-06
A109: Z102_01_042025_052025_062025_MASSENA.CSV | C109: MC#01 | D109: TRANSACTION | E109: FILE102 | F109: ZZ1 | G109: 0088 | H109: 45839 | I109: 09:58 | J109: 0008 | K109: REC&ACCOMPTE | L109: 0 | M109: 0 | N109: 2025 | O109: 2025-04|2025-05|2025-06
A110: Z102_01_042025_052025_062025_MASSENA.CSV | C110: MC#01 | D110: TRANSACTION | E110: FILE102 | F110: ZZ1 | G110: 0088 | H110: 45839 | I110: 09:58 | J110: 0009 | K110: SIGN-OFF | L110: 0 | M110: 0 | N110: 2025 | O110: 2025-04|2025-05|2025-06
A111: Z102_01_042025_052025_062025_MASSENA.CSV | C111: MC#01 | D111: TRANSACTION | E111: FILE102 | F111: ZZ1 | G111: 0088 | H111: 45839 | I111: 09:58 | J111: 0010 | K111: NUM CAISSIER | L111: 0 | M111: 0 | N111: 2025 | O111: 2025-04|2025-05|2025-06
A112: Z102_01_042025_052025_062025_MASSENA.CSV | C112: MC#01 | D112: TRANSACTION | E112: FILE102 | F112: ZZ1 | G112: 0088 | H112: 45839 | I112: 09:58 | J112: 0011 | K112: SHIFT/No | L112: 0 | M112: 0 | N112: 2025 | O112: 2025-04|2025-05|2025-06
A113: Z102_01_042025_052025_062025_MASSENA.CSV | C113: MC#01 | D113: TRANSACTION | E113: FILE102 | F113: ZZ1 | G113: 0088 | H113: 45839 | I113: 09:58 | J113: 0012 | K113: DWN | L113: 0 | M113: 0 | N113: 2025 | O113: 2025-04|2025-05|2025-06
... A133: Z102_01_042025_052025_062025_MASSENA.CSV | C133: MC#01 | D133: TRANSACTION | E133: FILE102 | F133: ZZ1 | G133: 0088 | H133: 45839 | I133: 09:58 | J133: 0032 | K133: ANNULATION | L133: 0 | M133: 0 | N133: 2025 | O133: 2025-04|2025-05|2025-06
A134: Z102_01_042025_052025_062025_MASSENA.CSV | C134: MC#01 | D134: TRANSACTION | E134: FILE102 | F134: ZZ1 | G134: 0088 | H134: 45839 | I134: 09:58 | J134: 0033 | L134: 0 | M134: 0 | N134: 2025 | O134: 2025-04|2025-05|2025-06
A135: Z102_01_042025_052025_062025_MASSENA.CSV | C135: MC#01 | D135: TRANSACTION | E135: FILE102 | F135: ZZ1 | G135: 0088 | H135: 45839 | I135: 09:58 | J135: 0034 | L135: 0 | M135: 0 | N135: 2025 | O135: 2025-04|2025-05|2025-06
A136: Z102_01_042025_052025_062025_MASSENA.CSV | C136: MC#01 | D136: TRANSACTION | E136: FILE102 | F136: ZZ1 | G136: 0088 | H136: 45839 | I136: 09:58 | J136: 0035 | L136: 0 | M136: 0 | N136: 2025 | O136: 2025-04|2025-05|2025-06
A137: Z102_01_042025_052025_062025_MASSENA.CSV | C137: MC#01 | D137: TRANSACTION | E137: FILE102 | F137: ZZ1 | G137: 0088 | H137: 45839 | I137: 09:58 | J137: 0036 | L137: 0 | M137: 0 | N137: 2025 | O137: 2025-04|2025-05|2025-06
A138: Z102_01_042025_052025_062025_MASSENA.CSV | C138: MC#01 | D138: TRANSACTION | E138: FILE102 | F138: ZZ1 | G138: 0088 | H138: 45839 | I138: 09:58 | J138: 0037 | L138: 0 | M138: 0 | N138: 2025 | O138: 2025-04|2025-05|2025-06
A139: Z102_01_042025_052025_062025_MASSENA.CSV | C139: MC#01 | D139: TRANSACTION | E139: FILE102 | F139: ZZ1 | G139: 0088 | H139: 45839 | I139: 09:58 | J139: 0038 | L139: 0 | M139: 0 | N139: 2025 | O139: 2025-04|2025-05|2025-06
A140: Z102_01_042025_052025_062025_MASSENA.CSV | C140: MC#01 | D140: TRANSACTION | E140: FILE102 | F140: ZZ1 | G140: 0088 | H140: 45839 | I140: 09:58 | J140: 0039 | L140: 0 | M140: 0 | N140: 2025 | O140: 2025-04|2025-05|2025-06
A141: Z102_01_042025_052025_062025_MASSENA.CSV | C141: MC#01 | D141: TRANSACTION | E141: FILE102 | F141: ZZ1 | G141: 0088 | H141: 45839 | I141: 09:58 | J141: 0040 | L141: 0 | M141: 0 | N141: 2025 | O141: 2025-04|2025-05|2025-06
A142: Z102_01_042025_052025_062025_MASSENA.CSV | C142: MC#01 | D142: TRANSACTION | E142: FILE102 | F142: ZZ1 | G142: 0088 | H142: 45839 | I142: 09:58 | J142: 0041 | L142: 0 | M142: 0 | N142: 2025 | O142: 2025-04|2025-05|2025-06
A143: Z102_01_042025_052025_062025_MASSENA.CSV | C143: MC#01 | D143: TRANSACTION | E143: FILE102 | F143: ZZ1 | G143: 0088 | H143: 45839 | I143: 09:58 | J143: 0042 | L143: 0 | M143: 0 | N143: 2025 | O143: 2025-04|2025-05|2025-06
A144: Z102_01_042025_052025_062025_MASSENA.CSV | C144: MC#01 | D144: TRANSACTION | E144: FILE102 | F144: ZZ1 | G144: 0088 | H144: 45839 | I144: 09:58 | J144: 0043 | L144: 0 | M144: 0 | N144: 2025 | O144: 2025-04|2025-05|2025-06
A145: Z102_01_042025_052025_062025_MASSENA.CSV | C145: MC#01 | D145: TRANSACTION | E145: FILE102 | F145: ZZ1 | G145: 0088 | H145: 45839 | I145: 09:58 | J145: 0044 | L145: 0 | M145: 0 | N145: 2025 | O145: 2025-04|2025-05|2025-06
... A151: Z102_01_042025_052025_062025_MASSENA.CSV | C151: MC#01 | D151: TRANSACTION | E151: FILE102 | F151: ZZ1 | G151: 0088 | H151: 45839 | I151: 09:58 | J151: 0050 | L151: 0 | M151: 0 | N151: 2025 | O151: 2025-04|2025-05|2025-06
A152: Z102_02_082025_MASSENA.CSV | C152: MC#01 | D152: TRANSACTION | E152: FILE102 | F152: ZZ1 | G152: 0090 | H152: 45902 | I152: 17:20 | J152: 0001 | K152: ESPECES | L152: 6 | M152: 1914 | N152: 2025 | O152: 2025-08
A153: Z102_02_082025_MASSENA.CSV | C153: MC#01 | D153: TRANSACTION | E153: FILE102 | F153: ZZ1 | G153: 0090 | H153: 45902 | I153: 17:20 | J153: 0002 | K153: SOUS-TOTAL | L153: 0 | M153: 0 | N153: 2025 | O153: 2025-08
A154: Z102_02_082025_MASSENA.CSV | C154: MC#01 | D154: TRANSACTION | E154: FILE102 | F154: ZZ1 | G154: 0090 | H154: 45902 | I154: 17:20 | J154: 0003 | K154: CARTES | L154: 3 | M154: 2072 | N154: 2025 | O154: 2025-08
A155: Z102_02_082025_MASSENA.CSV | C155: MC#01 | D155: TRANSACTION | E155: FILE102 | F155: ZZ1 | G155: 0090 | H155: 45902 | I155: 17:20 | J155: 0004 | K155: CHEQUES | L155: 0 | M155: 0 | N155: 2025 | O155: 2025-08
A156: Z102_02_082025_MASSENA.CSV | C156: MC#01 | D156: TRANSACTION | E156: FILE102 | F156: ZZ1 | G156: 0090 | H156: 45902 | I156: 17:20 | J156: 0005 | K156: AIDE | L156: 0 | M156: 0 | N156: 2025 | O156: 2025-08
A157: Z102_02_082025_MASSENA.CSV | C157: MC#01 | D157: TRANSACTION | E157: FILE102 | F157: ZZ1 | G157: 0090 | H157: 45902 | I157: 17:20 | J157: 0006 | K157: TAX PGM | L157: 0 | M157: 0 | N157: 2025 | O157: 2025-08
A158: Z102_02_082025_MASSENA.CSV | C158: MC#01 | D158: TRANSACTION | E158: FILE102 | F158: ZZ1 | G158: 0090 | H158: 45902 | I158: 17:20 | J158: 0007 | K158: SORTIECAISSE | L158: 0 | M158: 0 | N158: 2025 | O158: 2025-08
A159: Z102_02_082025_MASSENA.CSV | C159: MC#01 | D159: TRANSACTION | E159: FILE102 | F159: ZZ1 | G159: 0090 | H159: 45902 | I159: 17:20 | J159: 0008 | K159: REC&ACCOMPTE | L159: 0 | M159: 0 | N159: 2025 | O159: 2025-08
A160: Z102_02_082025_MASSENA.CSV | C160: MC#01 | D160: TRANSACTION | E160: FILE102 | F160: ZZ1 | G160: 0090 | H160: 45902 | I160: 17:20 | J160: 0009 | K160: SIGN-OFF | L160: 0 | M160: 0 | N160: 2025 | O160: 2025-08
A161: Z102_02_082025_MASSENA.CSV | C161: MC#01 | D161: TRANSACTION | E161: FILE102 | F161: ZZ1 | G161: 0090 | H161: 45902 | I161: 17:20 | J161: 0010 | K161: NUM CAISSIER | L161: 0 | M161: 0 | N161: 2025 | O161: 2025-08
A162: Z102_02_082025_MASSENA.CSV | C162: MC#01 | D162: TRANSACTION | E162: FILE102 | F162: ZZ1 | G162: 0090 | H162: 45902 | I162: 17:20 | J162: 0011 | K162: SHIFT/No | L162: 0 | M162: 0 | N162: 2025 | O162: 2025-08
A163: Z102_02_082025_MASSENA.CSV | C163: MC#01 | D163: TRANSACTION | E163: FILE102 | F163: ZZ1 | G163: 0090 | H163: 45902 | I163: 17:20 | J163: 0012 | K163: DWN | L163: 0 | M163: 0 | N163: 2025 | O163: 2025-08
... A183: Z102_02_082025_MASSENA.CSV | C183: MC#01 | D183: TRANSACTION | E183: FILE102 | F183: ZZ1 | G183: 0090 | H183: 45902 | I183: 17:20 | J183: 0032 | K183: ANNULATION | L183: 0 | M183: 0 | N183: 2025 | O183: 2025-08
A184: Z102_02_082025_MASSENA.CSV | C184: MC#01 | D184: TRANSACTION | E184: FILE102 | F184: ZZ1 | G184: 0090 | H184: 45902 | I184: 17:20 | J184: 0033 | L184: 0 | M184: 0 | N184: 2025 | O184: 2025-08
A185: Z102_02_082025_MASSENA.CSV | C185: MC#01 | D185: TRANSACTION | E185: FILE102 | F185: ZZ1 | G185: 0090 | H185: 45902 | I185: 17:20 | J185: 0034 | L185: 0 | M185: 0 | N185: 2025 | O185: 2025-08
A186: Z102_02_082025_MASSENA.CSV | C186: MC#01 | D186: TRANSACTION | E186: FILE102 | F186: ZZ1 | G186: 0090 | H186: 45902 | I186: 17:20 | J186: 0035 | L186: 0 | M186: 0 | N186: 2025 | O186: 2025-08
A187: Z102_02_082025_MASSENA.CSV | C187: MC#01 | D187: TRANSACTION | E187: FILE102 | F187: ZZ1 | G187: 0090 | H187: 45902 | I187: 17:20 | J187: 0036 | L187: 0 | M187: 0 | N187: 2025 | O187: 2025-08
A188: Z102_02_082025_MASSENA.CSV | C188: MC#01 | D188: TRANSACTION | E188: FILE102 | F188: ZZ1 | G188: 0090 | H188: 45902 | I188: 17:20 | J188: 0037 | L188: 0 | M188: 0 | N188: 2025 | O188: 2025-08
A189: Z102_02_082025_MASSENA.CSV | C189: MC#01 | D189: TRANSACTION | E189: FILE102 | F189: ZZ1 | G189: 0090 | H189: 45902 | I189: 17:20 | J189: 0038 | L189: 0 | M189: 0 | N189: 2025 | O189: 2025-08
A190: Z102_02_082025_MASSENA.CSV | C190: MC#01 | D190: TRANSACTION | E190: FILE102 | F190: ZZ1 | G190: 0090 | H190: 45902 | I190: 17:20 | J190: 0039 | L190: 0 | M190: 0 | N190: 2025 | O190: 2025-08
A191: Z102_02_082025_MASSENA.CSV | C191: MC#01 | D191: TRANSACTION | E191: FILE102 | F191: ZZ1 | G191: 0090 | H191: 45902 | I191: 17:20 | J191: 0040 | L191: 0 | M191: 0 | N191: 2025 | O191: 2025-08
...

Sheet TD_TotalNatureTransac
A1: AJ_ANNEE_Z | B1: AJ_MOIS_Z | C1: E_MODE | D1: D_DESIGNATION | E1: D_QUANTITE | F1: D_MONTANT
A2: 2025 | B2: 2025-01 | C2: Z | D2: CARTES | E2: =SUMIFS('Z2_CplteAnneeMois'!$L$2:$L$651,'Z2_CplteAnneeMois'!$O$2:$O$651,B2,'Z2_CplteAnneeMois'!$F$2:$F$651,C2,'Z2_CplteAnneeMois'!$K$2:$K$651,D2) | F2: =SUMIFS('Z2_CplteAnneeMois'!$M$2:$M$651,'Z2_CplteAnneeMois'!$O$2:$O$651,B2,'Z2_CplteAnneeMois'!$F$2:$F$651,C2,'Z2_CplteAnneeMois'!$K$2:$K$651,D2)
A3: 2025 | B3: 2025-01 | C3: Z | D3: CHEQUES | E3: =SUMIFS('Z2_CplteAnneeMois'!$L$2:$L$651,'Z2_CplteAnneeMois'!$O$2:$O$651,B3,'Z2_CplteAnneeMois'!$F$2:$F$651,C3,'Z2_CplteAnneeMois'!$K$2:$K$651,D3) | F3: =SUMIFS('Z2_CplteAnneeMois'!$M$2:$M$651,'Z2_CplteAnneeMois'!$O$2:$O$651,B3,'Z2_CplteAnneeMois'!$F$2:$F$651,C3,'Z2_CplteAnneeMois'!$K$2:$K$651,D3)
A4: 2025 | B4: 2025-01 | C4: Z | D4: CORRECTION | E4: =SUMIFS('Z2_CplteAnneeMois'!$L$2:$L$651,'Z2_CplteAnneeMois'!$O$2:$O$651,B4,'Z2_CplteAnneeMois'!$F$2:$F$651,C4,'Z2_CplteAnneeMois'!$K$2:$K$651,D4) | F4: =SUMIFS('Z2_CplteAnneeMois'!$M$2:$M$651,'Z2_CplteAnneeMois'!$O$2:$O$651,B4,'Z2_CplteAnneeMois'!$F$2:$F$651,C4,'Z2_CplteAnneeMois'!$K$2:$K$651,D4)
A5: 2025 | B5: 2025-01 | C5: Z | D5: ESPECES | E5: =SUMIFS('Z2_CplteAnneeMois'!$L$2:$L$651,'Z2_CplteAnneeMois'!$O$2:$O$651,B5,'Z2_CplteAnneeMois'!$F$2:$F$651,C5,'Z2_CplteAnneeMois'!$K$2:$K$651,D5) | F5: =SUMIFS('Z2_CplteAnneeMois'!$M$2:$M$651,'Z2_CplteAnneeMois'!$O$2:$O$651,B5,'Z2_CplteAnneeMois'!$F$2:$F$651,C5,'Z2_CplteAnneeMois'!$K$2:$K$651,D5)
A6: 2025 | B6: 2025-01 | C6: Z | D6: REF./TIROIR | E6: =SUMIFS('Z2_CplteAnneeMois'!$L$2:$L$651,'Z2_CplteAnneeMois'!$O$2:$O$651,B6,'Z2_CplteAnneeMois'!$F$2:$F$651,C6,'Z2_CplteAnneeMois'!$K$2:$K$651,D6) | F6: =SUMIFS('Z2_CplteAnneeMois'!$M$2:$M$651,'Z2_CplteAnneeMois'!$O$2:$O$651,B6,'Z2_CplteAnneeMois'!$F$2:$F$651,C6,'Z2_CplteAnneeMois'!$K$2:$K$651,D6)
A7: 2025 | B7: 2025-01 | C7: ZZ1 | D7: CARTES | E7: =SUMIFS('Z2_CplteAnneeMois'!$L$2:$L$651,'Z2_CplteAnneeMois'!$O$2:$O$651,B7,'Z2_CplteAnneeMois'!$F$2:$F$651,C7,'Z2_CplteAnneeMois'!$K$2:$K$651,D7) | F7: =SUMIFS('Z2_CplteAnneeMois'!$M$2:$M$651,'Z2_CplteAnneeMois'!$O$2:$O$651,B7,'Z2_CplteAnneeMois'!$F$2:$F$651,C7,'Z2_CplteAnneeMois'!$K$2:$K$651,D7)
A8: 2025 | B8: 2025-01 | C8: ZZ1 | D8: CHEQUES | E8: =SUMIFS('Z2_CplteAnneeMois'!$L$2:$L$651,'Z2_CplteAnneeMois'!$O$2:$O$651,B8,'Z2_CplteAnneeMois'!$F$2:$F$651,C8,'Z2_CplteAnneeMois'!$K$2:$K$651,D8) | F8: =SUMIFS('Z2_CplteAnneeMois'!$M$2:$M$651,'Z2_CplteAnneeMois'!$O$2:$O$651,B8,'Z2_CplteAnneeMois'!$F$2:$F$651,C8,'Z2_CplteAnneeMois'!$K$2:$K$651,D8)
A9: 2025 | B9: 2025-01 | C9: ZZ1 | D9: CORRECTION | E9: =SUMIFS('Z2_CplteAnneeMois'!$L$2:$L$651,'Z2_CplteAnneeMois'!$O$2:$O$651,B9,'Z2_CplteAnneeMois'!$F$2:$F$651,C9,'Z2_CplteAnneeMois'!$K$2:$K$651,D9) | F9: =SUMIFS('Z2_CplteAnneeMois'!$M$2:$M$651,'Z2_CplteAnneeMois'!$O$2:$O$651,B9,'Z2_CplteAnneeMois'!$F$2:$F$651,C9,'Z2_CplteAnneeMois'!$K$2:$K$651,D9)
A10: 2025 | B10: 2025-01 | C10: ZZ1 | D10: ESPECES | E10: =SUMIFS('Z2_CplteAnneeMois'!$L$2:$L$651,'Z2_CplteAnneeMois'!$O$2:$O$651,B10,'Z2_CplteAnneeMois'!$F$2:$F$651,C10,'Z2_CplteAnneeMois'!$K$2:$K$651,D10) | F10: =SUMIFS('Z2_CplteAnneeMois'!$M$2:$M$651,'Z2_CplteAnneeMois'!$O$2:$O$651,B10,'Z2_CplteAnneeMois'!$F$2:$F$651,C10,'Z2_CplteAnneeMois'!$K$2:$K$651,D10)
A11: 2025 | B11: 2025-01 | C11: ZZ1 | D11: REF./TIROIR | E11: =SUMIFS('Z2_CplteAnneeMois'!$L$2:$L$651,'Z2_CplteAnneeMois'!$O$2:$O$651,B11,'Z2_CplteAnneeMois'!$F$2:$F$651,C11,'Z2_CplteAnneeMois'!$K$2:$K$651,D11) | F11: =SUMIFS('Z2_CplteAnneeMois'!$M$2:$M$651,'Z2_CplteAnneeMois'!$O$2:$O$651,B11,'Z2_CplteAnneeMois'!$F$2:$F$651,C11,'Z2_CplteAnneeMois'!$K$2:$K$651,D11)
A12: 2025 | B12: 2025-01 | C12: ZZ2 | D12: CARTES | E12: =SUMIFS('Z2_CplteAnneeMois'!$L$2:$L$651,'Z2_CplteAnneeMois'!$O$2:$O$651,B12,'Z2_CplteAnneeMois'!$F$2:$F$651,C12,'Z2_CplteAnneeMois'!$K$2:$K$651,D12) | F12: =SUMIFS('Z2_CplteAnneeMois'!$M$2:$M$651,'Z2_CplteAnneeMois'!$O$2:$O$651,B12,'Z2_CplteAnneeMois'!$F$2:$F$651,C12,'Z2_CplteAnneeMois'!$K$2:$K$651,D12)
A13: 2025 | B13: 2025-01 | C13: ZZ2 | D13: CHEQUES | E13: =SUMIFS('Z2_CplteAnneeMois'!$L$2:$L$651,'Z2_CplteAnneeMois'!$O$2:$O$651,B13,'Z2_CplteAnneeMois'!$F$2:$F$651,C13,'Z2_CplteAnneeMois'!$K$2:$K$651,D13) | F13: =SUMIFS('Z2_CplteAnneeMois'!$M$2:$M$651,'Z2_CplteAnneeMois'!$O$2:$O$651,B13,'Z2_CplteAnneeMois'!$F$2:$F$651,C13,'Z2_CplteAnneeMois'!$K$2:$K$651,D13)
... A91: 2025 | B91: 2025-08 | C91: ZZ2 | D91: REF./TIROIR | E91: =SUMIFS('Z2_CplteAnneeMois'!$L$2:$L$651,'Z2_CplteAnneeMois'!$O$2:$O$651,B91,'Z2_CplteAnneeMois'!$F$2:$F$651,C91,'Z2_CplteAnneeMois'!$K$2:$K$651,D91) | F91: =SUMIFS('Z2_CplteAnneeMois'!$M$2:$M$651,'Z2_CplteAnneeMois'!$O$2:$O$651,B91,'Z2_CplteAnneeMois'!$F$2:$F$651,C91,'Z2_CplteAnneeMois'!$K$2:$K$651,D91)

Sheet Z2_Total_ModeZZ1
A1: AJ_ANNEE_Z | B1: AJ_MOIS_Z | C1: CARTES_D_QUANTITE | D1: CARTES_D_MONTANT | E1: CHEQUES_D_QUANTITE | F1: CHEQUES_D_MONTANT | G1: CORRECTION_D_QUANTITE | H1: CORRECTION_D_MONTANT | I1: ESPECES_D_QUANTITE | J1: ESPECES_D_MONTANT | K1: REF__TIROIR_D_QUANTITE | L1: REF__TIROIR_D_MONTANT
A2: 2025 | B2: 2025-01 | C2: =SUMIFS('TD_TotalNatureTransac'!$E$2:$E$91,'TD_TotalNatureTransac'!$B$2:$B$91,B2,'TD_TotalNatureTransac'!$C$2:$C$91,"ZZ1",'TD_TotalNatureTransac'!$D$2:$D$91,"CARTES") | D2: =SUMIFS('TD_TotalNatureTransac'!$F$2:$F$91,'TD_TotalNatureTransac'!$B$2:$B$91,B2,'TD_TotalNatureTransac'!$C$2:$C$91,"ZZ1",'TD_TotalNatureTransac'!$D$2:$D$91,"CARTES") | E2: =SUMIFS('TD_TotalNatureTransac'!$E$2:$E$91,'TD_TotalNatureTransac'!$B$2:$B$91,B2,'TD_TotalNatureTransac'!$C$2:$C$91,"ZZ1",'TD_TotalNatureTransac'!$D$2:$D$91,"CHEQUES") | F2: =SUMIFS('TD_TotalNatureTransac'!$F$2:$F$91,'TD_TotalNatureTransac'!$B$2:$B$91,B2,'TD_TotalNatureTransac'!$C$2:$C$91,"ZZ1",'TD_TotalNatureTransac'!$D$2:$D$91,"CHEQUES") | G2: =SUMIFS('TD_TotalNatureTransac'!$E$2:$E$91,'TD_TotalNatureTransac'!$B$2:$B$91,B2,'TD_TotalNatureTransac'!$C$2:$C$91,"ZZ1",'TD_TotalNatureTransac'!$D$2:$D$91,"CORRECTION") | H2: =SUMIFS('TD_TotalNatureTransac'!$F$2:$F$91,'TD_TotalNatureTransac'!$B$2:$B$91,B2,'TD_TotalNatureTransac'!$C$2:$C$91,"ZZ1",'TD_TotalNatureTransac'!$D$2:$D$91,"CORRECTION") | I2: =SUMIFS('TD_TotalNatureTransac'!$E$2:$E$91,'TD_TotalNatureTransac'!$B$2:$B$91,B2,'TD_TotalNatureTransac'!$C$2:$C$91,"ZZ1",'TD_TotalNatureTransac'!$D$2:$D$91,"ESPECES") | J2: =SUMIFS('TD_TotalNatureTransac'!$F$2:$F$91,'TD_TotalNatureTransac'!$B$2:$B$91,B2,'TD_TotalNatureTransac'!$C$2:$C$91,"ZZ1",'TD_TotalNatureTransac'!$D$2:$D$91,"ESPECES") | K2: =SUMIFS('TD_TotalNatureTransac'!$E$2:$E$91,'TD_TotalNatureTransac'!$B$2:$B$91,B2,'TD_TotalNatureTransac'!$C$2:$C$91,"ZZ1",'TD_TotalNatureTransac'!$D$2:$D$91,"REF./TIROIR") | L2: =SUMIFS('TD_TotalNatureTransac'!$F$2:$F$91,'TD_TotalNatureTransac'!$B$2:$B$91,B2,'TD_TotalNatureTransac'!$C$2:$C$91,"ZZ1",'TD_TotalNatureTransac'!$D$2:$D$91,"REF./TIROIR")
A3: 2025 | B3: 2025-02 | C3: =SUMIFS('TD_TotalNatureTransac'!$E$2:$E$91,'TD_TotalNatureTransac'!$B$2:$B$91,B3,'TD_TotalNatureTransac'!$C$2:$C$91,"ZZ1",'TD_TotalNatureTransac'!$D$2:$D$91,"CARTES") | D3: =SUMIFS('TD_TotalNatureTransac'!$F$2:$F$91,'TD_TotalNatureTransac'!$B$2:$B$91,B3,'TD_TotalNatureTransac'!$C$2:$C$91,"ZZ1",'TD_TotalNatureTransac'!$D$2:$D$91,"CARTES") | E3: =SUMIFS('TD_TotalNatureTransac'!$E$2:$E$91,'TD_TotalNatureTransac'!$B$2:$B$91,B3,'TD_TotalNatureTransac'!$C$2:$C$91,"ZZ1",'TD_TotalNatureTransac'!$D$2:$D$91,"CHEQUES") | F3: =SUMIFS('TD_TotalNatureTransac'!$F$2:$F$91,'TD_TotalNatureTransac'!$B$2:$B$91,B3,'TD_TotalNatureTransac'!$C$2:$C$91,"ZZ1",'TD_TotalNatureTransac'!$D$2:$D$91,"CHEQUES") | G3: =SUMIFS('TD_TotalNatureTransac'!$E$2:$E$91,'TD_TotalNatureTransac'!$B$2:$B$91,B3,'TD_TotalNatureTransac'!$C$2:$C$91,"ZZ1",'TD_TotalNatureTransac'!$D$2:$D$91,"CORRECTION") | H3: =SUMIFS('TD_TotalNatureTransac'!$F$2:$F$91,'TD_TotalNatureTransac'!$B$2:$B$91,B3,'TD_TotalNatureTransac'!$C$2:$C$91,"ZZ1",'TD_TotalNatureTransac'!$D$2:$D$91,"CORRECTION") | I3: =SUMIFS('TD_TotalNatureTransac'!$E$2:$E$91,'TD_TotalNatureTransac'!$B$2:$B$91,B3,'TD_TotalNatureTransac'!$C$2:$C$91,"ZZ1",'TD_TotalNatureTransac'!$D$2:$D$91,"ESPECES") | J3: =SUMIFS('TD_TotalNatureTransac'!$F$2:$F$91,'TD_TotalNatureTransac'!$B$2:$B$91,B3,'TD_TotalNatureTransac'!$C$2:$C$91,"ZZ1",'TD_TotalNatureTransac'!$D$2:$D$91,"ESPECES") | K3: =SUMIFS('TD_TotalNatureTransac'!$E$2:$E$91,'TD_TotalNatureTransac'!$B$2:$B$91,B3,'TD_TotalNatureTransac'!$C$2:$C$91,"ZZ1",'TD_TotalNatureTransac'!$D$2:$D$91,"REF./TIROIR") | L3: =SUMIFS('TD_TotalNatureTransac'!$F$2:$F$91,'TD_TotalNatureTransac'!$B$2:$B$91,B3,'TD_TotalNatureTransac'!$C$2:$C$91,"ZZ1",'TD_TotalNatureTransac'!$D$2:$D$91,"REF./TIROIR")
A4: 2025 | B4: 2025-03 | C4: =SUMIFS('TD_TotalNatureTransac'!$E$2:$E$91,'TD_TotalNatureTransac'!$B$2:$B$91,B4,'TD_TotalNatureTransac'!$C$2:$C$91,"ZZ1",'TD_TotalNatureTransac'!$D$2:$D$91,"CARTES") | D4: =SUMIFS('TD_TotalNatureTransac'!$F$2:$F$91,'TD_TotalNatureTransac'!$B$2:$B$91,B4,'TD_TotalNatureTransac'!$C$2:$C$91,"ZZ1",'TD_TotalNatureTransac'!$D$2:$D$91,"CARTES") | E4: =SUMIFS('TD_TotalNatureTransac'!$E$2:$E$91,'TD_TotalNatureTransac'!$B$2:$B$91,B4,'TD_TotalNatureTransac'!$C$2:$C$91,"ZZ1",'TD_TotalNatureTransac'!$D$2:$D$91,"CHEQUES") | F4: =SUMIFS('TD_TotalNatureTransac'!$F$2:$F$91,'TD_TotalNatureTransac'!$B$2:$B$91,B4,'TD_TotalNatureTransac'!$C$2:$C$91,"ZZ1",'TD_TotalNatureTransac'!$D$2:$D$91,"CHEQUES") | G4: =SUMIFS('TD_TotalNatureTransac'!$E$2:$E$91,'TD_TotalNatureTransac'!$B$2:$B$91,B4,'TD_TotalNatureTransac'!$C$2:$C$91,"ZZ1",'TD_TotalNatureTransac'!$D$2:$D$91,"CORRECTION") | H4: =SUMIFS('TD_TotalNatureTransac'!$F$2:$F$91,'TD_TotalNatureTransac'!$B$2:$B$91,B4,'TD_TotalNatureTransac'!$C$2:$C$91,"ZZ1",'TD_TotalNatureTransac'!$D$2:$D$91,"CORRECTION") | I4: =SUMIFS('TD_TotalNatureTransac'!$E$2:$E$91,'TD_TotalNatureTransac'!$B$2:$B$91,B4,'TD_TotalNatureTransac'!$C$2:$C$91,"ZZ1",'TD_TotalNatureTransac'!$D$2:$D$91,"ESPECES") | J4: =SUMIFS('TD_TotalNatureTransac'!$F$2:$F$91,'TD_TotalNatureTransac'!$B$2:$B$91,B4,'TD_TotalNatureTransac'!$C$2:$C$91,"ZZ1",'TD_TotalNatureTransac'!$D$2:$D$91,"ESPECES") | K4: =SUMIFS('TD_TotalNatureTransac'!$E$2:$E$91,'TD_TotalNatureTransac'!$B$2:$B$91,B4,'TD_TotalNatureTransac'!$C$2:$C$91,"ZZ1",'TD_TotalNatureTransac'!$D$2:$D$91,"REF./TIROIR") | L4: =SUMIFS('TD_TotalNatureTransac'!$F$2:$F$91,'TD_TotalNatureTransac'!$B$2:$B$91,B4,'TD_TotalNatureTransac'!$C$2:$C$91,"ZZ1",'TD_TotalNatureTransac'!$D$2:$D$91,"REF./TIROIR")
A5: 2025 | B5: 2025-04|2025-05|2025-06 | C5: =SUMIFS('TD_TotalNatureTransac'!$E$2:$E$91,'TD_TotalNatureTransac'!$B$2:$B$91,B5,'TD_TotalNatureTransac'!$C$2:$C$91,"ZZ1",'TD_TotalNatureTransac'!$D$2:$D$91,"CARTES") | D5: =SUMIFS('TD_TotalNatureTransac'!$F$2:$F$91,'TD_TotalNatureTransac'!$B$2:$B$91,B5,'TD_TotalNatureTransac'!$C$2:$C$91,"ZZ1",'TD_TotalNatureTransac'!$D$2:$D$91,"CARTES") | E5: =SUMIFS('TD_TotalNatureTransac'!$E$2:$E$91,'TD_TotalNatureTransac'!$B$2:$B$91,B5,'TD_TotalNatureTransac'!$C$2:$C$91,"ZZ1",'TD_TotalNatureTransac'!$D$2:$D$91,"CHEQUES") | F5: =SUMIFS('TD_TotalNatureTransac'!$F$2:$F$91,'TD_TotalNatureTransac'!$B$2:$B$91,B5,'TD_TotalNatureTransac'!$C$2:$C$91,"ZZ1",'TD_TotalNatureTransac'!$D$2:$D$91,"CHEQUES") | G5: =SUMIFS('TD_TotalNatureTransac'!$E$2:$E$91,'TD_TotalNatureTransac'!$B$2:$B$91,B5,'TD_TotalNatureTransac'!$C$2:$C$91,"ZZ1",'TD_TotalNatureTransac'!$D$2:$D$91,"CORRECTION") | H5: =SUMIFS('TD_TotalNatureTransac'!$F$2:$F$91,'TD_TotalNatureTransac'!$B$2:$B$91,B5,'TD_TotalNatureTransac'!$C$2:$C$91,"ZZ1",'TD_TotalNatureTransac'!$D$2:$D$91,"CORRECTION") | I5: =SUMIFS('TD_TotalNatureTransac'!$E$2:$E$91,'TD_TotalNatureTransac'!$B$2:$B$91,B5,'TD_TotalNatureTransac'!$C$2:$C$91,"ZZ1",'TD_TotalNatureTransac'!$D$2:$D$91,"ESPECES") | J5: =SUMIFS('TD_TotalNatureTransac'!$F$2:$F$91,'TD_TotalNatureTransac'!$B$2:$B$91,B5,'TD_TotalNatureTransac'!$C$2:$C$91,"ZZ1",'TD_TotalNatureTransac'!$D$2:$D$91,"ESPECES") | K5: =SUMIFS('TD_TotalNatureTransac'!$E$2:$E$91,'TD_TotalNatureTransac'!$B$2:$B$91,B5,'TD_TotalNatureTransac'!$C$2:$C$91,"ZZ1",'TD_TotalNatureTransac'!$D$2:$D$91,"REF./TIROIR") | L5: =SUMIFS('TD_TotalNatureTransac'!$F$2:$F$91,'TD_TotalNatureTransac'!$B$2:$B$91,B5,'TD_TotalNatureTransac'!$C$2:$C$91,"ZZ1",'TD_TotalNatureTransac'!$D$2:$D$91,"REF./TIROIR")
A6: 2025 | B6: 2025-07 | C6: =SUMIFS('TD_TotalNatureTransac'!$E$2:$E$91,'TD_TotalNatureTransac'!$B$2:$B$91,B6,'TD_TotalNatureTransac'!$C$2:$C$91,"ZZ1",'TD_TotalNatureTransac'!$D$2:$D$91,"CARTES") | D6: =SUMIFS('TD_TotalNatureTransac'!$F$2:$F$91,'TD_TotalNatureTransac'!$B$2:$B$91,B6,'TD_TotalNatureTransac'!$C$2:$C$91,"ZZ1",'TD_TotalNatureTransac'!$D$2:$D$91,"CARTES") | E6: =SUMIFS('TD_TotalNatureTransac'!$E$2:$E$91,'TD_TotalNatureTransac'!$B$2:$B$91,B6,'TD_TotalNatureTransac'!$C$2:$C$91,"ZZ1",'TD_TotalNatureTransac'!$D$2:$D$91,"CHEQUES") | F6: =SUMIFS('TD_TotalNatureTransac'!$F$2:$F$91,'TD_TotalNatureTransac'!$B$2:$B$91,B6,'TD_TotalNatureTransac'!$C$2:$C$91,"ZZ1",'TD_TotalNatureTransac'!$D$2:$D$91,"CHEQUES") | G6: =SUMIFS('TD_TotalNatureTransac'!$E$2:$E$91,'TD_TotalNatureTransac'!$B$2:$B$91,B6,'TD_TotalNatureTransac'!$C$2:$C$91,"ZZ1",'TD_TotalNatureTransac'!$D$2:$D$91,"CORRECTION") | H6: =SUMIFS('TD_TotalNatureTransac'!$F$2:$F$91,'TD_TotalNatureTransac'!$B$2:$B$91,B6,'TD_TotalNatureTransac'!$C$2:$C$91,"ZZ1",'TD_TotalNatureTransac'!$D$2:$D$91,"CORRECTION") | I6: =SUMIFS('TD_TotalNatureTransac'!$E$2:$E$91,'TD_TotalNatureTransac'!$B$2:$B$91,B6,'TD_TotalNatureTransac'!$C$2:$C$91,"ZZ1",'TD_TotalNatureTransac'!$D$2:$D$91,"ESPECES") | J6: =SUMIFS('TD_TotalNatureTransac'!$F$2:$F$91,'TD_TotalNatureTransac'!$B$2:$B$91,B6,'TD_TotalNatureTransac'!$C$2:$C$91,"ZZ1",'TD_TotalNatureTransac'!$D$2:$D$91,"ESPECES") | K6: =SUMIFS('TD_TotalNatureTransac'!$E$2:$E$91,'TD_TotalNatureTransac'!$B$2:$B$91,B6,'TD_TotalNatureTransac'!$C$2:$C$91,"ZZ1",'TD_TotalNatureTransac'!$D$2:$D$91,"REF./TIROIR") | L6: =SUMIFS('TD_TotalNatureTransac'!$F$2:$F$91,'TD_TotalNatureTransac'!$B$2:$B$91,B6,'TD_TotalNatureTransac'!$C$2:$C$91,"ZZ1",'TD_TotalNatureTransac'!$D$2:$D$91,"REF./TIROIR")
A7: 2025 | B7: 2025-08 | C7: =SUMIFS('TD_TotalNatureTransac'!$E$2:$E$91,'TD_TotalNatureTransac'!$B$2:$B$91,B7,'TD_TotalNatureTransac'!$C$2:$C$91,"ZZ1",'TD_TotalNatureTransac'!$D$2:$D$91,"CARTES") | D7: =SUMIFS('TD_TotalNatureTransac'!$F$2:$F$91,'TD_TotalNatureTransac'!$B$2:$B$91,B7,'TD_TotalNatureTransac'!$C$2:$C$91,"ZZ1",'TD_TotalNatureTransac'!$D$2:$D$91,"CARTES") | E7: =SUMIFS('TD_TotalNatureTransac'!$E$2:$E$91,'TD_TotalNatureTransac'!$B$2:$B$91,B7,'TD_TotalNatureTransac'!$C$2:$C$91,"ZZ1",'TD_TotalNatureTransac'!$D$2:$D$91,"CHEQUES") | F7: =SUMIFS('TD_TotalNatureTransac'!$F$2:$F$91,'TD_TotalNatureTransac'!$B$2:$B$91,B7,'TD_TotalNatureTransac'!$C$2:$C$91,"ZZ1",'TD_TotalNatureTransac'!$D$2:$D$91,"CHEQUES") | G7: =SUMIFS('TD_TotalNatureTransac'!$E$2:$E$91,'TD_TotalNatureTransac'!$B$2:$B$91,B7,'TD_TotalNatureTransac'!$C$2:$C$91,"ZZ1",'TD_TotalNatureTransac'!$D$2:$D$91,"CORRECTION") | H7: =SUMIFS('TD_TotalNatureTransac'!$F$2:$F$91,'TD_TotalNatureTransac'!$B$2:$B$91,B7,'TD_TotalNatureTransac'!$C$2:$C$91,"ZZ1",'TD_TotalNatureTransac'!$D$2:$D$91,"CORRECTION") | I7: =SUMIFS('TD_TotalNatureTransac'!$E$2:$E$91,'TD_TotalNatureTransac'!$B$2:$B$91,B7,'TD_TotalNatureTransac'!$C$2:$C$91,"ZZ1",'TD_TotalNatureTransac'!$D$2:$D$91,"ESPECES") | J7: =SUMIFS('TD_TotalNatureTransac'!$F$2:$F$91,'TD_TotalNatureTransac'!$B$2:$B$91,B7,'TD_TotalNatureTransac'!$C$2:$C$91,"ZZ1",'TD_TotalNatureTransac'!$D$2:$D$91,"ESPECES") | K7: =SUMIFS('TD_TotalNatureTransac'!$E$2:$E$91,'TD_TotalNatureTransac'!$B$2:$B$91,B7,'TD_TotalNatureTransac'!$C$2:$C$91,"ZZ1",'TD_TotalNatureTransac'!$D$2:$D$91,"REF./TIROIR") | L7: =SUMIFS('TD_TotalNatureTransac'!$F$2:$F$91,'TD_TotalNatureTransac'!$B$2:$B$91,B7,'TD_TotalNatureTransac'!$C$2:$C$91,"ZZ1",'TD_TotalNatureTransac'!$D$2:$D$91,"REF./TIROIR")

Sheet Z2_Total_ModeZZ2
A1: AJ_ANNEE_Z | B1: AJ_MOIS_Z | C1: CARTES_D_QUANTITE | D1: CARTES_D_MONTANT | E1: CHEQUES_D_QUANTITE | F1: CHEQUES_D_MONTANT | G1: CORRECTION_D_QUANTITE | H1: CORRECTION_D_MONTANT | I1: ESPECES_D_QUANTITE | J1: ESPECES_D_MONTANT | K1: REF__TIROIR_D_QUANTITE | L1: REF__TIROIR_D_MONTANT
A2: 2025 | B2: 2025-01 | C2: =SUMIFS('TD_TotalNatureTransac'!$E$2:$E$91,'TD_TotalNatureTransac'!$B$2:$B$91,B2,'TD_TotalNatureTransac'!$C$2:$C$91,"ZZ2",'TD_TotalNatureTransac'!$D$2:$D$91,"CARTES") | D2: =SUMIFS('TD_TotalNatureTransac'!$F$2:$F$91,'TD_TotalNatureTransac'!$B$2:$B$91,B2,'TD_TotalNatureTransac'!$C$2:$C$91,"ZZ2",'TD_TotalNatureTransac'!$D$2:$D$91,"CARTES") | E2: =SUMIFS('TD_TotalNatureTransac'!$E$2:$E$91,'TD_TotalNatureTransac'!$B$2:$B$91,B2,'TD_TotalNatureTransac'!$C$2:$C$91,"ZZ2",'TD_TotalNatureTransac'!$D$2:$D$91,"CHEQUES") | F2: =SUMIFS('TD_TotalNatureTransac'!$F$2:$F$91,'TD_TotalNatureTransac'!$B$2:$B$91,B2,'TD_TotalNatureTransac'!$C$2:$C$91,"ZZ2",'TD_TotalNatureTransac'!$D$2:$D$91,"CHEQUES") | G2: =SUMIFS('TD_TotalNatureTransac'!$E$2:$E$91,'TD_TotalNatureTransac'!$B$2:$B$91,B2,'TD_TotalNatureTransac'!$C$2:$C$91,"ZZ2",'TD_TotalNatureTransac'!$D$2:$D$91,"CORRECTION") | H2: =SUMIFS('TD_TotalNatureTransac'!$F$2:$F$91,'TD_TotalNatureTransac'!$B$2:$B$91,B2,'TD_TotalNatureTransac'!$C$2:$C$91,"ZZ2",'TD_TotalNatureTransac'!$D$2:$D$91,"CORRECTION") | I2: =SUMIFS('TD_TotalNatureTransac'!$E$2:$E$91,'TD_TotalNatureTransac'!$B$2:$B$91,B2,'TD_TotalNatureTransac'!$C$2:$C$91,"ZZ2",'TD_TotalNatureTransac'!$D$2:$D$91,"ESPECES") | J2: =SUMIFS('TD_TotalNatureTransac'!$F$2:$F$91,'TD_TotalNatureTransac'!$B$2:$B$91,B2,'TD_TotalNatureTransac'!$C$2:$C$91,"ZZ2",'TD_TotalNatureTransac'!$D$2:$D$91,"ESPECES") | K2: =SUMIFS('TD_TotalNatureTransac'!$E$2:$E$91,'TD_TotalNatureTransac'!$B$2:$B$91,B2,'TD_TotalNatureTransac'!$C$2:$C$91,"ZZ2",'TD_TotalNatureTransac'!$D$2:$D$91,"REF./TIROIR") | L2: =SUMIFS('TD_TotalNatureTransac'!$F$2:$F$91,'TD_TotalNatureTransac'!$B$2:$B$91,B2,'TD_TotalNatureTransac'!$C$2:$C$91,"ZZ2",'TD_TotalNatureTransac'!$D$2:$D$91,"REF./TIROIR")
A3: 2025 | B3: 2025-02 | C3: =SUMIFS('TD_TotalNatureTransac'!$E$2:$E$91,'TD_TotalNatureTransac'!$B$2:$B$91,B3,'TD_TotalNatureTransac'!$C$2:$C$91,"ZZ2",'TD_TotalNatureTransac'!$D$2:$D$91,"CARTES") | D3: =SUMIFS('TD_TotalNatureTransac'!$F$2:$F$91,'TD_TotalNatureTransac'!$B$2:$B$91,B3,'TD_TotalNatureTransac'!$C$2:$C$91,"ZZ2",'TD_TotalNatureTransac'!$D$2:$D$91,"CARTES") | E3: =SUMIFS('TD_TotalNatureTransac'!$E$2:$E$91,'TD_TotalNatureTransac'!$B$2:$B$91,B3,'TD_TotalNatureTransac'!$C$2:$C$91,"ZZ2",'TD_TotalNatureTransac'!$D$2:$D$91,"CHEQUES") | F3: =SUMIFS('TD_TotalNatureTransac'!$F$2:$F$91,'TD_TotalNatureTransac'!$B$2:$B$91,B3,'TD_TotalNatureTransac'!$C$2:$C$91,"ZZ2",'TD_TotalNatureTransac'!$D$2:$D$91,"CHEQUES") | G3: =SUMIFS('TD_TotalNatureTransac'!$E$2:$E$91,'TD_TotalNatureTransac'!$B$2:$B$91,B3,'TD_TotalNatureTransac'!$C$2:$C$91,"ZZ2",'TD_TotalNatureTransac'!$D$2:$D$91,"CORRECTION") | H3: =SUMIFS('TD_TotalNatureTransac'!$F$2:$F$91,'TD_TotalNatureTransac'!$B$2:$B$91,B3,'TD_TotalNatureTransac'!$C$2:$C$91,"ZZ2",'TD_TotalNatureTransac'!$D$2:$D$91,"CORRECTION") | I3: =SUMIFS('TD_TotalNatureTransac'!$E$2:$E$91,'TD_TotalNatureTransac'!$B$2:$B$91,B3,'TD_TotalNatureTransac'!$C$2:$C$91,"ZZ2",'TD_TotalNatureTransac'!$D$2:$D$91,"ESPECES") | J3: =SUMIFS('TD_TotalNatureTransac'!$F$2:$F$91,'TD_TotalNatureTransac'!$B$2:$B$91,B3,'TD_TotalNatureTransac'!$C$2:$C$91,"ZZ2",'TD_TotalNatureTransac'!$D$2:$D$91,"ESPECES") | K3: =SUMIFS('TD_TotalNatureTransac'!$E$2:$E$91,'TD_TotalNatureTransac'!$B$2:$B$91,B3,'TD_TotalNatureTransac'!$C$2:$C$91,"ZZ2",'TD_TotalNatureTransac'!$D$2:$D$91,"REF./TIROIR") | L3: =SUMIFS('TD_TotalNatureTransac'!$F$2:$F$91,'TD_TotalNatureTransac'!$B$2:$B$91,B3,'TD_TotalNatureTransac'!$C$2:$C$91,"ZZ2",'TD_TotalNatureTransac'!$D$2:$D$91,"REF./TIROIR")
A4: 2025 | B4: 2025-03 | C4: =SUMIFS('TD_TotalNatureTransac'!$E$2:$E$91,'TD_TotalNatureTransac'!$B$2:$B$91,B4,'TD_TotalNatureTransac'!$C$2:$C$91,"ZZ2",'TD_TotalNatureTransac'!$D$2:$D$91,"CARTES") | D4: =SUMIFS('TD_TotalNatureTransac'!$F$2:$F$91,'TD_TotalNatureTransac'!$B$2:$B$91,B4,'TD_TotalNatureTransac'!$C$2:$C$91,"ZZ2",'TD_TotalNatureTransac'!$D$2:$D$91,"CARTES") | E4: =SUMIFS('TD_TotalNatureTransac'!$E$2:$E$91,'TD_TotalNatureTransac'!$B$2:$B$91,B4,'TD_TotalNatureTransac'!$C$2:$C$91,"ZZ2",'TD_TotalNatureTransac'!$D$2:$D$91,"CHEQUES") | F4: =SUMIFS('TD_TotalNatureTransac'!$F$2:$F$91,'TD_TotalNatureTransac'!$B$2:$B$91,B4,'TD_TotalNatureTransac'!$C$2:$C$91,"ZZ2",'TD_TotalNatureTransac'!$D$2:$D$91,"CHEQUES") | G4: =SUMIFS('TD_TotalNatureTransac'!$E$2:$E$91,'TD_TotalNatureTransac'!$B$2:$B$91,B4,'TD_TotalNatureTransac'!$C$2:$C$91,"ZZ2",'TD_TotalNatureTransac'!$D$2:$D$91,"CORRECTION") | H4: =SUMIFS('TD_TotalNatureTransac'!$F$2:$F$91,'TD_TotalNatureTransac'!$B$2:$B$91,B4,'TD_TotalNatureTransac'!$C$2:$C$91,"ZZ2",'TD_TotalNatureTransac'!$D$2:$D$91,"CORRECTION") | I4: =SUMIFS('TD_TotalNatureTransac'!$E$2:$E$91,'TD_TotalNatureTransac'!$B$2:$B$91,B4,'TD_TotalNatureTransac'!$C$2:$C$91,"ZZ2",'TD_TotalNatureTransac'!$D$2:$D$91,"ESPECES") | J4: =SUMIFS('TD_TotalNatureTransac'!$F$2:$F$91,'TD_TotalNatureTransac'!$B$2:$B$91,B4,'TD_TotalNatureTransac'!$C$2:$C$91,"ZZ2",'TD_TotalNatureTransac'!$D$2:$D$91,"ESPECES") | K4: =SUMIFS('TD_TotalNatureTransac'!$E$2:$E$91,'TD_TotalNatureTransac'!$B$2:$B$91,B4,'TD_TotalNatureTransac'!$C$2:$C$91,"ZZ2",'TD_TotalNatureTransac'!$D$2:$D$91,"REF./TIROIR") | L4: =SUMIFS('TD_TotalNatureTransac'!$F$2:$F$91,'TD_TotalNatureTransac'!$B$2:$B$91,B4,'TD_TotalNatureTransac'!$C$2:$C$91,"ZZ2",'TD_TotalNatureTransac'!$D$2:$D$91,"REF./TIROIR")
A5: 2025 | B5: 2025-04|2025-05|2025-06 | C5: =SUMIFS('TD_TotalNatureTransac'!$E$2:$E$91,'TD_TotalNatureTransac'!$B$2:$B$91,B5,'TD_TotalNatureTransac'!$C$2:$C$91,"ZZ2",'TD_TotalNatureTransac'!$D$2:$D$91,"CARTES") | D5: =SUMIFS('TD_TotalNatureTransac'!$F$2:$F$91,'TD_TotalNatureTransac'!$B$2:$B$91,B5,'TD_TotalNatureTransac'!$C$2:$C$91,"ZZ2",'TD_TotalNatureTransac'!$D$2:$D$91,"CARTES") | E5: =SUMIFS('TD_TotalNatureTransac'!$E$2:$E$91,'TD_TotalNatureTransac'!$B$2:$B$91,B5,'TD_TotalNatureTransac'!$C$2:$C$91,"ZZ2",'TD_TotalNatureTransac'!$D$2:$D$91,"CHEQUES") | F5: =SUMIFS('TD_TotalNatureTransac'!$F$2:$F$91,'TD_TotalNatureTransac'!$B$2:$B$91,B5,'TD_TotalNatureTransac'!$C$2:$C$91,"ZZ2",'TD_TotalNatureTransac'!$D$2:$D$91,"CHEQUES") | G5: =SUMIFS('TD_TotalNatureTransac'!$E$2:$E$91,'TD_TotalNatureTransac'!$B$2:$B$91,B5,'TD_TotalNatureTransac'!$C$2:$C$91,"ZZ2",'TD_TotalNatureTransac'!$D$2:$D$91,"CORRECTION") | H5: =SUMIFS('TD_TotalNatureTransac'!$F$2:$F$91,'TD_TotalNatureTransac'!$B$2:$B$91,B5,'TD_TotalNatureTransac'!$C$2:$C$91,"ZZ2",'TD_TotalNatureTransac'!$D$2:$D$91,"CORRECTION") | I5: =SUMIFS('TD_TotalNatureTransac'!$E$2:$E$91,'TD_TotalNatureTransac'!$B$2:$B$91,B5,'TD_TotalNatureTransac'!$C$2:$C$91,"ZZ2",'TD_TotalNatureTransac'!$D$2:$D$91,"ESPECES") | J5: =SUMIFS('TD_TotalNatureTransac'!$F$2:$F$91,'TD_TotalNatureTransac'!$B$2:$B$91,B5,'TD_TotalNatureTransac'!$C$2:$C$91,"ZZ2",'TD_TotalNatureTransac'!$D$2:$D$91,"ESPECES") | K5: =SUMIFS('TD_TotalNatureTransac'!$E$2:$E$91,'TD_TotalNatureTransac'!$B$2:$B$91,B5,'TD_TotalNatureTransac'!$C$2:$C$91,"ZZ2",'TD_TotalNatureTransac'!$D$2:$D$91,"REF./TIROIR") | L5: =SUMIFS('TD_TotalNatureTransac'!$F$2:$F$91,'TD_TotalNatureTransac'!$B$2:$B$91,B5,'TD_TotalNatureTransac'!$C$2:$C$91,"ZZ2",'TD_TotalNatureTransac'!$D$2:$D$91,"REF./TIROIR")
A6: 2025 | B6: 2025-07 | C6: =SUMIFS('TD_TotalNatureTransac'!$E$2:$E$91,'TD_TotalNatureTransac'!$B$2:$B$91,B6,'TD_TotalNatureTransac'!$C$2:$C$91,"ZZ2",'TD_TotalNatureTransac'!$D$2:$D$91,"CARTES") | D6: =SUMIFS('TD_TotalNatureTransac'!$F$2:$F$91,'TD_TotalNatureTransac'!$B$2:$B$91,B6,'TD_TotalNatureTransac'!$C$2:$C$91,"ZZ2",'TD_TotalNatureTransac'!$D$2:$D$91,"CARTES") | E6: =SUMIFS('TD_TotalNatureTransac'!$E$2:$E$91,'TD_TotalNatureTransac'!$B$2:$B$91,B6,'TD_TotalNatureTransac'!$C$2:$C$91,"ZZ2",'TD_TotalNatureTransac'!$D$2:$D$91,"CHEQUES") | F6: =SUMIFS('TD_TotalNatureTransac'!$F$2:$F$91,'TD_TotalNatureTransac'!$B$2:$B$91,B6,'TD_TotalNatureTransac'!$C$2:$C$91,"ZZ2",'TD_TotalNatureTransac'!$D$2:$D$91,"CHEQUES") | G6: =SUMIFS('TD_TotalNatureTransac'!$E$2:$E$91,'TD_TotalNatureTransac'!$B$2:$B$91,B6,'TD_TotalNatureTransac'!$C$2:$C$91,"ZZ2",'TD_TotalNatureTransac'!$D$2:$D$91,"CORRECTION") | H6: =SUMIFS('TD_TotalNatureTransac'!$F$2:$F$91,'TD_TotalNatureTransac'!$B$2:$B$91,B6,'TD_TotalNatureTransac'!$C$2:$C$91,"ZZ2",'TD_TotalNatureTransac'!$D$2:$D$91,"CORRECTION") | I6: =SUMIFS('TD_TotalNatureTransac'!$E$2:$E$91,'TD_TotalNatureTransac'!$B$2:$B$91,B6,'TD_TotalNatureTransac'!$C$2:$C$91,"ZZ2",'TD_TotalNatureTransac'!$D$2:$D$91,"ESPECES") | J6: =SUMIFS('TD_TotalNatureTransac'!$F$2:$F$91,'TD_TotalNatureTransac'!$B$2:$B$91,B6,'TD_TotalNatureTransac'!$C$2:$C$91,"ZZ2",'TD_TotalNatureTransac'!$D$2:$D$91,"ESPECES") | K6: =SUMIFS('TD_TotalNatureTransac'!$E$2:$E$91,'TD_TotalNatureTransac'!$B$2:$B$91,B6,'TD_TotalNatureTransac'!$C$2:$C$91,"ZZ2",'TD_TotalNatureTransac'!$D$2:$D$91,"REF./TIROIR") | L6: =SUMIFS('TD_TotalNatureTransac'!$F$2:$F$91,'TD_TotalNatureTransac'!$B$2:$B$91,B6,'TD_TotalNatureTransac'!$C$2:$C$91,"ZZ2",'TD_TotalNatureTransac'!$D$2:$D$91,"REF./TIROIR")
A7: 2025 | B7: 2025-08 | C7: =SUMIFS('TD_TotalNatureTransac'!$E$2:$E$91,'TD_TotalNatureTransac'!$B$2:$B$91,B7,'TD_TotalNatureTransac'!$C$2:$C$91,"ZZ2",'TD_TotalNatureTransac'!$D$2:$D$91,"CARTES") | D7: =SUMIFS('TD_TotalNatureTransac'!$F$2:$F$91,'TD_TotalNatureTransac'!$B$2:$B$91,B7,'TD_TotalNatureTransac'!$C$2:$C$91,"ZZ2",'TD_TotalNatureTransac'!$D$2:$D$91,"CARTES") | E7: =SUMIFS('TD_TotalNatureTransac'!$E$2:$E$91,'TD_TotalNatureTransac'!$B$2:$B$91,B7,'TD_TotalNatureTransac'!$C$2:$C$91,"ZZ2",'TD_TotalNatureTransac'!$D$2:$D$91,"CHEQUES") | F7: =SUMIFS('TD_TotalNatureTransac'!$F$2:$F$91,'TD_TotalNatureTransac'!$B$2:$B$91,B7,'TD_TotalNatureTransac'!$C$2:$C$91,"ZZ2",'TD_TotalNatureTransac'!$D$2:$D$91,"CHEQUES") | G7: =SUMIFS('TD_TotalNatureTransac'!$E$2:$E$91,'TD_TotalNatureTransac'!$B$2:$B$91,B7,'TD_TotalNatureTransac'!$C$2:$C$91,"ZZ2",'TD_TotalNatureTransac'!$D$2:$D$91,"CORRECTION") | H7: =SUMIFS('TD_TotalNatureTransac'!$F$2:$F$91,'TD_TotalNatureTransac'!$B$2:$B$91,B7,'TD_TotalNatureTransac'!$C$2:$C$91,"ZZ2",'TD_TotalNatureTransac'!$D$2:$D$91,"CORRECTION") | I7: =SUMIFS('TD_TotalNatureTransac'!$E$2:$E$91,'TD_TotalNatureTransac'!$B$2:$B$91,B7,'TD_TotalNatureTransac'!$C$2:$C$91,"ZZ2",'TD_TotalNatureTransac'!$D$2:$D$91,"ESPECES") | J7: =SUMIFS('TD_TotalNatureTransac'!$F$2:$F$91,'TD_TotalNatureTransac'!$B$2:$B$91,B7,'TD_TotalNatureTransac'!$C$2:$C$91,"ZZ2",'TD_TotalNatureTransac'!$D$2:$D$91,"ESPECES") | K7: =SUMIFS('TD_TotalNatureTransac'!$E$2:$E$91,'TD_TotalNatureTransac'!$B$2:$B$91,B7,'TD_TotalNatureTransac'!$C$2:$C$91,"ZZ2",'TD_TotalNatureTransac'!$D$2:$D$91,"REF./TIROIR") | L7: =SUMIFS('TD_TotalNatureTransac'!$F$2:$F$91,'TD_TotalNatureTransac'!$B$2:$B$91,B7,'TD_TotalNatureTransac'!$C$2:$C$91,"ZZ2",'TD_TotalNatureTransac'!$D$2:$D$91,"REF./TIROIR")

Sheet Z2_Total_ModeZ
A1: AJ_ANNEE_Z | B1: AJ_MOIS_Z | C1: CARTES_D_QUANTITE | D1: CARTES_D_MONTANT | E1: CHEQUES_D_QUANTITE | F1: CHEQUES_D_MONTANT | G1: CORRECTION_D_QUANTITE | H1: CORRECTION_D_MONTANT | I1: ESPECES_D_QUANTITE | J1: ESPECES_D_MONTANT | K1: REF__TIROIR_D_QUANTITE | L1: REF__TIROIR_D_MONTANT
A2: 2025 | B2: 2025-01 | C2: =SUMIFS('TD_TotalNatureTransac'!$E$2:$E$91,'TD_TotalNatureTransac'!$B$2:$B$91,B2,'TD_TotalNatureTransac'!$C$2:$C$91,"Z",'TD_TotalNatureTransac'!$D$2:$D$91,"CARTES") | D2: =SUMIFS('TD_TotalNatureTransac'!$F$2:$F$91,'TD_TotalNatureTransac'!$B$2:$B$91,B2,'TD_TotalNatureTransac'!$C$2:$C$91,"Z",'TD_TotalNatureTransac'!$D$2:$D$91,"CARTES") | E2: =SUMIFS('TD_TotalNatureTransac'!$E$2:$E$91,'TD_TotalNatureTransac'!$B$2:$B$91,B2,'TD_TotalNatureTransac'!$C$2:$C$91,"Z",'TD_TotalNatureTransac'!$D$2:$D$91,"CHEQUES") | F2: =SUMIFS('TD_TotalNatureTransac'!$F$2:$F$91,'TD_TotalNatureTransac'!$B$2:$B$91,B2,'TD_TotalNatureTransac'!$C$2:$C$91,"Z",'TD_TotalNatureTransac'!$D$2:$D$91,"CHEQUES") | G2: =SUMIFS('TD_TotalNatureTransac'!$E$2:$E$91,'TD_TotalNatureTransac'!$B$2:$B$91,B2,'TD_TotalNatureTransac'!$C$2:$C$91,"Z",'TD_TotalNatureTransac'!$D$2:$D$91,"CORRECTION") | H2: =SUMIFS('TD_TotalNatureTransac'!$F$2:$F$91,'TD_TotalNatureTransac'!$B$2:$B$91,B2,'TD_TotalNatureTransac'!$C$2:$C$91,"Z",'TD_TotalNatureTransac'!$D$2:$D$91,"CORRECTION") | I2: =SUMIFS('TD_TotalNatureTransac'!$E$2:$E$91,'TD_TotalNatureTransac'!$B$2:$B$91,B2,'TD_TotalNatureTransac'!$C$2:$C$91,"Z",'TD_TotalNatureTransac'!$D$2:$D$91,"ESPECES") | J2: =SUMIFS('TD_TotalNatureTransac'!$F$2:$F$91,'TD_TotalNatureTransac'!$B$2:$B$91,B2,'TD_TotalNatureTransac'!$C$2:$C$91,"Z",'TD_TotalNatureTransac'!$D$2:$D$91,"ESPECES") | K2: =SUMIFS('TD_TotalNatureTransac'!$E$2:$E$91,'TD_TotalNatureTransac'!$B$2:$B$91,B2,'TD_TotalNatureTransac'!$C$2:$C$91,"Z",'TD_TotalNatureTransac'!$D$2:$D$91,"REF./TIROIR") | L2: =SUMIFS('TD_TotalNatureTransac'!$F$2:$F$91,'TD_TotalNatureTransac'!$B$2:$B$91,B2,'TD_TotalNatureTransac'!$C$2:$C$91,"Z",'TD_TotalNatureTransac'!$D$2:$D$91,"REF./TIROIR")
A3: 2025 | B3: 2025-02 | C3: =SUMIFS('TD_TotalNatureTransac'!$E$2:$E$91,'TD_TotalNatureTransac'!$B$2:$B$91,B3,'TD_TotalNatureTransac'!$C$2:$C$91,"Z",'TD_TotalNatureTransac'!$D$2:$D$91,"CARTES") | D3: =SUMIFS('TD_TotalNatureTransac'!$F$2:$F$91,'TD_TotalNatureTransac'!$B$2:$B$91,B3,'TD_TotalNatureTransac'!$C$2:$C$91,"Z",'TD_TotalNatureTransac'!$D$2:$D$91,"CARTES") | E3: =SUMIFS('TD_TotalNatureTransac'!$E$2:$E$91,'TD_TotalNatureTransac'!$B$2:$B$91,B3,'TD_TotalNatureTransac'!$C$2:$C$91,"Z",'TD_TotalNatureTransac'!$D$2:$D$91,"CHEQUES") | F3: =SUMIFS('TD_TotalNatureTransac'!$F$2:$F$91,'TD_TotalNatureTransac'!$B$2:$B$91,B3,'TD_TotalNatureTransac'!$C$2:$C$91,"Z",'TD_TotalNatureTransac'!$D$2:$D$91,"CHEQUES") | G3: =SUMIFS('TD_TotalNatureTransac'!$E$2:$E$91,'TD_TotalNatureTransac'!$B$2:$B$91,B3,'TD_TotalNatureTransac'!$C$2:$C$91,"Z",'TD_TotalNatureTransac'!$D$2:$D$91,"CORRECTION") | H3: =SUMIFS('TD_TotalNatureTransac'!$F$2:$F$91,'TD_TotalNatureTransac'!$B$2:$B$91,B3,'TD_TotalNatureTransac'!$C$2:$C$91,"Z",'TD_TotalNatureTransac'!$D$2:$D$91,"CORRECTION") | I3: =SUMIFS('TD_TotalNatureTransac'!$E$2:$E$91,'TD_TotalNatureTransac'!$B$2:$B$91,B3,'TD_TotalNatureTransac'!$C$2:$C$91,"Z",'TD_TotalNatureTransac'!$D$2:$D$91,"ESPECES") | J3: =SUMIFS('TD_TotalNatureTransac'!$F$2:$F$91,'TD_TotalNatureTransac'!$B$2:$B$91,B3,'TD_TotalNatureTransac'!$C$2:$C$91,"Z",'TD_TotalNatureTransac'!$D$2:$D$91,"ESPECES") | K3: =SUMIFS('TD_TotalNatureTransac'!$E$2:$E$91,'TD_TotalNatureTransac'!$B$2:$B$91,B3,'TD_TotalNatureTransac'!$C$2:$C$91,"Z",'TD_TotalNatureTransac'!$D$2:$D$91,"REF./TIROIR") | L3: =SUMIFS('TD_TotalNatureTransac'!$F$2:$F$91,'TD_TotalNatureTransac'!$B$2:$B$91,B3,'TD_TotalNatureTransac'!$C$2:$C$91,"Z",'TD_TotalNatureTransac'!$D$2:$D$91,"REF./TIROIR")
A4: 2025 | B4: 2025-03 | C4: =SUMIFS('TD_TotalNatureTransac'!$E$2:$E$91,'TD_TotalNatureTransac'!$B$2:$B$91,B4,'TD_TotalNatureTransac'!$C$2:$C$91,"Z",'TD_TotalNatureTransac'!$D$2:$D$91,"CARTES") | D4: =SUMIFS('TD_TotalNatureTransac'!$F$2:$F$91,'TD_TotalNatureTransac'!$B$2:$B$91,B4,'TD_TotalNatureTransac'!$C$2:$C$91,"Z",'TD_TotalNatureTransac'!$D$2:$D$91,"CARTES") | E4: =SUMIFS('TD_TotalNatureTransac'!$E$2:$E$91,'TD_TotalNatureTransac'!$B$2:$B$91,B4,'TD_TotalNatureTransac'!$C$2:$C$91,"Z",'TD_TotalNatureTransac'!$D$2:$D$91,"CHEQUES") | F4: =SUMIFS('TD_TotalNatureTransac'!$F$2:$F$91,'TD_TotalNatureTransac'!$B$2:$B$91,B4,'TD_TotalNatureTransac'!$C$2:$C$91,"Z",'TD_TotalNatureTransac'!$D$2:$D$91,"CHEQUES") | G4: =SUMIFS('TD_TotalNatureTransac'!$E$2:$E$91,'TD_TotalNatureTransac'!$B$2:$B$91,B4,'TD_TotalNatureTransac'!$C$2:$C$91,"Z",'TD_TotalNatureTransac'!$D$2:$D$91,"CORRECTION") | H4: =SUMIFS('TD_TotalNatureTransac'!$F$2:$F$91,'TD_TotalNatureTransac'!$B$2:$B$91,B4,'TD_TotalNatureTransac'!$C$2:$C$91,"Z",'TD_TotalNatureTransac'!$D$2:$D$91,"CORRECTION") | I4: =SUMIFS('TD_TotalNatureTransac'!$E$2:$E$91,'TD_TotalNatureTransac'!$B$2:$B$91,B4,'TD_TotalNatureTransac'!$C$2:$C$91,"Z",'TD_TotalNatureTransac'!$D$2:$D$91,"ESPECES") | J4: =SUMIFS('TD_TotalNatureTransac'!$F$2:$F$91,'TD_TotalNatureTransac'!$B$2:$B$91,B4,'TD_TotalNatureTransac'!$C$2:$C$91,"Z",'TD_TotalNatureTransac'!$D$2:$D$91,"ESPECES") | K4: =SUMIFS('TD_TotalNatureTransac'!$E$2:$E$91,'TD_TotalNatureTransac'!$B$2:$B$91,B4,'TD_TotalNatureTransac'!$C$2:$C$91,"Z",'TD_TotalNatureTransac'!$D$2:$D$91,"REF./TIROIR") | L4: =SUMIFS('TD_TotalNatureTransac'!$F$2:$F$91,'TD_TotalNatureTransac'!$B$2:$B$91,B4,'TD_TotalNatureTransac'!$C$2:$C$91,"Z",'TD_TotalNatureTransac'!$D$2:$D$91,"REF./TIROIR")
A5: 2025 | B5: 2025-04|2025-05|2025-06 | C5: =SUMIFS('TD_TotalNatureTransac'!$E$2:$E$91,'TD_TotalNatureTransac'!$B$2:$B$91,B5,'TD_TotalNatureTransac'!$C$2:$C$91,"Z",'TD_TotalNatureTransac'!$D$2:$D$91,"CARTES") | D5: =SUMIFS('TD_TotalNatureTransac'!$F$2:$F$91,'TD_TotalNatureTransac'!$B$2:$B$91,B5,'TD_TotalNatureTransac'!$C$2:$C$91,"Z",'TD_TotalNatureTransac'!$D$2:$D$91,"CARTES") | E5: =SUMIFS('TD_TotalNatureTransac'!$E$2:$E$91,'TD_TotalNatureTransac'!$B$2:$B$91,B5,'TD_TotalNatureTransac'!$C$2:$C$91,"Z",'TD_TotalNatureTransac'!$D$2:$D$91,"CHEQUES") | F5: =SUMIFS('TD_TotalNatureTransac'!$F$2:$F$91,'TD_TotalNatureTransac'!$B$2:$B$91,B5,'TD_TotalNatureTransac'!$C$2:$C$91,"Z",'TD_TotalNatureTransac'!$D$2:$D$91,"CHEQUES") | G5: =SUMIFS('TD_TotalNatureTransac'!$E$2:$E$91,'TD_TotalNatureTransac'!$B$2:$B$91,B5,'TD_TotalNatureTransac'!$C$2:$C$91,"Z",'TD_TotalNatureTransac'!$D$2:$D$91,"CORRECTION") | H5: =SUMIFS('TD_TotalNatureTransac'!$F$2:$F$91,'TD_TotalNatureTransac'!$B$2:$B$91,B5,'TD_TotalNatureTransac'!$C$2:$C$91,"Z",'TD_TotalNatureTransac'!$D$2:$D$91,"CORRECTION") | I5: =SUMIFS('TD_TotalNatureTransac'!$E$2:$E$91,'TD_TotalNatureTransac'!$B$2:$B$91,B5,'TD_TotalNatureTransac'!$C$2:$C$91,"Z",'TD_TotalNatureTransac'!$D$2:$D$91,"ESPECES") | J5: =SUMIFS('TD_TotalNatureTransac'!$F$2:$F$91,'TD_TotalNatureTransac'!$B$2:$B$91,B5,'TD_TotalNatureTransac'!$C$2:$C$91,"Z",'TD_TotalNatureTransac'!$D$2:$D$91,"ESPECES") | K5: =SUMIFS('TD_TotalNatureTransac'!$E$2:$E$91,'TD_TotalNatureTransac'!$B$2:$B$91,B5,'TD_TotalNatureTransac'!$C$2:$C$91,"Z",'TD_TotalNatureTransac'!$D$2:$D$91,"REF./TIROIR") | L5: =SUMIFS('TD_TotalNatureTransac'!$F$2:$F$91,'TD_TotalNatureTransac'!$B$2:$B$91,B5,'TD_TotalNatureTransac'!$C$2:$C$91,"Z",'TD_TotalNatureTransac'!$D$2:$D$91,"REF./TIROIR")
A6: 2025 | B6: 2025-07 | C6: =SUMIFS('TD_TotalNatureTransac'!$E$2:$E$91,'TD_TotalNatureTransac'!$B$2:$B$91,B6,'TD_TotalNatureTransac'!$C$2:$C$91,"Z",'TD_TotalNatureTransac'!$D$2:$D$91,"CARTES") | D6: =SUMIFS('TD_TotalNatureTransac'!$F$2:$F$91,'TD_TotalNatureTransac'!$B$2:$B$91,B6,'TD_TotalNatureTransac'!$C$2:$C$91,"Z",'TD_TotalNatureTransac'!$D$2:$D$91,"CARTES") | E6: =SUMIFS('TD_TotalNatureTransac'!$E$2:$E$91,'TD_TotalNatureTransac'!$B$2:$B$91,B6,'TD_TotalNatureTransac'!$C$2:$C$91,"Z",'TD_TotalNatureTransac'!$D$2:$D$91,"CHEQUES") | F6: =SUMIFS('TD_TotalNatureTransac'!$F$2:$F$91,'TD_TotalNatureTransac'!$B$2:$B$91,B6,'TD_TotalNatureTransac'!$C$2:$C$91,"Z",'TD_TotalNatureTransac'!$D$2:$D$91,"CHEQUES") | G6: =SUMIFS('TD_TotalNatureTransac'!$E$2:$E$91,'TD_TotalNatureTransac'!$B$2:$B$91,B6,'TD_TotalNatureTransac'!$C$2:$C$91,"Z",'TD_TotalNatureTransac'!$D$2:$D$91,"CORRECTION") | H6: =SUMIFS('TD_TotalNatureTransac'!$F$2:$F$91,'TD_TotalNatureTransac'!$B$2:$B$91,B6,'TD_TotalNatureTransac'!$C$2:$C$91,"Z",'TD_TotalNatureTransac'!$D$2:$D$91,"CORRECTION") | I6: =SUMIFS('TD_TotalNatureTransac'!$E$2:$E$91,'TD_TotalNatureTransac'!$B$2:$B$91,B6,'TD_TotalNatureTransac'!$C$2:$C$91,"Z",'TD_TotalNatureTransac'!$D$2:$D$91,"ESPECES") | J6: =SUMIFS('TD_TotalNatureTransac'!$F$2:$F$91,'TD_TotalNatureTransac'!$B$2:$B$91,B6,'TD_TotalNatureTransac'!$C$2:$C$91,"Z",'TD_TotalNatureTransac'!$D$2:$D$91,"ESPECES") | K6: =SUMIFS('TD_TotalNatureTransac'!$E$2:$E$91,'TD_TotalNatureTransac'!$B$2:$B$91,B6,'TD_TotalNatureTransac'!$C$2:$C$91,"Z",'TD_TotalNatureTransac'!$D$2:$D$91,"REF./TIROIR") | L6: =SUMIFS('TD_TotalNatureTransac'!$F$2:$F$91,'TD_TotalNatureTransac'!$B$2:$B$91,B6,'TD_TotalNatureTransac'!$C$2:$C$91,"Z",'TD_TotalNatureTransac'!$D$2:$D$91,"REF./TIROIR")
A7: 2025 | B7: 2025-08 | C7: =SUMIFS('TD_TotalNatureTransac'!$E$2:$E$91,'TD_TotalNatureTransac'!$B$2:$B$91,B7,'TD_TotalNatureTransac'!$C$2:$C$91,"Z",'TD_TotalNatureTransac'!$D$2:$D$91,"CARTES") | D7: =SUMIFS('TD_TotalNatureTransac'!$F$2:$F$91,'TD_TotalNatureTransac'!$B$2:$B$91,B7,'TD_TotalNatureTransac'!$C$2:$C$91,"Z",'TD_TotalNatureTransac'!$D$2:$D$91,"CARTES") | E7: =SUMIFS('TD_TotalNatureTransac'!$E$2:$E$91,'TD_TotalNatureTransac'!$B$2:$B$91,B7,'TD_TotalNatureTransac'!$C$2:$C$91,"Z",'TD_TotalNatureTransac'!$D$2:$D$91,"CHEQUES") | F7: =SUMIFS('TD_TotalNatureTransac'!$F$2:$F$91,'TD_TotalNatureTransac'!$B$2:$B$91,B7,'TD_TotalNatureTransac'!$C$2:$C$91,"Z",'TD_TotalNatureTransac'!$D$2:$D$91,"CHEQUES") | G7: =SUMIFS('TD_TotalNatureTransac'!$E$2:$E$91,'TD_TotalNatureTransac'!$B$2:$B$91,B7,'TD_TotalNatureTransac'!$C$2:$C$91,"Z",'TD_TotalNatureTransac'!$D$2:$D$91,"CORRECTION") | H7: =SUMIFS('TD_TotalNatureTransac'!$F$2:$F$91,'TD_TotalNatureTransac'!$B$2:$B$91,B7,'TD_TotalNatureTransac'!$C$2:$C$91,"Z",'TD_TotalNatureTransac'!$D$2:$D$91,"CORRECTION") | I7: =SUMIFS('TD_TotalNatureTransac'!$E$2:$E$91,'TD_TotalNatureTransac'!$B$2:$B$91,B7,'TD_TotalNatureTransac'!$C$2:$C$91,"Z",'TD_TotalNatureTransac'!$D$2:$D$91,"ESPECES") | J7: =SUMIFS('TD_TotalNatureTransac'!$F$2:$F$91,'TD_TotalNatureTransac'!$B$2:$B$91,B7,'TD_TotalNatureTransac'!$C$2:$C$91,"Z",'TD_TotalNatureTransac'!$D$2:$D$91,"ESPECES") | K7: =SUMIFS('TD_TotalNatureTransac'!$E$2:$E$91,'TD_TotalNatureTransac'!$B$2:$B$91,B7,'TD_TotalNatureTransac'!$C$2:$C$91,"Z",'TD_TotalNatureTransac'!$D$2:$D$91,"REF./TIROIR") | L7: =SUMIFS('TD_TotalNatureTransac'!$F$2:$F$91,'TD_TotalNatureTransac'!$B$2:$B$91,B7,'TD_TotalNatureTransac'!$C$2:$C$91,"Z",'TD_TotalNatureTransac'!$D$2:$D$91,"REF./TIROIR")

Sheet Compare_ZZ1_vs_ZZ2
A1: AJ_ANNEE_Z | B1: AJ_MOIS_Z | C1: CARTES_AJ_ECART_QTE | D1: CARTES_AJ_ECART_MONTANT | E1: CHEQUES_AJ_ECART_QTE | F1: CHEQUES_AJ_ECART_MONTANT | G1: CORRECTION_AJ_ECART_QTE | H1: CORRECTION_AJ_ECART_MONTANT | I1: ESPECES_AJ_ECART_QTE | J1: ESPECES_AJ_ECART_MONTANT | K1: REF__TIROIR_AJ_ECART_QTE | L1: REF__TIROIR_AJ_ECART_MONTANT
A2: 2025 | B2: 2025-01 | C2: ='Z2_Total_ModeZZ1'!C2-'Z2_Total_ModeZZ2'!C2 | D2: ='Z2_Total_ModeZZ1'!D2-'Z2_Total_ModeZZ2'!D2 | E2: ='Z2_Total_ModeZZ1'!E2-'Z2_Total_ModeZZ2'!E2 | F2: ='Z2_Total_ModeZZ1'!F2-'Z2_Total_ModeZZ2'!F2 | G2: ='Z2_Total_ModeZZ1'!G2-'Z2_Total_ModeZZ2'!G2 | H2: ='Z2_Total_ModeZZ1'!H2-'Z2_Total_ModeZZ2'!H2 | I2: ='Z2_Total_ModeZZ1'!I2-'Z2_Total_ModeZZ2'!I2 | J2: ='Z2_Total_ModeZZ1'!J2-'Z2_Total_ModeZZ2'!J2 | ... L2: ='Z2_Total_ModeZZ1'!L2-'Z2_Total_ModeZZ2'!L2
A3: 2025 | B3: 2025-02 | C3: ='Z2_Total_ModeZZ1'!C3-'Z2_Total_ModeZZ2'!C3 | D3: ='Z2_Total_ModeZZ1'!D3-'Z2_Total_ModeZZ2'!D3 | E3: ='Z2_Total_ModeZZ1'!E3-'Z2_Total_ModeZZ2'!E3 | F3: ='Z2_Total_ModeZZ1'!F3-'Z2_Total_ModeZZ2'!F3 | G3: ='Z2_Total_ModeZZ1'!G3-'Z2_Total_ModeZZ2'!G3 | H3: ='Z2_Total_ModeZZ1'!H3-'Z2_Total_ModeZZ2'!H3 | I3: ='Z2_Total_ModeZZ1'!I3-'Z2_Total_ModeZZ2'!I3 | J3: ='Z2_Total_ModeZZ1'!J3-'Z2_Total_ModeZZ2'!J3 | ... L3: ='Z2_Total_ModeZZ1'!L3-'Z2_Total_ModeZZ2'!L3
A4: 2025 | B4: 2025-03 | C4: ='Z2_Total_ModeZZ1'!C4-'Z2_Total_ModeZZ2'!C4 | D4: ='Z2_Total_ModeZZ1'!D4-'Z2_Total_ModeZZ2'!D4 | E4: ='Z2_Total_ModeZZ1'!E4-'Z2_Total_ModeZZ2'!E4 | F4: ='Z2_Total_ModeZZ1'!F4-'Z2_Total_ModeZZ2'!F4 | G4: ='Z2_Total_ModeZZ1'!G4-'Z2_Total_ModeZZ2'!G4 | H4: ='Z2_Total_ModeZZ1'!H4-'Z2_Total_ModeZZ2'!H4 | I4: ='Z2_Total_ModeZZ1'!I4-'Z2_Total_ModeZZ2'!I4 | J4: ='Z2_Total_ModeZZ1'!J4-'Z2_Total_ModeZZ2'!J4 | ... L4: ='Z2_Total_ModeZZ1'!L4-'Z2_Total_ModeZZ2'!L4
A5: 2025 | B5: 2025-04|2025-05|2025-06 | C5: ='Z2_Total_ModeZZ1'!C5-'Z2_Total_ModeZZ2'!C5 | D5: ='Z2_Total_ModeZZ1'!D5-'Z2_Total_ModeZZ2'!D5 | E5: ='Z2_Total_ModeZZ1'!E5-'Z2_Total_ModeZZ2'!E5 | F5: ='Z2_Total_ModeZZ1'!F5-'Z2_Total_ModeZZ2'!F5 | G5: ='Z2_Total_ModeZZ1'!G5-'Z2_Total_ModeZZ2'!G5 | H5: ='Z2_Total_ModeZZ1'!H5-'Z2_Total_ModeZZ2'!H5 | I5: ='Z2_Total_ModeZZ1'!I5-'Z2_Total_ModeZZ2'!I5 | J5: ='Z2_Total_ModeZZ1'!J5-'Z2_Total_ModeZZ2'!J5 | ... L5: ='Z2_Total_ModeZZ1'!L5-'Z2_Total_ModeZZ2'!L5
A6: 2025 | B6: 2025-07 | C6: ='Z2_Total_ModeZZ1'!C6-'Z2_Total_ModeZZ2'!C6 | D6: ='Z2_Total_ModeZZ1'!D6-'Z2_Total_ModeZZ2'!D6 | E6: ='Z2_Total_ModeZZ1'!E6-'Z2_Total_ModeZZ2'!E6 | F6: ='Z2_Total_ModeZZ1'!F6-'Z2_Total_ModeZZ2'!F6 | G6: ='Z2_Total_ModeZZ1'!G6-'Z2_Total_ModeZZ2'!G6 | H6: ='Z2_Total_ModeZZ1'!H6-'Z2_Total_ModeZZ2'!H6 | I6: ='Z2_Total_ModeZZ1'!I6-'Z2_Total_ModeZZ2'!I6 | J6: ='Z2_Total_ModeZZ1'!J6-'Z2_Total_ModeZZ2'!J6 | ... L6: ='Z2_Total_ModeZZ1'!L6-'Z2_Total_ModeZZ2'!L6
A7: 2025 | B7: 2025-08 | C7: ='Z2_Total_ModeZZ1'!C7-'Z2_Total_ModeZZ2'!C7 | D7: ='Z2_Total_ModeZZ1'!D7-'Z2_Total_ModeZZ2'!D7 | E7: ='Z2_Total_ModeZZ1'!E7-'Z2_Total_ModeZZ2'!E7 | F7: ='Z2_Total_ModeZZ1'!F7-'Z2_Total_ModeZZ2'!F7 | G7: ='Z2_Total_ModeZZ1'!G7-'Z2_Total_ModeZZ2'!G7 | H7: ='Z2_Total_ModeZZ1'!H7-'Z2_Total_ModeZZ2'!H7 | I7: ='Z2_Total_ModeZZ1'!I7-'Z2_Total_ModeZZ2'!I7 | J7: ='Z2_Total_ModeZZ1'!J7-'Z2_Total_ModeZZ2'!J7 | ... L7: ='Z2_Total_ModeZZ1'!L7-'Z2_Total_ModeZZ2'!L7

Sheet Compare_ZZ1_vs_EJ
A1: AJ_ANNEE_Z | B1: AJ_MOIS_Z | C1: CARTES_Z2 | D1: CARTES_EJ | E1: AJ_ECART_CARTES | F1: CHEQUES_Z2 | G1: CHEQUES_EJ | H1: AJ_ECART_CHEQUES | I1: ESPECES_Z2 | J1: ESPECES_EJ | K1: AJ_ECART_ESPECES
A2: 2025 | B2: 2025-01 | C2: ='Z2_Total_ModeZZ1'!D2 | D2: 3089.5 | E2: =C2-D2 | F2: ='Z2_Total_ModeZZ1'!F2 | G2: 0 | H2: =F2-G2 | I2: ='Z2_Total_ModeZZ1'!J2 | J2: 6334.7 | K2: =I2-J2
A3: 2025 | B3: 2025-02 | C3: ='Z2_Total_ModeZZ1'!D3 | D3: 7497 | E3: =C3-D3 | F3: ='Z2_Total_ModeZZ1'!F3 | G3: 0 | H3: =F3-G3 | I3: ='Z2_Total_ModeZZ1'!J3 | J3: 10332.8 | K3: =I3-J3
A4: 2025 | B4: 2025-03 | C4: ='Z2_Total_ModeZZ1'!D4 | D4: 9581 | E4: =C4-D4 | F4: ='Z2_Total_ModeZZ1'!F4 | G4: 0 | H4: =F4-G4 | I4: ='Z2_Total_ModeZZ1'!J4 | J4: 11051.7 | K4: =I4-J4
A5: 2025 | B5: 2025-04|2025-05|2025-06 | C5: ='Z2_Total_ModeZZ1'!D5 | D5: 5642.4 | E5: =C5-D5 | F5: ='Z2_Total_ModeZZ1'!F5 | G5: 0 | H5: =F5-G5 | I5: ='Z2_Total_ModeZZ1'!J5 | J5: 6815.7 | K5: =I5-J5
A6: 2025 | B6: 2025-07 | C6: ='Z2_Total_ModeZZ1'!D6 | D6: 2581 | E6: =C6-D6 | F6: ='Z2_Total_ModeZZ1'!F6 | G6: 0 | H6: =F6-G6 | I6: ='Z2_Total_ModeZZ1'!J6 | J6: 17603.9 | K6: =I6-J6
A7: 2025 | B7: 2025-08 | C7: ='Z2_Total_ModeZZ1'!D7 | D7: 2072 | E7: =C7-D7 | F7: ='Z2_Total_ModeZZ1'!F7 | G7: 0 | H7: =F7-G7 | I7: ='Z2_Total_ModeZZ1'!J7 | J7: 1914 | K7: =I7-J7
