Workbook

Sheet Z2_2023_MATURIN_0
A1: nomfichier | B1: E_MODELE | C1: E_MACHINE | D1: E_RAPPORT | E1: E_FICHIER | F1: E_MODE | G1: E_COMPTEUR_Z | H1: E_DATE | I1: E_HEURE | J1: D_ENREGISTREMENT | K1: D_DESIGNATION | L1: D_QUANTITE | M1: D_MONTANT
A2: Z002_01_012023_MATURIN.CSV | C2: MC#01 | D2: TRANSACTION | E2: FILE002 | F2: Z | G2: 0019 | H2: 44958 | I2: 10:06 | J2: 0001 | K2: ESPECES | L2: 10 | M2: 5248
A3: Z002_01_012023_MATURIN.CSV | C3: MC#01 | D3: TRANSACTION | E3: FILE002 | F3: Z | G3: 0019 | H3: 44958 | I3: 10:06 | J3: 0002 | K3: SOUS-TOTAL | L3: 0 | M3: 0
A4: Z002_01_012023_MATURIN.CSV | C4: MC#01 | D4: TRANSACTION | E4: FILE002 | F4: Z | G4: 0019 | H4: 44958 | I4: 10:06 | J4: 0003 | K4: CARTES | L4: 22 | M4: 17964.6
A5: Z002_01_012023_MATURIN.CSV | C5: MC#01 | D5: TRANSACTION | E5: FILE002 | F5: Z | G5: 0019 | H5: 44958 | I5: 10:06 | J5: 0004 | K5: CHEQUES | L5: 0 | M5: 0
A6: Z002_01_012023_MATURIN.CSV | C6: MC#01 | D6: TRANSACTION | E6: FILE002 | F6: Z | G6: 0019 | H6: 44958 | I6: 10:06 | J6: 0005 | K6: AIDE | L6: 0 | M6: 0
A7: Z002_01_012023_MATURIN.CSV | C7: MC#01 | D7: TRANSACTION | E7: FILE002 | F7: Z | G7: 0019 | H7: 44958 | I7: 10:06 | J7: 0006 | K7: TAX PGM | L7: 0 | M7: 0
A8: Z002_01_012023_MATURIN.CSV | C8: MC#01 | D8: TRANSACTION | E8: FILE002 | F8: Z | G8: 0019 | H8: 44958 | I8: 10:06 | J8: 0007 | K8: SORTIECAISSE | L8: 0 | M8: 0
A9: Z002_01_012023_MATURIN.CSV | C9: MC#01 | D9: TRANSACTION | E9: FILE002 | F9: Z | G9: 0019 | H9: 44958 | I9: 10:06 | J9: 0008 | K9: REC&ACCOMPTE | L9: 0 | M9: 0
A10: Z002_01_012023_MATURIN.CSV | C10: MC#01 | D10: TRANSACTION | E10: FILE002 | F10: Z | G10: 0019 | H10: 44958 | I10: 10:06 | J10: 0009 | K10: SIGN-OFF | L10: 0 | M10: 0
A11: Z002_01_012023_MATURIN.CSV | C11: MC#01 | D11: TRANSACTION | E11: FILE002 | F11: Z | G11: 0019 | H11: 44958 | I11: 10:06 | J11: 0010 | K11: NUM CAISSIER | L11: 0 | M11: 0
A12: Z002_01_012023_MATURIN.CSV | C12: MC#01 | D12: TRANSACTION | E12: FILE002 | F12: Z | G12: 0019 | H12: 44958 | I12: 10:06 | J12: 0011 | K12: SHIFT/No | L12: 0 | M12: 0
A13: Z002_01_012023_MATURIN.CSV | C13: MC#01 | D13: TRANSACTION | E13: FILE002 | F13: Z | G13: 0019 | H13: 44958 | I13: 10:06 | J13: 0012 | K13: DWN | L13: 0 | M13: 0
... A33: Z002_01_012023_MATURIN.CSV | C33: MC#01 | D33: TRANSACTION | E33: FILE002 | F33: Z | G33: 0019 | H33: 44958 | I33: 10:06 | J33: 0032 | K33: ANNULATION | L33: 0 | M33: 0
A34: Z002_01_012023_MATURIN.CSV | C34: MC#01 | D34: TRANSACTION | E34: FILE002 | F34: Z | G34: 0019 | H34: 44958 | I34: 10:06 | J34: 0033 | L34: 0 | M34: 0
A35: Z002_01_012023_MATURIN.CSV | C35: MC#01 | D35: TRANSACTION | E35: FILE002 | F35: Z | G35: 0019 | H35: 44958 | I35: 10:06 | J35: 0034 | L35: 0 | M35: 0
A36: Z002_01_012023_MATURIN.CSV | C36: MC#01 | D36: TRANSACTION | E36: FILE002 | F36: Z | G36: 0019 | H36: 44958 | I36: 10:06 | J36: 0035 | L36: 0 | M36: 0
A37: Z002_01_012023_MATURIN.CSV | C37: MC#01 | D37: TRANSACTION | E37: FILE002 | F37: Z | G37: 0019 | H37: 44958 | I37: 10:06 | J37: 0036 | L37: 0 | M37: 0
A38: Z002_01_012023_MATURIN.CSV | C38: MC#01 | D38: TRANSACTION | E38: FILE002 | F38: Z | G38: 0019 | H38: 44958 | I38: 10:06 | J38: 0037 | L38: 0 | M38: 0
A39: Z002_01_012023_MATURIN.CSV | C39: MC#01 | D39: TRANSACTION | E39: FILE002 | F39: Z | G39: 0019 | H39: 44958 | I39: 10:06 | J39: 0038 | L39: 0 | M39: 0
A40: Z002_01_012023_MATURIN.CSV | C40: MC#01 | D40: TRANSACTION | E40: FILE002 | F40: Z | G40: 0019 | H40: 44958 | I40: 10:06 | J40: 0039 | L40: 0 | M40: 0
A41: Z002_01_012023_MATURIN.CSV | C41: MC#01 | D41: TRANSACTION | E41: FILE002 | F41: Z | G41: 0019 | H41: 44958 | I41: 10:06 | J41: 0040 | L41: 0 | M41: 0
A42: Z002_01_012023_MATURIN.CSV | C42: MC#01 | D42: TRANSACTION | E42: FILE002 | F42: Z | G42: 0019 | H42: 44958 | I42: 10:06 | J42: 0041 | L42: 0 | M42: 0
A43: Z002_01_012023_MATURIN.CSV | C43: MC#01 | D43: TRANSACTION | E43: FILE002 | F43: Z | G43: 0019 | H43: 44958 | I43: 10:06 | J43: 0042 | L43: 0 | M43: 0
A44: Z002_01_012023_MATURIN.CSV | C44: MC#01 | D44: TRANSACTION | E44: FILE002 | F44: Z | G44: 0019 | H44: 44958 | I44: 10:06 | J44: 0043 | L44: 0 | M44: 0
A45: Z002_01_012023_MATURIN.CSV | C45: MC#01 | D45: TRANSACTION | E45: FILE002 | F45: Z | G45: 0019 | H45: 44958 | I45: 10:06 | J45: 0044 | L45: 0 | M45: 0
... A51: Z002_01_012023_MATURIN.CSV | C51: MC#01 | D51: TRANSACTION | E51: FILE002 | F51: Z | G51: 0019 | H51: 44958 | I51: 10:06 | J51: 0050 | L51: 0 | M51: 0
A52: Z002_01_022023_MATURIN.CSV | C52: MC#01 | D52: TRANSACTION | E52: FILE002 | F52: Z | G52: 0020 | H52: 44986 | I52: 10:42 | J52: 0001 | K52: ESPECES | L52: 14 | M52: 8570.8
A53: Z002_01_022023_MATURIN.CSV | C53: MC#01 | D53: TRANSACTION | E53: FILE002 | F53: Z | G53: 0020 | H53: 44986 | I53: 10:42 | J53: 0002 | K53: SOUS-TOTAL | L53: 0 | M53: 0
A54: Z002_01_022023_MATURIN.CSV | C54: MC#01 | D54: TRANSACTION | E54: FILE002 | F54: Z | G54: 0020 | H54: 44986 | I54: 10:42 | J54: 0003 | K54: CARTES | L54: 13 | M54: 11477
A55: Z002_01_022023_MATURIN.CSV | C55: MC#01 | D55: TRANSACTION | E55: FILE002 | F55: Z | G55: 0020 | H55: 44986 | I55: 10:42 | J55: 0004 | K55: CHEQUES | L55: 1 | M55: 329
A56: Z002_01_022023_MATURIN.CSV | C56: MC#01 | D56: TRANSACTION | E56: FILE002 | F56: Z | G56: 0020 | H56: 44986 | I56: 10:42 | J56: 0005 | K56: AIDE | L56: 0 | M56: 0
A57: Z002_01_022023_MATURIN.CSV | C57: MC#01 | D57: TRANSACTION | E57: FILE002 | F57: Z | G57: 0020 | H57: 44986 | I57: 10:42 | J57: 0006 | K57: TAX PGM | L57: 0 | M57: 0
A58: Z002_01_022023_MATURIN.CSV | C58: MC#01 | D58: TRANSACTION | E58: FILE002 | F58: Z | G58: 0020 | H58: 44986 | I58: 10:42 | J58: 0007 | K58: SORTIECAISSE | L58: 0 | M58: 0
A59: Z002_01_022023_MATURIN.CSV | C59: MC#01 | D59: TRANSACTION | E59: FILE002 | F59: Z | G59: 0020 | H59: 44986 | I59: 10:42 | J59: 0008 | K59: REC&ACCOMPTE | L59: 0 | M59: 0
A60: Z002_01_022023_MATURIN.CSV | C60: MC#01 | D60: TRANSACTION | E60: FILE002 | F60: Z | G60: 0020 | H60: 44986 | I60: 10:42 | J60: 0009 | K60: SIGN-OFF | L60: 0 | M60: 0
A61: Z002_01_022023_MATURIN.CSV | C61: MC#01 | D61: TRANSACTION | E61: FILE002 | F61: Z | G61: 0020 | H61: 44986 | I61: 10:42 | J61: 0010 | K61: NUM CAISSIER | L61: 0 | M61: 0
A62: Z002_01_022023_MATURIN.CSV | C62: MC#01 | D62: TRANSACTION | E62: FILE002 | F62: Z | G62: 0020 | H62: 44986 | I62: 10:42 | J62: 0011 | K62: SHIFT/No | L62: 0 | M62: 0
A63: Z002_01_022023_MATURIN.CSV | C63: MC#01 | D63: TRANSACTION | E63: FILE002 | F63: Z | G63: 0020 | H63: 44986 | I63: 10:42 | J63: 0012 | K63: DWN | L63: 0 | M63: 0
... A83: Z002_01_022023_MATURIN.CSV | C83: MC#01 | D83: TRANSACTION | E83: FILE002 | F83: Z | G83: 0020 | H83: 44986 | I83: 10:42 | J83: 0032 | K83: ANNULATION | L83: 0 | M83: 0
A84: Z002_01_022023_MATURIN.CSV | C84: MC#01 | D84: TRANSACTION | E84: FILE002 | F84: Z | G84: 0020 | H84: 44986 | I84: 10:42 | J84: 0033 | L84: 0 | M84: 0
A85: Z002_01_022023_MATURIN.CSV | C85: MC#01 | D85: TRANSACTION | E85: FILE002 | F85: Z | G85: 0020 | H85: 44986 | I85: 10:42 | J85: 0034 | L85: 0 | M85: 0
A86: Z002_01_022023_MATURIN.CSV | C86: MC#01 | D86: TRANSACTION | E86: FILE002 | F86: Z | G86: 0020 | H86: 44986 | I86: 10:42 | J86: 0035 | L86: 0 | M86: 0
A87: Z002_01_022023_MATURIN.CSV | C87: MC#01 | D87: TRANSACTION | E87: FILE002 | F87: Z | G87: 0020 | H87: 44986 | I87: 10:42 | J87: 0036 | L87: 0 | M87: 0
A88: Z002_01_022023_MATURIN.CSV | C88: MC#01 | D88: TRANSACTION | E88: FILE002 | F88: Z | G88: 0020 | H88: 44986 | I88: 10:42 | J88: 0037 | L88: 0 | M88: 0
A89: Z002_01_022023_MATURIN.CSV | C89: MC#01 | D89: TRANSACTION | E89: FILE002 | F89: Z | G89: 0020 | H89: 44986 | I89: 10:42 | J89: 0038 | L89: 0 | M89: 0
A90: Z002_01_022023_MATURIN.CSV | C90: MC#01 | D90: TRANSACTION | E90: FILE002 | F90: Z | G90: 0020 | H90: 44986 | I90: 10:42 | J90: 0039 | L90: 0 | M90: 0
A91: Z002_01_022023_MATURIN.CSV | C91: MC#01 | D91: TRANSACTION | E91: FILE002 | F91: Z | G91: 0020 | H91: 44986 | I91: 10:42 | J91: 0040 | L91: 0 | M91: 0
A92: Z002_01_022023_MATURIN.CSV | C92: MC#01 | D92: TRANSACTION | E92: FILE002 | F92: Z | G92: 0020 | H92: 44986 | I92: 10:42 | J92: 0041 | L92: 0 | M92: 0
A93: Z002_01_022023_MATURIN.CSV | C93: MC#01 | D93: TRANSACTION | E93: FILE002 | F93: Z | G93: 0020 | H93: 44986 | I93: 10:42 | J93: 0042 | L93: 0 | M93: 0
A94: Z002_01_022023_MATURIN.CSV | C94: MC#01 | D94: TRANSACTION | E94: FILE002 | F94: Z | G94: 0020 | H94: 44986 | I94: 10:42 | J94: 0043 | L94: 0 | M94: 0
A95: Z002_01_022023_MATURIN.CSV | C95: MC#01 | D95: TRANSACTION | E95: FILE002 | F95: Z | G95: 0020 | H95: 44986 | I95: 10:42 | J95: 0044 | L95: 0 | M95: 0
... A101: Z002_01_022023_MATURIN.CSV | C101: MC#01 | D101: TRANSACTION | E101: FILE002 | F101: Z | G101: 0020 | H101: 44986 | I101: 10:42 | J101: 0050 | L101: 0 | M101: 0
A102: Z002_01_032023_MATURIN.CSV | C102: MC#01 | D102: TRANSACTION | E102: FILE002 | F102: Z | G102: 0021 | H102: 45017 | I102: 13:48 | J102: 0001 | K102: ESPECES | L102: 13 | M102: 9836
A103: Z002_01_032023_MATURIN.CSV | C103: MC#01 | D103: TRANSACTION | E103: FILE002 | F103: Z | G103: 0021 | H103: 45017 | I103: 13:48 | J103: 0002 | K103: SOUS-TOTAL | L103: 0 | M103: 0
A104: Z002_01_032023_MATURIN.CSV | C104: MC#01 | D104: TRANSACTION | E104: FILE002 | F104: Z | G104: 0021 | H104: 45017 | I104: 13:48 | J104: 0003 | K104: CARTES | L104: 14 | M104: 15536
A105: Z002_01_032023_MATURIN.CSV | C105: MC#01 | D105: TRANSACTION | E105: FILE002 | F105: Z | G105: 0021 | H105: 45017 | I105: 13:48 | J105: 0004 | K105: CHEQUES | L105: 0 | M105: 0
A106: Z002_01_032023_MATURIN.CSV | C106: MC#01 | D106: TRANSACTION | E106: FILE002 | F106: Z | G106: 0021 | H106: 45017 | I106: 13:48 | J106: 0005 | K106: AIDE | L106: 0 | M106: 0
A107: Z002_01_032023_MATURIN.CSV | C107: MC#01 | D107: TRANSACTION | E107: FILE002 | F107: Z | G107: 0021 | H107: 45017 | I107: 13:48 | J107: 0006 | K107: TAX PGM | L107: 0 | M107: 0
A108: Z002_01_032023_MATURIN.CSV | C108: MC#01 | D108: TRANSACTION | E108: FILE002 | F108: Z | G108: 0021 | H108: 45017 | I108: 13:48 | J108: 0007 | K108: SORTIECAISSE | L108: 0 | M108: 0
A109: Z002_01_032023_MATURIN.CSV | C109: MC#01 | D109: TRANSACTION | E109: FILE002 | F109: Z | G109: 0021 | H109: 45017 | I109: 13:48 | J109: 0008 | K109: REC&ACCOMPTE | L109: 0 | M109: 0
A110: Z002_01_032023_MATURIN.CSV | C110: MC#01 | D110: TRANSACTION | E110: FILE002 | F110: Z | G110: 0021 | H110: 45017 | I110: 13:48 | J110: 0009 | K110: SIGN-OFF | L110: 0 | M110: 0
A111: Z002_01_032023_MATURIN.CSV | C111: MC#01 | D111: TRANSACTION | E111: FILE002 | F111: Z | G111: 0021 | H111: 45017 | I111: 13:48 | J111: 0010 | K111: NUM CAISSIER | L111: 0 | M111: 0
A112: Z002_01_032023_MATURIN.CSV | C112: MC#01 | D112: TRANSACTION | E112: FILE002 | F112: Z | G112: 0021 | H112: 45017 | I112: 13:48 | J112: 0011 | K112: SHIFT/No | L112: 0 | M112: 0
A113: Z002_01_032023_MATURIN.CSV | C113: MC#01 | D113: TRANSACTION | E113: FILE002 | F113: Z | G113: 0021 | H113: 45017 | I113: 13:48 | J113: 0012 | K113: DWN | L113: 0 | M113: 0
... A133: Z002_01_032023_MATURIN.CSV | C133: MC#01 | D133: TRANSACTION | E133: FILE002 | F133: Z | G133: 0021 | H133: 45017 | I133: 13:48 | J133: 0032 | K133: ANNULATION | L133: 0 | M133: 0
A134: Z002_01_032023_MATURIN.CSV | C134: MC#01 | D134: TRANSACTION | E134: FILE002 | F134: Z | G134: 0021 | H134: 45017 | I134: 13:48 | J134: 0033 | L134: 0 | M134: 0
A135: Z002_01_032023_MATURIN.CSV | C135: MC#01 | D135: TRANSACTION | E135: FILE002 | F135: Z | G135: 0021 | H135: 45017 | I135: 13:48 | J135: 0034 | L135: 0 | M135: 0
A136: Z002_01_032023_MATURIN.CSV | C136: MC#01 | D136: TRANSACTION | E136: FILE002 | F136: Z | G136: 0021 | H136: 45017 | I136: 13:48 | J136: 0035 | L136: 0 | M136: 0
A137: Z002_01_032023_MATURIN.CSV | C137: MC#01 | D137: TRANSACTION | E137: FILE002 | F137: Z | G137: 0021 | H137: 45017 | I137: 13:48 | J137: 0036 | L137: 0 | M137: 0
A138: Z002_01_032023_MATURIN.CSV | C138: MC#01 | D138: TRANSACTION | E138: FILE002 | F138: Z | G138: 0021 | H138: 45017 | I138: 13:48 | J138: 0037 | L138: 0 | M138: 0
A139: Z002_01_032023_MATURIN.CSV | C139: MC#01 | D139: TRANSACTION | E139: FILE002 | F139: Z | G139: 0021 | H139: 45017 | I139: 13:48 | J139: 0038 | L139: 0 | M139: 0
A140: Z002_01_032023_MATURIN.CSV | C140: MC#01 | D140: TRANSACTION | E140: FILE002 | F140: Z | G140: 0021 | H140: 45017 | I140: 13:48 | J140: 0039 | L140: 0 | M140: 0
A141: Z002_01_032023_MATURIN.CSV | C141: MC#01 | D141: TRANSACTION | E141: FILE002 | F141: Z | G141: 0021 | H141: 45017 | I141: 13:48 | J141: 0040 | L141: 0 | M141: 0
A142: Z002_01_032023_MATURIN.CSV | C142: MC#01 | D142: TRANSACTION | E142: FILE002 | F142: Z | G142: 0021 | H142: 45017 | I142: 13:48 | J142: 0041 | L142: 0 | M142: 0
A143: Z002_01_032023_MATURIN.CSV | C143: MC#01 | D143: TRANSACTION | E143: FILE002 | F143: Z | G143: 0021 | H143: 45017 | I143: 13:48 | J143: 0042 | L143: 0 | M143: 0
A144: Z002_01_032023_MATURIN.CSV | C144: MC#01 | D144: TRANSACTION | E144: FILE002 | F144: Z | G144: 0021 | H144: 45017 | I144: 13:48 | J144: 0043 | L144: 0 | M144: 0
A145: Z002_01_032023_MATURIN.CSV | C145: MC#01 | D145: TRANSACTION | E145: FILE002 | F145: Z | G145: 0021 | H145: 45017 | I145: 13:48 | J145: 0044 | L145: 0 | M145: 0
... A151: Z002_01_032023_MATURIN.CSV | C151: MC#01 | D151: TRANSACTION | E151: FILE002 | F151: Z | G151: 0021 | H151: 45017 | I151: 13:48 | J151: 0050 | L151: 0 | M151: 0
A152: Z002_01_052023_MATURIN.CSV | C152: MC#01 | D152: TRANSACTION | E152: FILE002 | F152: Z | G152: 0023 | H152: 45078 | I152: 08:54 | J152: 0001 | K152: ESPECES | L152: 4 | M152: 2961
A153: Z002_01_052023_MATURIN.CSV | C153: MC#01 | D153: TRANSACTION | E153: FILE002 | F153: Z | G153: 0023 | H153: 45078 | I153: 08:54 | J153: 0002 | K153: SOUS-TOTAL | L153: 0 | M153: 0
A154: Z002_01_052023_MATURIN.CSV | C154: MC#01 | D154: TRANSACTION | E154: FILE002 | F154: Z | G154: 0023 | H154: 45078 | I154: 08:54 | J154: 0003 | K154: CARTES | L154: 20 | M154: 12585
A155: Z002_01_052023_MATURIN.CSV | C155: MC#01 | D155: TRANSACTION | E155: FILE002 | F155: Z | G155: 0023 | H155: 45078 | I155: 08:54 | J155: 0004 | K155: CHEQUES | L155: 0 | M155: 0
A156: Z002_01_052023_MATURIN.CSV | C156: MC#01 | D156: TRANSACTION | E156: FILE002 | F156: Z | G156: 0023 | H156: 45078 | I156: 08:54 | J156: 0005 | K156: AIDE | L156: 0 | M156: 0
A157: Z002_01_052023_MATURIN.CSV | C157: MC#01 | D157: TRANSACTION | E157: FILE002 | F157: Z | G157: 0023 | H157: 45078 | I157: 08:54 | J157: 0006 | K157: TAX PGM | L157: 0 | M157: 0
A158: Z002_01_052023_MATURIN.CSV | C158: MC#01 | D158: TRANSACTION | E158: FILE002 | F158: Z | G158: 0023 | H158: 45078 | I158: 08:54 | J158: 0007 | K158: SORTIECAISSE | L158: 0 | M158: 0
A159: Z002_01_052023_MATURIN.CSV | C159: MC#01 | D159: TRANSACTION | E159: FILE002 | F159: Z | G159: 0023 | H159: 45078 | I159: 08:54 | J159: 0008 | K159: REC&ACCOMPTE | L159: 0 | M159: 0
A160: Z002_01_052023_MATURIN.CSV | C160: MC#01 | D160: TRANSACTION | E160: FILE002 | F160: Z | G160: 0023 | H160: 45078 | I160: 08:54 | J160: 0009 | K160: SIGN-OFF | L160: 0 | M160: 0
A161: Z002_01_052023_MATURIN.CSV | C161: MC#01 | D161: TRANSACTION | E161: FILE002 | F161: Z | G161: 0023 | H161: 45078 | I161: 08:54 | J161: 0010 | K161: NUM CAISSIER | L161: 0 | M161: 0
A162: Z002_01_052023_MATURIN.CSV | C162: MC#01 | D162: TRANSACTION | E162: FILE002 | F162: Z | G162: 0023 | H162: 45078 | I162: 08:54 | J162: 0011 | K162: SHIFT/No | L162: 0 | M162: 0
A163: Z002_01_052023_MATURIN.CSV | C163: MC#01 | D163: TRANSACTION | E163: FILE002 | F163: Z | G163: 0023 | H163: 45078 | I163: 08:54 | J163: 0012 | K163: DWN | L163: 0 | M163: 0
... A183: Z002_01_052023_MATURIN.CSV | C183: MC#01 | D183: TRANSACTION | E183: FILE002 | F183: Z | G183: 0023 | H183: 45078 | I183: 08:54 | J183: 0032 | K183: ANNULATION | L183: 0 | M183: 0
A184: Z002_01_052023_MATURIN.CSV | C184: MC#01 | D184: TRANSACTION | E184: FILE002 | F184: Z | G184: 0023 | H184: 45078 | I184: 08:54 | J184: 0033 | L184: 0 | M184: 0
A185: Z002_01_052023_MATURIN.CSV | C185: MC#01 | D185: TRANSACTION | E185: FILE002 | F185: Z | G185: 0023 | H185: 45078 | I185: 08:54 | J185: 0034 | L185: 0 | M185: 0
A186: Z002_01_052023_MATURIN.CSV | C186: MC#01 | D186: TRANSACTION | E186: FILE002 | F186: Z | G186: 0023 | H186: 45078 | I186: 08:54 | J186: 0035 | L186: 0 | M186: 0
A187: Z002_01_052023_MATURIN.CSV | C187: MC#01 | D187: TRANSACTION | E187: FILE002 | F187: Z | G187: 0023 | H187: 45078 | I187: 08:54 | J187: 0036 | L187: 0 | M187: 0
A188: Z002_01_052023_MATURIN.CSV | C188: MC#01 | D188: TRANSACTION | E188: FILE002 | F188: Z | G188: 0023 | H188: 45078 | I188: 08:54 | J188: 0037 | L188: 0 | M188: 0
A189: Z002_01_052023_MATURIN.CSV | C189: MC#01 | D189: TRANSACTION | E189: FILE002 | F189: Z | G189: 0023 | H189: 45078 | I189: 08:54 | J189: 0038 | L189: 0 | M189: 0
A190: Z002_01_052023_MATURIN.CSV | C190: MC#01 | D190: TRANSACTION | E190: FILE002 | F190: Z | G190: 0023 | H190: 45078 | I190: 08:54 | J190: 0039 | L190: 0 | M190: 0
A191: Z002_01_052023_MATURIN.CSV | C191: MC#01 | D191: TRANSACTION | E191: FILE002 | F191: Z | G191: 0023 | H191: 45078 | I191: 08:54 | J191: 0040 | L191: 0 | M191: 0
...

Sheet Z2_CplteAnneeMois
A1: nomfichier | B1: E_MODELE | C1: E_MACHINE | D1: E_RAPPORT | E1: E_FICHIER | F1: E_MODE | G1: E_COMPTEUR_Z | H1: E_DATE | I1: E_HEURE | J1: D_ENREGISTREMENT | K1: D_DESIGNATION | L1: D_QUANTITE | M1: D_MONTANT | N1: AJ_ANNEE_Z | O1: AJ_MOIS_Z
A2: Z002_01_012023_MATURIN.CSV | C2: MC#01 | D2: TRANSACTION | E2: FILE002 | F2: Z | G2: 0019 | H2: 44958 | I2: 10:06 | J2: 0001 | K2: ESPECES | L2: 10 | M2: 5248 | N2: 2023 | O2: 2023-01
A3: Z002_01_012023_MATURIN.CSV | C3: MC#01 | D3: TRANSACTION | E3: FILE002 | F3: Z | G3: 0019 | H3: 44958 | I3: 10:06 | J3: 0002 | K3: SOUS-TOTAL | L3: 0 | M3: 0 | N3: 2023 | O3: 2023-01
A4: Z002_01_012023_MATURIN.CSV | C4: MC#01 | D4: TRANSACTION | E4: FILE002 | F4: Z | G4: 0019 | H4: 44958 | I4: 10:06 | J4: 0003 | K4: CARTES | L4: 22 | M4: 17964.6 | N4: 2023 | O4: 2023-01
A5: Z002_01_012023_MATURIN.CSV | C5: MC#01 | D5: TRANSACTION | E5: FILE002 | F5: Z | G5: 0019 | H5: 44958 | I5: 10:06 | J5: 0004 | K5: CHEQUES | L5: 0 | M5: 0 | N5: 2023 | O5: 2023-01
A6: Z002_01_012023_MATURIN.CSV | C6: MC#01 | D6: TRANSACTION | E6: FILE002 | F6: Z | G6: 0019 | H6: 44958 | I6: 10:06 | J6: 0005 | K6: AIDE | L6: 0 | M6: 0 | N6: 2023 | O6: 2023-01
A7: Z002_01_012023_MATURIN.CSV | C7: MC#01 | D7: TRANSACTION | E7: FILE002 | F7: Z | G7: 0019 | H7: 44958 | I7: 10:06 | J7: 0006 | K7: TAX PGM | L7: 0 | M7: 0 | N7: 2023 | O7: 2023-01
A8: Z002_01_012023_MATURIN.CSV | C8: MC#01 | D8: TRANSACTION | E8: FILE002 | F8: Z | G8: 0019 | H8: 44958 | I8: 10:06 | J8: 0007 | K8: SORTIECAISSE | L8: 0 | M8: 0 | N8: 2023 | O8: 2023-01
A9: Z002_01_012023_MATURIN.CSV | C9: MC#01 | D9: TRANSACTION | E9: FILE002 | F9: Z | G9: 0019 | H9: 44958 | I9: 10:06 | J9: 0008 | K9: REC&ACCOMPTE | L9: 0 | M9: 0 | N9: 2023 | O9: 2023-01
A10: Z002_01_012023_MATURIN.CSV | C10: MC#01 | D10: TRANSACTION | E10: FILE002 | F10: Z | G10: 0019 | H10: 44958 | I10: 10:06 | J10: 0009 | K10: SIGN-OFF | L10: 0 | M10: 0 | N10: 2023 | O10: 2023-01
A11: Z002_01_012023_MATURIN.CSV | C11: MC#01 | D11: TRANSACTION | E11: FILE002 | F11: Z | G11: 0019 | H11: 44958 | I11: 10:06 | J11: 0010 | K11: NUM CAISSIER | L11: 0 | M11: 0 | N11: 2023 | O11: 2023-01
A12: Z002_01_012023_MATURIN.CSV | C12: MC#01 | D12: TRANSACTION | E12: FILE002 | F12: Z | G12: 0019 | H12: 44958 | I12: 10:06 | J12: 0011 | K12: SHIFT/No | L12: 0 | M12: 0 | N12: 2023 | O12: 2023-01
A13: Z002_01_012023_MATURIN.CSV | C13: MC#01 | D13: TRANSACTION | E13: FILE002 | F13: Z | G13: 0019 | H13: 44958 | I13: 10:06 | J13: 0012 | K13: DWN | L13: 0 | M13: 0 | N13: 2023 | O13: 2023-01
... A33: Z002_01_012023_MATURIN.CSV | C33: MC#01 | D33: TRANSACTION | E33: FILE002 | F33: Z | G33: 0019 | H33: 44958 | I33: 10:06 | J33: 0032 | K33: ANNULATION | L33: 0 | M33: 0 | N33: 2023 | O33: 2023-01
A34: Z002_01_012023_MATURIN.CSV | C34: MC#01 | D34: TRANSACTION | E34: FILE002 | F34: Z | G34: 0019 | H34: 44958 | I34: 10:06 | J34: 0033 | L34: 0 | M34: 0 | N34: 2023 | O34: 2023-01
A35: Z002_01_012023_MATURIN.CSV | C35: MC#01 | D35: TRANSACTION | E35: FILE002 | F35: Z | G35: 0019 | H35: 44958 | I35: 10:06 | J35: 0034 | L35: 0 | M35: 0 | N35: 2023 | O35: 2023-01
A36: Z002_01_012023_MATURIN.CSV | C36: MC#01 | D36: TRANSACTION | E36: FILE002 | F36: Z | G36: 0019 | H36: 44958 | I36: 10:06 | J36: 0035 | L36: 0 | M36: 0 | N36: 2023 | O36: 2023-01
A37: Z002_01_012023_MATURIN.CSV | C37: MC#01 | D37: TRANSACTION | E37: FILE002 | F37: Z | G37: 0019 | H37: 44958 | I37: 10:06 | J37: 0036 | L37: 0 | M37: 0 | N37: 2023 | O37: 2023-01
A38: Z002_01_012023_MATURIN.CSV | C38: MC#01 | D38: TRANSACTION | E38: FILE002 | F38: Z | G38: 0019 | H38: 44958 | I38: 10:06 | J38: 0037 | L38: 0 | M38: 0 | N38: 2023 | O38: 2023-01
A39: Z002_01_012023_MATURIN.CSV | C39: MC#01 | D39: TRANSACTION | E39: FILE002 | F39: Z | G39: 0019 | H39: 44958 | I39: 10:06 | J39: 0038 | L39: 0 | M39: 0 | N39: 2023 | O39: 2023-01
A40: Z002_01_012023_MATURIN.CSV | C40: MC#01 | D40: TRANSACTION | E40: FILE002 | F40: Z | G40: 0019 | H40: 44958 | I40: 10:06 | J40: 0039 | L40: 0 | M40: 0 | N40: 2023 | O40: 2023-01
A41: Z002_01_012023_MATURIN.CSV | C41: MC#01 | D41: TRANSACTION | E41: FILE002 | F41: Z | G41: 0019 | H41: 44958 | I41: 10:06 | J41: 0040 | L41: 0 | M41: 0 | N41: 2023 | O41: 2023-01
A42: Z002_01_012023_MATURIN.CSV | C42: MC#01 | D42: TRANSACTION | E42: FILE002 | F42: Z | G42: 0019 | H42: 44958 | I42: 10:06 | J42: 0041 | L42: 0 | M42: 0 | N42: 2023 | O42: 2023-01
A43: Z002_01_012023_MATURIN.CSV | C43: MC#01 | D43: TRANSACTION | E43: FILE002 | F43: Z | G43: 0019 | H43: 44958 | I43: 10:06 | J43: 0042 | L43: 0 | M43: 0 | N43: 2023 | O43: 2023-01
A44: Z002_01_012023_MATURIN.CSV | C44: MC#01 | D44: TRANSACTION | E44: FILE002 | F44: Z | G44: 0019 | H44: 44958 | I44: 10:06 | J44: 0043 | L44: 0 | M44: 0 | N44: 2023 | O44: 2023-01
A45: Z002_01_012023_MATURIN.CSV | C45: MC#01 | D45: TRANSACTION | E45: FILE002 | F45: Z | G45: 0019 | H45: 44958 | I45: 10:06 | J45: 0044 | L45: 0 | M45: 0 | N45: 2023 | O45: 2023-01
... A51: Z002_01_012023_MATURIN.CSV | C51: MC#01 | D51: TRANSACTION | E51: FILE002 | F51: Z | G51: 0019 | H51: 44958 | I51: 10:06 | J51: 0050 | L51: 0 | M51: 0 | N51: 2023 | O51: 2023-01
A52: Z002_01_022023_MATURIN.CSV | C52: MC#01 | D52: TRANSACTION | E52: FILE002 | F52: Z | G52: 0020 | H52: 44986 | I52: 10:42 | J52: 0001 | K52: ESPECES | L52: 14 | M52: 8570.8 | N52: 2023 | O52: 2023-02
A53: Z002_01_022023_MATURIN.CSV | C53: MC#01 | D53: TRANSACTION | E53: FILE002 | F53: Z | G53: 0020 | H53: 44986 | I53: 10:42 | J53: 0002 | K53: SOUS-TOTAL | L53: 0 | M53: 0 | N53: 2023 | O53: 2023-02
A54: Z002_01_022023_MATURIN.CSV | C54: MC#01 | D54: TRANSACTION | E54: FILE002 | F54: Z | G54: 0020 | H54: 44986 | I54: 10:42 | J54: 0003 | K54: CARTES | L54: 13 | M54: 11477 | N54: 2023 | O54: 2023-02
A55: Z002_01_022023_MATURIN.CSV | C55: MC#01 | D55: TRANSACTION | E55: FILE002 | F55: Z | G55: 0020 | H55: 44986 | I55: 10:42 | J55: 0004 | K55: CHEQUES | L55: 1 | M55: 329 | N55: 2023 | O55: 2023-02
A56: Z002_01_022023_MATURIN.CSV | C56: MC#01 | D56: TRANSACTION | E56: FILE002 | F56: Z | G56: 0020 | H56: 44986 | I56: 10:42 | J56: 0005 | K56: AIDE | L56: 0 | M56: 0 | N56: 2023 | O56: 2023-02
A57: Z002_01_022023_MATURIN.CSV | C57: MC#01 | D57: TRANSACTION | E57: FILE002 | F57: Z | G57: 0020 | H57: 44986 | I57: 10:42 | J57: 0006 | K57: TAX PGM | L57: 0 | M57: 0 | N57: 2023 | O57: 2023-02
A58: Z002_01_022023_MATURIN.CSV | C58: MC#01 | D58: TRANSACTION | E58: FILE002 | F58: Z | G58: 0020 | H58: 44986 | I58: 10:42 | J58: 0007 | K58: SORTIECAISSE | L58: 0 | M58: 0 | N58: 2023 | O58: 2023-02
A59: Z002_01_022023_MATURIN.CSV | C59: MC#01 | D59: TRANSACTION | E59: FILE002 | F59: Z | G59: 0020 | H59: 44986 | I59: 10:42 | J59: 0008 | K59: REC&ACCOMPTE | L59: 0 | M59: 0 | N59: 2023 | O59: 2023-02
A60: Z002_01_022023_MATURIN.CSV | C60: MC#01 | D60: TRANSACTION | E60: FILE002 | F60: Z | G60: 0020 | H60: 44986 | I60: 10:42 | J60: 0009 | K60: SIGN-OFF | L60: 0 | M60: 0 | N60: 2023 | O60: 2023-02
A61: Z002_01_022023_MATURIN.CSV | C61: MC#01 | D61: TRANSACTION | E61: FILE002 | F61: Z | G61: 0020 | H61: 44986 | I61: 10:42 | J61: 0010 | K61: NUM CAISSIER | L61: 0 | M61: 0 | N61: 2023 | O61: 2023-02
A62: Z002_01_022023_MATURIN.CSV | C62: MC#01 | D62: TRANSACTION | E62: FILE002 | F62: Z | G62: 0020 | H62: 44986 | I62: 10:42 | J62: 0011 | K62: SHIFT/No | L62: 0 | M62: 0 | N62: 2023 | O62: 2023-02
A63: Z002_01_022023_MATURIN.CSV | C63: MC#01 | D63: TRANSACTION | E63: FILE002 | F63: Z | G63: 0020 | H63: 44986 | I63: 10:42 | J63: 0012 | K63: DWN | L63: 0 | M63: 0 | N63: 2023 | O63: 2023-02
... A83: Z002_01_022023_MATURIN.CSV | C83: MC#01 | D83: TRANSACTION | E83: FILE002 | F83: Z | G83: 0020 | H83: 44986 | I83: 10:42 | J83: 0032 | K83: ANNULATION | L83: 0 | M83: 0 | N83: 2023 | O83: 2023-02
A84: Z002_01_022023_MATURIN.CSV | C84: MC#01 | D84: TRANSACTION | E84: FILE002 | F84: Z | G84: 0020 | H84: 44986 | I84: 10:42 | J84: 0033 | L84: 0 | M84: 0 | N84: 2023 | O84: 2023-02
A85: Z002_01_022023_MATURIN.CSV | C85: MC#01 | D85: TRANSACTION | E85: FILE002 | F85: Z | G85: 0020 | H85: 44986 | I85: 10:42 | J85: 0034 | L85: 0 | M85: 0 | N85: 2023 | O85: 2023-02
A86: Z002_01_022023_MATURIN.CSV | C86: MC#01 | D86: TRANSACTION | E86: FILE002 | F86: Z | G86: 0020 | H86: 44986 | I86: 10:42 | J86: 0035 | L86: 0 | M86: 0 | N86: 2023 | O86: 2023-02
A87: Z002_01_022023_MATURIN.CSV | C87: MC#01 | D87: TRANSACTION | E87: FILE002 | F87: Z | G87: 0020 | H87: 44986 | I87: 10:42 | J87: 0036 | L87: 0 | M87: 0 | N87: 2023 | O87: 2023-02
A88: Z002_01_022023_MATURIN.CSV | C88: MC#01 | D88: TRANSACTION | E88: FILE002 | F88: Z | G88: 0020 | H88: 44986 | I88: 10:42 | J88: 0037 | L88: 0 | M88: 0 | N88: 2023 | O88: 2023-02
A89: Z002_01_022023_MATURIN.CSV | C89: MC#01 | D89: TRANSACTION | E89: FILE002 | F89: Z | G89: 0020 | H89: 44986 | I89: 10:42 | J89: 0038 | L89: 0 | M89: 0 | N89: 2023 | O89: 2023-02
A90: Z002_01_022023_MATURIN.CSV | C90: MC#01 | D90: TRANSACTION | E90: FILE002 | F90: Z | G90: 0020 | H90: 44986 | I90: 10:42 | J90: 0039 | L90: 0 | M90: 0 | N90: 2023 | O90: 2023-02
A91: Z002_01_022023_MATURIN.CSV | C91: MC#01 | D91: TRANSACTION | E91: FILE002 | F91: Z | G91: 0020 | H91: 44986 | I91: 10:42 | J91: 0040 | L91: 0 | M91: 0 | N91: 2023 | O91: 2023-02
A92: Z002_01_022023_MATURIN.CSV | C92: MC#01 | D92: TRANSACTION | E92: FILE002 | F92: Z | G92: 0020 | H92: 44986 | I92: 10:42 | J92: 0041 | L92: 0 | M92: 0 | N92: 2023 | O92: 2023-02
A93: Z002_01_022023_MATURIN.CSV | C93: MC#01 | D93: TRANSACTION | E93: FILE002 | F93: Z | G93: 0020 | H93: 44986 | I93: 10:42 | J93: 0042 | L93: 0 | M93: 0 | N93: 2023 | O93: 2023-02
A94: Z002_01_022023_MATURIN.CSV | C94: MC#01 | D94: TRANSACTION | E94: FILE002 | F94: Z | G94: 0020 | H94: 44986 | I94: 10:42 | J94: 0043 | L94: 0 | M94: 0 | N94: 2023 | O94: 2023-02
A95: Z002_01_022023_MATURIN.CSV | C95: MC#01 | D95: TRANSACTION | E95: FILE002 | F95: Z | G95: 0020 | H95: 44986 | I95: 10:42 | J95: 0044 | L95: 0 | M95: 0 | N95: 2023 | O95: 2023-02
... A101: Z002_01_022023_MATURIN.CSV | C101: MC#01 | D101: TRANSACTION | E101: FILE002 | F101: Z | G101: 0020 | H101: 44986 | I101: 10:42 | J101: 0050 | L101: 0 | M101: 0 | N101: 2023 | O101: 2023-02
A102: Z002_01_032023_MATURIN.CSV | C102: MC#01 | D102: TRANSACTION | E102: FILE002 | F102: Z | G102: 0021 | H102: 45017 | I102: 13:48 | J102: 0001 | K102: ESPECES | L102: 13 | M102: 9836 | N102: 2023 | O102: 2023-03
A103: Z002_01_032023_MATURIN.CSV | C103: MC#01 | D103: TRANSACTION | E103: FILE002 | F103: Z | G103: 0021 | H103: 45017 | I103: 13:48 | J103: 0002 | K103: SOUS-TOTAL | L103: 0 | M103: 0 | N103: 2023 | O103: 2023-03
A104: Z002_01_032023_MATURIN.CSV | C104: MC#01 | D104: TRANSACTION | E104: FILE002 | F104: Z | G104: 0021 | H104: 45017 | I104: 13:48 | J104: 0003 | K104: CARTES | L104: 14 | M104: 15536 | N104: 2023 | O104: 2023-03
A105: Z002_01_032023_MATURIN.CSV | C105: MC#01 | D105: TRANSACTION | E105: FILE002 | F105: Z | G105: 0021 | H105: 45017 | I105: 13:48 | J105: 0004 | K105: CHEQUES | L105: 0 | M105: 0 | N105: 2023 | O105: 2023-03
A106: Z002_01_032023_MATURIN.CSV | C106: MC#01 | D106: TRANSACTION | E106: FILE002 | F106: Z | G106: 0021 | H106: 45017 | I106: 13:48 | J106: 0005 | K106: AIDE | L106: 0 | M106: 0 | N106: 2023 | O106: 2023-03
A107: Z002_01_032023_MATURIN.CSV | C107: MC#01 | D107: TRANSACTION | E107: FILE002 | F107: Z | G107: 0021 | H107: 45017 | I107: 13:48 | J107: 0006 | K107: TAX PGM | L107: 0 | M107: 0 | N107: 2023 | O107: 2023-03
A108: Z002_01_032023_MATURIN.CSV | C108: MC#01 | D108: TRANSACTION | E108: FILE002 | F108: Z | G108: 0021 | H108: 45017 | I108: 13:48 | J108: 0007 | K108: SORTIECAISSE | L108: 0 | M108: 0 | N108: 2023 | O108: 2023-03
A109: Z002_01_032023_MATURIN.CSV | C109: MC#01 | D109: TRANSACTION | E109: FILE002 | F109: Z | G109: 0021 | H109: 45017 | I109: 13:48 | J109: 0008 | K109: REC&ACCOMPTE | L109: 0 | M109: 0 | N109: 2023 | O109: 2023-03
A110: Z002_01_032023_MATURIN.CSV | C110: MC#01 | D110: TRANSACTION | E110: FILE002 | F110: Z | G110: 0021 | H110: 45017 | I110: 13:48 | J110: 0009 | K110: SIGN-OFF | L110: 0 | M110: 0 | N110: 2023 | O110: 2023-03
A111: Z002_01_032023_MATURIN.CSV | C111: MC#01 | D111: TRANSACTION | E111: FILE002 | F111: Z | G111: 0021 | H111: 45017 | I111: 13:48 | J111: 0010 | K111: NUM CAISSIER | L111: 0 | M111: 0 | N111: 2023 | O111: 2023-03
A112: Z002_01_032023_MATURIN.CSV | C112: MC#01 | D112: TRANSACTION | E112: FILE002 | F112: Z | G112: 0021 | H112: 45017 | I112: 13:48 | J112: 0011 | K112: SHIFT/No | L112: 0 | M112: 0 | N112: 2023 | O112: 2023-03
A113: Z002_01_032023_MATURIN.CSV | C113: MC#01 | D113: TRANSACTION | E113: FILE002 | F113: Z | G113: 0021 | H113: 45017 | I113: 13:48 | J113: 0012 | K113: DWN | L113: 0 | M113: 0 | N113: 2023 | O113: 2023-03
... A133: Z002_01_032023_MATURIN.CSV | C133: MC#01 | D133: TRANSACTION | E133: FILE002 | F133: Z | G133: 0021 | H133: 45017 | I133: 13:48 | J133: 0032 | K133: ANNULATION | L133: 0 | M133: 0 | N133: 2023 | O133: 2023-03
A134: Z002_01_032023_MATURIN.CSV | C134: MC#01 | D134: TRANSACTION | E134: FILE002 | F134: Z | G134: 0021 | H134: 45017 | I134: 13:48 | J134: 0033 | L134: 0 | M134: 0 | N134: 2023 | O134: 2023-03
A135: Z002_01_032023_MATURIN.CSV | C135: MC#01 | D135: TRANSACTION | E135: FILE002 | F135: Z | G135: 0021 | H135: 45017 | I135: 13:48 | J135: 0034 | L135: 0 | M135: 0 | N135: 2023 | O135: 2023-03
A136: Z002_01_032023_MATURIN.CSV | C136: MC#01 | D136: TRANSACTION | E136: FILE002 | F136: Z | G136: 0021 | H136: 45017 | I136: 13:48 | J136: 0035 | L136: 0 | M136: 0 | N136: 2023 | O136: 2023-03
A137: Z002_01_032023_MATURIN.CSV | C137: MC#01 | D137: TRANSACTION | E137: FILE002 | F137: Z | G137: 0021 | H137: 45017 | I137: 13:48 | J137: 0036 | L137: 0 | M137: 0 | N137: 2023 | O137: 2023-03
A138: Z002_01_032023_MATURIN.CSV | C138: MC#01 | D138: TRANSACTION | E138: FILE002 | F138: Z | G138: 0021 | H138: 45017 | I138: 13:48 | J138: 0037 | L138: 0 | M138: 0 | N138: 2023 | O138: 2023-03
A139: Z002_01_032023_MATURIN.CSV | C139: MC#01 | D139: TRANSACTION | E139: FILE002 | F139: Z | G139: 0021 | H139: 45017 | I139: 13:48 | J139: 0038 | L139: 0 | M139: 0 | N139: 2023 | O139: 2023-03
A140: Z002_01_032023_MATURIN.CSV | C140: MC#01 | D140: TRANSACTION | E140: FILE002 | F140: Z | G140: 0021 | H140: 45017 | I140: 13:48 | J140: 0039 | L140: 0 | M140: 0 | N140: 2023 | O140: 2023-03
A141: Z002_01_032023_MATURIN.CSV | C141: MC#01 | D141: TRANSACTION | E141: FILE002 | F141: Z | G141: 0021 | H141: 45017 | I141: 13:48 | J141: 0040 | L141: 0 | M141: 0 | N141: 2023 | O141: 2023-03
A142: Z002_01_032023_MATURIN.CSV | C142: MC#01 | D142: TRANSACTION | E142: FILE002 | F142: Z | G142: 0021 | H142: 45017 | I142: 13:48 | J142: 0041 | L142: 0 | M142: 0 | N142: 2023 | O142: 2023-03
A143: Z002_01_032023_MATURIN.CSV | C143: MC#01 | D143: TRANSACTION | E143: FILE002 | F143: Z | G143: 0021 | H143: 45017 | I143: 13:48 | J143: 0042 | L143: 0 | M143: 0 | N143: 2023 | O143: 2023-03
A144: Z002_01_032023_MATURIN.CSV | C144: MC#01 | D144: TRANSACTION | E144: FILE002 | F144: Z | G144: 0021 | H144: 45017 | I144: 13:48 | J144: 0043 | L144: 0 | M144: 0 | N144: 2023 | O144: 2023-03
A145: Z002_01_032023_MATURIN.CSV | C145: MC#01 | D145: TRANSACTION | E145: FILE002 | F145: Z | G145: 0021 | H145: 45017 | I145: 13:48 | J145: 0044 | L145: 0 | M145: 0 | N145: 2023 | O145: 2023-03
... A151: Z002_01_032023_MATURIN.CSV | C151: MC#01 | D151: TRANSACTION | E151: FILE002 | F151: Z | G151: 0021 | H151: 45017 | I151: 13:48 | J151: 0050 | L151: 0 | M151: 0 | N151: 2023 | O151: 2023-03
A152: Z002_01_052023_MATURIN.CSV | C152: MC#01 | D152: TRANSACTION | E152: FILE002 | F152: Z | G152: 0023 | H152: 45078 | I152: 08:54 | J152: 0001 | K152: ESPECES | L152: 4 | M152: 2961 | N152: 2023 | O152: 2023-05
A153: Z002_01_052023_MATURIN.CSV | C153: MC#01 | D153: TRANSACTION | E153: FILE002 | F153: Z | G153: 0023 | H153: 45078 | I153: 08:54 | J153: 0002 | K153: SOUS-TOTAL | L153: 0 | M153: 0 | N153: 2023 | O153: 2023-05
A154: Z002_01_052023_MATURIN.CSV | C154: MC#01 | D154: TRANSACTION | E154: FILE002 | F154: Z | G154: 0023 | H154: 45078 | I154: 08:54 | J154: 0003 | K154: CARTES | L154: 20 | M154: 12585 | N154: 2023 | O154: 2023-05
A155: Z002_01_052023_MATURIN.CSV | C155: MC#01 | D155: TRANSACTION | E155: FILE002 | F155: Z | G155: 0023 | H155: 45078 | I155: 08:54 | J155: 0004 | K155: CHEQUES | L155: 0 | M155: 0 | N155: 2023 | O155: 2023-05
A156: Z002_01_052023_MATURIN.CSV | C156: MC#01 | D156: TRANSACTION | E156: FILE002 | F156: Z | G156: 0023 | H156: 45078 | I156: 08:54 | J156: 0005 | K156: AIDE | L156: 0 | M156: 0 | N156: 2023 | O156: 2023-05
A157: Z002_01_052023_MATURIN.CSV | C157: MC#01 | D157: TRANSACTION | E157: FILE002 | F157: Z | G157: 0023 | H157: 45078 | I157: 08:54 | J157: 0006 | K157: TAX PGM | L157: 0 | M157: 0 | N157: 2023 | O157: 2023-05
A158: Z002_01_052023_MATURIN.CSV | C158: MC#01 | D158: TRANSACTION | E158: FILE002 | F158: Z | G158: 0023 | H158: 45078 | I158: 08:54 | J158: 0007 | K158: SORTIECAISSE | L158: 0 | M158: 0 | N158: 2023 | O158: 2023-05
A159: Z002_01_052023_MATURIN.CSV | C159: MC#01 | D159: TRANSACTION | E159: FILE002 | F159: Z | G159: 0023 | H159: 45078 | I159: 08:54 | J159: 0008 | K159: REC&ACCOMPTE | L159: 0 | M159: 0 | N159: 2023 | O159: 2023-05
A160: Z002_01_052023_MATURIN.CSV | C160: MC#01 | D160: TRANSACTION | E160: FILE002 | F160: Z | G160: 0023 | H160: 45078 | I160: 08:54 | J160: 0009 | K160: SIGN-OFF | L160: 0 | M160: 0 | N160: 2023 | O160: 2023-05
A161: Z002_01_052023_MATURIN.CSV | C161: MC#01 | D161: TRANSACTION | E161: FILE002 | F161: Z | G161: 0023 | H161: 45078 | I161: 08:54 | J161: 0010 | K161: NUM CAISSIER | L161: 0 | M161: 0 | N161: 2023 | O161: 2023-05
A162: Z002_01_052023_MATURIN.CSV | C162: MC#01 | D162: TRANSACTION | E162: FILE002 | F162: Z | G162: 0023 | H162: 45078 | I162: 08:54 | J162: 0011 | K162: SHIFT/No | L162: 0 | M162: 0 | N162: 2023 | O162: 2023-05
A163: Z002_01_052023_MATURIN.CSV | C163: MC#01 | D163: TRANSACTION | E163: FILE002 | F163: Z | G163: 0023 | H163: 45078 | I163: 08:54 | J163: 0012 | K163: DWN | L163: 0 | M163: 0 | N163: 2023 | O163: 2023-05
... A183: Z002_01_052023_MATURIN.CSV | C183: MC#01 | D183: TRANSACTION | E183: FILE002 | F183: Z | G183: 0023 | H183: 45078 | I183: 08:54 | J183: 0032 | K183: ANNULATION | L183: 0 | M183: 0 | N183: 2023 | O183: 2023-05
A184: Z002_01_052023_MATURIN.CSV | C184: MC#01 | D184: TRANSACTION | E184: FILE002 | F184: Z | G184: 0023 | H184: 45078 | I184: 08:54 | J184: 0033 | L184: 0 | M184: 0 | N184: 2023 | O184: 2023-05
A185: Z002_01_052023_MATURIN.CSV | C185: MC#01 | D185: TRANSACTION | E185: FILE002 | F185: Z | G185: 0023 | H185: 45078 | I185: 08:54 | J185: 0034 | L185: 0 | M185: 0 | N185: 2023 | O185: 2023-05
A186: Z002_01_052023_MATURIN.CSV | C186: MC#01 | D186: TRANSACTION | E186: FILE002 | F186: Z | G186: 0023 | H186: 45078 | I186: 08:54 | J186: 0035 | L186: 0 | M186: 0 | N186: 2023 | O186: 2023-05
A187: Z002_01_052023_MATURIN.CSV | C187: MC#01 | D187: TRANSACTION | E187: FILE002 | F187: Z | G187: 0023 | H187: 45078 | I187: 08:54 | J187: 0036 | L187: 0 | M187: 0 | N187: 2023 | O187: 2023-05
A188: Z002_01_052023_MATURIN.CSV | C188: MC#01 | D188: TRANSACTION | E188: FILE002 | F188: Z | G188: 0023 | H188: 45078 | I188: 08:54 | J188: 0037 | L188: 0 | M188: 0 | N188: 2023 | O188: 2023-05
A189: Z002_01_052023_MATURIN.CSV | C189: MC#01 | D189: TRANSACTION | E189: FILE002 | F189: Z | G189: 0023 | H189: 45078 | I189: 08:54 | J189: 0038 | L189: 0 | M189: 0 | N189: 2023 | O189: 2023-05
A190: Z002_01_052023_MATURIN.CSV | C190: MC#01 | D190: TRANSACTION | E190: FILE002 | F190: Z | G190: 0023 | H190: 45078 | I190: 08:54 | J190: 0039 | L190: 0 | M190: 0 | N190: 2023 | O190: 2023-05
A191: Z002_01_052023_MATURIN.CSV | C191: MC#01 | D191: TRANSACTION | E191: FILE002 | F191: Z | G191: 0023 | H191: 45078 | I191: 08:54 | J191: 0040 | L191: 0 | M191: 0 | N191: 2023 | O191: 2023-05
...

Sheet TD_TotalNatureTransac
A1: AJ_ANNEE_Z | B1: AJ_MOIS_Z | C1: E_MODE | D1: D_DESIGNATION | E1: D_QUANTITE | F1: D_MONTANT
A2: 2023 | B2: 2023-01 | C2: Z | D2: CARTES | E2: =SUMIFS('Z2_CplteAnneeMois'!$L$2:$L$751,'Z2_CplteAnneeMois'!$O$2:$O$751,B2,'Z2_CplteAnneeMois'!$F$2:$F$751,C2,'Z2_CplteAnneeMois'!$K$2:$K$751,D2) | F2: =SUMIFS('Z2_CplteAnneeMois'!$M$2:$M$751,'Z2_CplteAnneeMois'!$O$2:$O$751,B2,'Z2_CplteAnneeMois'!$F$2:$F$751,C2,'Z2_CplteAnneeMois'!$K$2:$K$751,D2)
A3: 2023 | B3: 2023-01 | C3: Z | D3: CHEQUES | E3: =SUMIFS('Z2_CplteAnneeMois'!$L$2:$L$751,'Z2_CplteAnneeMois'!$O$2:$O$751,B3,'Z2_CplteAnneeMois'!$F$2:$F$751,C3,'Z2_CplteAnneeMois'!$K$2:$K$751,D3) | F3: =SUMIFS('Z2_CplteAnneeMois'!$M$2:$M$751,'Z2_CplteAnneeMois'!$O$2:$O$751,B3,'Z2_CplteAnneeMois'!$F$2:$F$751,C3,'Z2_CplteAnneeMois'!$K$2:$K$751,D3)
A4: 2023 | B4: 2023-01 | C4: Z | D4: CORRECTION | E4: =SUMIFS('Z2_CplteAnneeMois'!$L$2:$L$751,'Z2_CplteAnneeMois'!$O$2:$O$751,B4,'Z2_CplteAnneeMois'!$F$2:$F$751,C4,'Z2_CplteAnneeMois'!$K$2:$K$751,D4) | F4: =SUMIFS('Z2_CplteAnneeMois'!$M$2:$M$751,'Z2_CplteAnneeMois'!$O$2:$O$751,B4,'Z2_CplteAnneeMois'!$F$2:$F$751,C4,'Z2_CplteAnneeMois'!$K$2:$K$751,D4)
A5: 2023 | B5: 2023-01 | C5: Z | D5: ESPECES | E5: =SUMIFS('Z2_CplteAnneeMois'!$L$2:$L$751,'Z2_CplteAnneeMois'!$O$2:$O$751,B5,'Z2_CplteAnneeMois'!$F$2:$F$751,C5,'Z2_CplteAnneeMois'!$K$2:$K$751,D5) | F5: =SUMIFS('Z2_CplteAnneeMois'!$M$2:$M$751,'Z2_CplteAnneeMois'!$O$2:$O$751,B5,'Z2_CplteAnneeMois'!$F$2:$F$751,C5,'Z2_CplteAnneeMois'!$K$2:$K$751,D5)
A6: 2023 | B6: 2023-01 | C6: Z | D6: REF./TIROIR | E6: =SUMIFS('Z2_CplteAnneeMois'!$L$2:$L$751,'Z2_CplteAnneeMois'!$O$2:$O$751,B6,'Z2_CplteAnneeMois'!$F$2:$F$751,C6,'Z2_CplteAnneeMois'!$K$2:$K$751,D6) | F6: =SUMIFS('Z2_CplteAnneeMois'!$M$2:$M$751,'Z2_CplteAnneeMois'!$O$2:$O$751,B6,'Z2_CplteAnneeMois'!$F$2:$F$751,C6,'Z2_CplteAnneeMois'!$K$2:$K$751,D6)
A7: 2023 | B7: 2023-01 | C7: ZZ1 | D7: CARTES | E7: =SUMIFS('Z2_CplteAnneeMois'!$L$2:$L$751,'Z2_CplteAnneeMois'!$O$2:$O$751,B7,'Z2_CplteAnneeMois'!$F$2:$F$751,C7,'Z2_CplteAnneeMois'!$K$2:$K$751,D7) | F7: =SUMIFS('Z2_CplteAnneeMois'!$M$2:$M$751,'Z2_CplteAnneeMois'!$O$2:$O$751,B7,'Z2_CplteAnneeMois'!$F$2:$F$751,C7,'Z2_CplteAnneeMois'!$K$2:$K$751,D7)
A8: 2023 | B8: 2023-01 | C8: ZZ1 | D8: CHEQUES | E8: =SUMIFS('Z2_CplteAnneeMois'!$L$2:$L$751,'Z2_CplteAnneeMois'!$O$2:$O$751,B8,'Z2_CplteAnneeMois'!$F$2:$F$751,C8,'Z2_CplteAnneeMois'!$K$2:$K$751,D8) | F8: =SUMIFS('Z2_CplteAnneeMois'!$M$2:$M$751,'Z2_CplteAnneeMois'!$O$2:$O$751,B8,'Z2_CplteAnneeMois'!$F$2:$F$751,C8,'Z2_CplteAnneeMois'!$K$2:$K$751,D8)
A9: 2023 | B9: 2023-01 | C9: ZZ1 | D9: CORRECTION | E9: =SUMIFS('Z2_CplteAnneeMois'!$L$2:$L$751,'Z2_CplteAnneeMois'!$O$2:$O$751,B9,'Z2_CplteAnneeMois'!$F$2:$F$751,C9,'Z2_CplteAnneeMois'!$K$2:$K$751,D9) | F9: =SUMIFS('Z2_CplteAnneeMois'!$M$2:$M$751,'Z2_CplteAnneeMois'!$O$2:$O$751,B9,'Z2_CplteAnneeMois'!$F$2:$F$751,C9,'Z2_CplteAnneeMois'!$K$2:$K$751,D9)
A10: 2023 | B10: 2023-01 | C10: ZZ1 | D10: ESPECES | E10: =SUMIFS('Z2_CplteAnneeMois'!$L$2:$L$751,'Z2_CplteAnneeMois'!$O$2:$O$751,B10,'Z2_CplteAnneeMois'!$F$2:$F$751,C10,'Z2_CplteAnneeMois'!$K$2:$K$751,D10) | F10: =SUMIFS('Z2_CplteAnneeMois'!$M$2:$M$751,'Z2_CplteAnneeMois'!$O$2:$O$751,B10,'Z2_CplteAnneeMois'!$F$2:$F$751,C10,'Z2_CplteAnneeMois'!$K$2:$K$751,D10)
A11: 2023 | B11: 2023-01 | C11: ZZ1 | D11: REF./TIROIR | E11: =SUMIFS('Z2_CplteAnneeMois'!$L$2:$L$751,'Z2_CplteAnneeMois'!$O$2:$O$751,B11,'Z2_CplteAnneeMois'!$F$2:$F$751,C11,'Z2_CplteAnneeMois'!$K$2:$K$751,D11) | F11: =SUMIFS('Z2_CplteAnneeMois'!$M$2:$M$751,'Z2_CplteAnneeMois'!$O$2:$O$751,B11,'Z2_CplteAnneeMois'!$F$2:$F$751,C11,'Z2_CplteAnneeMois'!$K$2:$K$751,D11)
A12: 2023 | B12: 2023-01 | C12: ZZ2 | D12: CARTES | E12: =SUMIFS('Z2_CplteAnneeMois'!$L$2:$L$751,'Z2_CplteAnneeMois'!$O$2:$O$751,B12,'Z2_CplteAnneeMois'!$F$2:$F$751,C12,'Z2_CplteAnneeMois'!$K$2:$K$751,D12) | F12: =SUMIFS('Z2_CplteAnneeMois'!$M$2:$M$751,'Z2_CplteAnneeMois'!$O$2:$O$751,B12,'Z2_CplteAnneeMois'!$F$2:$F$751,C12,'Z2_CplteAnneeMois'!$K$2:$K$751,D12)
A13: 2023 | B13: 2023-01 | C13: ZZ2 | D13: CHEQUES | E13: =SUMIFS('Z2_CplteAnneeMois'!$L$2:$L$751,'Z2_CplteAnneeMois'!$O$2:$O$751,B13,'Z2_CplteAnneeMois'!$F$2:$F$751,C13,'Z2_CplteAnneeMois'!$K$2:$K$751,D13) | F13: =SUMIFS('Z2_CplteAnneeMois'!$M$2:$M$751,'Z2_CplteAnneeMois'!$O$2:$O$751,B13,'Z2_CplteAnneeMois'!$F$2:$F$751,C13,'Z2_CplteAnneeMois'!$K$2:$K$751,D13)
... A181: 2023 | B181: 2023-12 | C181: ZZ2 | D181: REF./TIROIR | E181: =SUMIFS('Z2_CplteAnneeMois'!$L$2:$L$751,'Z2_CplteAnneeMois'!$O$2:$O$751,B181,'Z2_CplteAnneeMois'!$F$2:$F$751,C181,'Z2_CplteAnneeMois'!$K$2:$K$751,D181) | F181: =SUMIFS('Z2_CplteAnneeMois'!$M$2:$M$751,'Z2_CplteAnneeMois'!$O$2:$O$751,B181,'Z2_CplteAnneeMois'!$F$2:$F$751,C181,'Z2_CplteAnneeMois'!$K$2:$K$751,D181)

Sheet Z2_Total_ModeZZ1
A1: AJ_ANNEE_Z | B1: AJ_MOIS_Z | C1: CARTES_D_QUANTITE | D1: CARTES_D_MONTANT | E1: CHEQUES_D_QUANTITE | F1: CHEQUES_D_MONTANT | G1: CORRECTION_D_QUANTITE | H1: CORRECTION_D_MONTANT | I1: ESPECES_D_QUANTITE | J1: ESPECES_D_MONTANT | K1: REF__TIROIR_D_QUANTITE | L1: REF__TIROIR_D_MONTANT
A2: 2023 | B2: 2023-01 | C2: =SUMIFS('TD_TotalNatureTransac'!$E$2:$E$181,'TD_TotalNatureTransac'!$B$2:$B$181,B2,'TD_TotalNatureTransac'!$C$2:$C$181,"ZZ1",'TD_TotalNatureTransac'!$D$2:$D$181,"CARTES") | D2: =SUMIFS('TD_TotalNatureTransac'!$F$2:$F$181,'TD_TotalNatureTransac'!$B$2:$B$181,B2,'TD_TotalNatureTransac'!$C$2:$C$181,"ZZ1",'TD_TotalNatureTransac'!$D$2:$D$181,"CARTES") | E2: =SUMIFS('TD_TotalNatureTransac'!$E$2:$E$181,'TD_TotalNatureTransac'!$B$2:$B$181,B2,'TD_TotalNatureTransac'!$C$2:$C$181,"ZZ1",'TD_TotalNatureTransac'!$D$2:$D$181,"CHEQUES") | F2: =SUMIFS('TD_TotalNatureTransac'!$F$2:$F$181,'TD_TotalNatureTransac'!$B$2:$B$181,B2,'TD_TotalNatureTransac'!$C$2:$C$181,"ZZ1",'TD_TotalNatureTransac'!$D$2:$D$181,"CHEQUES") | G2: =SUMIFS('TD_TotalNatureTransac'!$E$2:$E$181,'TD_TotalNatureTransac'!$B$2:$B$181,B2,'TD_TotalNatureTransac'!$C$2:$C$181,"ZZ1",'TD_TotalNatureTransac'!$D$2:$D$181,"CORRECTION") | H2: =SUMIFS('TD_TotalNatureTransac'!$F$2:$F$181,'TD_TotalNatureTransac'!$B$2:$B$181,B2,'TD_TotalNatureTransac'!$C$2:$C$181,"ZZ1",'TD_TotalNatureTransac'!$D$2:$D$181,"CORRECTION") | I2: =SUMIFS('TD_TotalNatureTransac'!$E$2:$E$181,'TD_TotalNatureTransac'!$B$2:$B$181,B2,'TD_TotalNatureTransac'!$C$2:$C$181,"ZZ1",'TD_TotalNatureTransac'!$D$2:$D$181,"ESPECES") | J2: =SUMIFS('TD_TotalNatureTransac'!$F$2:$F$181,'TD_TotalNatureTransac'!$B$2:$B$181,B2,'TD_TotalNatureTransac'!$C$2:$C$181,"ZZ1",'TD_TotalNatureTransac'!$D$2:$D$181,"ESPECES") | K2: =SUMIFS('TD_TotalNatureTransac'!$E$2:$E$181,'TD_TotalNatureTransac'!$B$2:$B$181,B2,'TD_TotalNatureTransac'!$C$2:$C$181,"ZZ1",'TD_TotalNatureTransac'!$D$2:$D$181,"REF./TIROIR") | L2: =SUMIFS('TD_TotalNatureTransac'!$F$2:$F$181,'TD_TotalNatureTransac'!$B$2:$B$181,B2,'TD_TotalNatureTransac'!$C$2:$C$181,"ZZ1",'TD_TotalNatureTransac'!$D$2:$D$181,"REF./TIROIR")
A3: 2023 | B3: 2023-02 | C3: =SUMIFS('TD_TotalNatureTransac'!$E$2:$E$181,'TD_TotalNatureTransac'!$B$2:$B$181,B3,'TD_TotalNatureTransac'!$C$2:$C$181,"ZZ1",'TD_TotalNatureTransac'!$D$2:$D$181,"CARTES") | D3: =SUMIFS('TD_TotalNatureTransac'!$F$2:$F$181,'TD_TotalNatureTransac'!$B$2:$B$181,B3,'TD_TotalNatureTransac'!$C$2:$C$181,"ZZ1",'TD_TotalNatureTransac'!$D$2:$D$181,"CARTES") | E3: =SUMIFS('TD_TotalNatureTransac'!$E$2:$E$181,'TD_TotalNatureTransac'!$B$2:$B$181,B3,'TD_TotalNatureTransac'!$C$2:$C$181,"ZZ1",'TD_TotalNatureTransac'!$D$2:$D$181,"CHEQUES") | F3: =SUMIFS('TD_TotalNatureTransac'!$F$2:$F$181,'TD_TotalNatureTransac'!$B$2:$B$181,B3,'TD_TotalNatureTransac'!$C$2:$C$181,"ZZ1",'TD_TotalNatureTransac'!$D$2:$D$181,"CHEQUES") | G3: =SUMIFS('TD_TotalNatureTransac'!$E$2:$E$181,'TD_TotalNatureTransac'!$B$2:$B$181,B3,'TD_TotalNatureTransac'!$C$2:$C$181,"ZZ1",'TD_TotalNatureTransac'!$D$2:$D$181,"CORRECTION") | H3: =SUMIFS('TD_TotalNatureTransac'!$F$2:$F$181,'TD_TotalNatureTransac'!$B$2:$B$181,B3,'TD_TotalNatureTransac'!$C$2:$C$181,"ZZ1",'TD_TotalNatureTransac'!$D$2:$D$181,"CORRECTION") | I3: =SUMIFS('TD_TotalNatureTransac'!$E$2:$E$181,'TD_TotalNatureTransac'!$B$2:$B$181,B3,'TD_TotalNatureTransac'!$C$2:$C$181,"ZZ1",'TD_TotalNatureTransac'!$D$2:$D$181,"ESPECES") | J3: =SUMIFS('TD_TotalNatureTransac'!$F$2:$F$181,'TD_TotalNatureTransac'!$B$2:$B$181,B3,'TD_TotalNatureTransac'!$C$2:$C$181,"ZZ1",'TD_TotalNatureTransac'!$D$2:$D$181,"ESPECES") | K3: =SUMIFS('TD_TotalNatureTransac'!$E$2:$E$181,'TD_TotalNatureTransac'!$B$2:$B$181,B3,'TD_TotalNatureTransac'!$C$2:$C$181,"ZZ1",'TD_TotalNatureTransac'!$D$2:$D$181,"REF./TIROIR") | L3: =SUMIFS('TD_TotalNatureTransac'!$F$2:$F$181,'TD_TotalNatureTransac'!$B$2:$B$181,B3,'TD_TotalNatureTransac'!$C$2:$C$181,"ZZ1",'TD_TotalNatureTransac'!$D$2:$D$181,"REF./TIROIR")
A4: 2023 | B4: 2023-03 | C4: =SUMIFS('TD_TotalNatureTransac'!$E$2:$E$181,'TD_TotalNatureTransac'!$B$2:$B$181,B4,'TD_TotalNatureTransac'!$C$2:$C$181,"ZZ1",'TD_TotalNatureTransac'!$D$2:$D$181,"CARTES") | D4: =SUMIFS('TD_TotalNatureTransac'!$F$2:$F$181,'TD_TotalNatureTransac'!$B$2:$B$181,B4,'TD_TotalNatureTransac'!$C$2:$C$181,"ZZ1",'TD_TotalNatureTransac'!$D$2:$D$181,"CARTES") | E4: =SUMIFS('TD_TotalNatureTransac'!$E$2:$E$181,'TD_TotalNatureTransac'!$B$2:$B$181,B4,'TD_TotalNatureTransac'!$C$2:$C$181,"ZZ1",'TD_TotalNatureTransac'!$D$2:$D$181,"CHEQUES") | F4: =SUMIFS('TD_TotalNatureTransac'!$F$2:$F$181,'TD_TotalNatureTransac'!$B$2:$B$181,B4,'TD_TotalNatureTransac'!$C$2:$C$181,"ZZ1",'TD_TotalNatureTransac'!$D$2:$D$181,"CHEQUES") | G4: =SUMIFS('TD_TotalNatureTransac'!$E$2:$E$181,'TD_TotalNatureTransac'!$B$2:$B$181,B4,'TD_TotalNatureTransac'!$C$2:$C$181,"ZZ1",'TD_TotalNatureTransac'!$D$2:$D$181,"CORRECTION") | H4: =SUMIFS('TD_TotalNatureTransac'!$F$2:$F$181,'TD_TotalNatureTransac'!$B$2:$B$181,B4,'TD_TotalNatureTransac'!$C$2:$C$181,"ZZ1",'TD_TotalNatureTransac'!$D$2:$D$181,"CORRECTION") | I4: =SUMIFS('TD_TotalNatureTransac'!$E$2:$E$181,'TD_TotalNatureTransac'!$B$2:$B$181,B4,'TD_TotalNatureTransac'!$C$2:$C$181,"ZZ1",'TD_TotalNatureTransac'!$D$2:$D$181,"ESPECES") | J4: =SUMIFS('TD_TotalNatureTransac'!$F$2:$F$181,'TD_TotalNatureTransac'!$B$2:$B$181,B4,'TD_TotalNatureTransac'!$C$2:$C$181,"ZZ1",'TD_TotalNatureTransac'!$D$2:$D$181,"ESPECES") | K4: =SUMIFS('TD_TotalNatureTransac'!$E$2:$E$181,'TD_TotalNatureTransac'!$B$2:$B$181,B4,'TD_TotalNatureTransac'!$C$2:$C$181,"ZZ1",'TD_TotalNatureTransac'!$D$2:$D$181,"REF./TIROIR") | L4: =SUMIFS('TD_TotalNatureTransac'!$F$2:$F$181,'TD_TotalNatureTransac'!$B$2:$B$181,B4,'TD_TotalNatureTransac'!$C$2:$C$181,"ZZ1",'TD_TotalNatureTransac'!$D$2:$D$181,"REF./TIROIR")
A5: 2023 | B5: 2023-04 | C5: =SUMIFS('TD_TotalNatureTransac'!$E$2:$E$181,'TD_TotalNatureTransac'!$B$2:$B$181,B5,'TD_TotalNatureTransac'!$C$2:$C$181,"ZZ1",'TD_TotalNatureTransac'!$D$2:$D$181,"CARTES") | D5: =SUMIFS('TD_TotalNatureTransac'!$F$2:$F$181,'TD_TotalNatureTransac'!$B$2:$B$181,B5,'TD_TotalNatureTransac'!$C$2:$C$181,"ZZ1",'TD_TotalNatureTransac'!$D$2:$D$181,"CARTES") | E5: =SUMIFS('TD_TotalNatureTransac'!$E$2:$E$181,'TD_TotalNatureTransac'!$B$2:$B$181,B5,'TD_TotalNatureTransac'!$C$2:$C$181,"ZZ1",'TD_TotalNatureTransac'!$D$2:$D$181,"CHEQUES") | F5: =SUMIFS('TD_TotalNatureTransac'!$F$2:$F$181,'TD_TotalNatureTransac'!$B$2:$B$181,B5,'TD_TotalNatureTransac'!$C$2:$C$181,"ZZ1",'TD_TotalNatureTransac'!$D$2:$D$181,"CHEQUES") | G5: =SUMIFS('TD_TotalNatureTransac'!$E$2:$E$181,'TD_TotalNatureTransac'!$B$2:$B$181,B5,'TD_TotalNatureTransac'!$C$2:$C$181,"ZZ1",'TD_TotalNatureTransac'!$D$2:$D$181,"CORRECTION") | H5: =SUMIFS('TD_TotalNatureTransac'!$F$2:$F$181,'TD_TotalNatureTransac'!$B$2:$B$181,B5,'TD_TotalNatureTransac'!$C$2:$C$181,"ZZ1",'TD_TotalNatureTransac'!$D$2:$D$181,"CORRECTION") | I5: =SUMIFS('TD_TotalNatureTransac'!$E$2:$E$181,'TD_TotalNatureTransac'!$B$2:$B$181,B5,'TD_TotalNatureTransac'!$C$2:$C$181,"ZZ1",'TD_TotalNatureTransac'!$D$2:$D$181,"ESPECES") | J5: =SUMIFS('TD_TotalNatureTransac'!$F$2:$F$181,'TD_TotalNatureTransac'!$B$2:$B$181,B5,'TD_TotalNatureTransac'!$C$2:$C$181,"ZZ1",'TD_TotalNatureTransac'!$D$2:$D$181,"ESPECES") | K5: =SUMIFS('TD_TotalNatureTransac'!$E$2:$E$181,'TD_TotalNatureTransac'!$B$2:$B$181,B5,'TD_TotalNatureTransac'!$C$2:$C$181,"ZZ1",'TD_TotalNatureTransac'!$D$2:$D$181,"REF./TIROIR") | L5: =SUMIFS('TD_TotalNatureTransac'!$F$2:$F$181,'TD_TotalNatureTransac'!$B$2:$B$181,B5,'TD_TotalNatureTransac'!$C$2:$C$181,"ZZ1",'TD_TotalNatureTransac'!$D$2:$D$181,"REF./TIROIR")
A6: 2023 | B6: 2023-05 | C6: =SUMIFS('TD_TotalNatureTransac'!$E$2:$E$181,'TD_TotalNatureTransac'!$B$2:$B$181,B6,'TD_TotalNatureTransac'!$C$2:$C$181,"ZZ1",'TD_TotalNatureTransac'!$D$2:$D$181,"CARTES") | D6: =SUMIFS('TD_TotalNatureTransac'!$F$2:$F$181,'TD_TotalNatureTransac'!$B$2:$B$181,B6,'TD_TotalNatureTransac'!$C$2:$C$181,"ZZ1",'TD_TotalNatureTransac'!$D$2:$D$181,"CARTES") | E6: =SUMIFS('TD_TotalNatureTransac'!$E$2:$E$181,'TD_TotalNatureTransac'!$B$2:$B$181,B6,'TD_TotalNatureTransac'!$C$2:$C$181,"ZZ1",'TD_TotalNatureTransac'!$D$2:$D$181,"CHEQUES") | F6: =SUMIFS('TD_TotalNatureTransac'!$F$2:$F$181,'TD_TotalNatureTransac'!$B$2:$B$181,B6,'TD_TotalNatureTransac'!$C$2:$C$181,"ZZ1",'TD_TotalNatureTransac'!$D$2:$D$181,"CHEQUES") | G6: =SUMIFS('TD_TotalNatureTransac'!$E$2:$E$181,'TD_TotalNatureTransac'!$B$2:$B$181,B6,'TD_TotalNatureTransac'!$C$2:$C$181,"ZZ1",'TD_TotalNatureTransac'!$D$2:$D$181,"CORRECTION") | H6: =SUMIFS('TD_TotalNatureTransac'!$F$2:$F$181,'TD_TotalNatureTransac'!$B$2:$B$181,B6,'TD_TotalNatureTransac'!$C$2:$C$181,"ZZ1",'TD_TotalNatureTransac'!$D$2:$D$181,"CORRECTION") | I6: =SUMIFS('TD_TotalNatureTransac'!$E$2:$E$181,'TD_TotalNatureTransac'!$B$2:$B$181,B6,'TD_TotalNatureTransac'!$C$2:$C$181,"ZZ1",'TD_TotalNatureTransac'!$D$2:$D$181,"ESPECES") | J6: =SUMIFS('TD_TotalNatureTransac'!$F$2:$F$181,'TD_TotalNatureTransac'!$B$2:$B$181,B6,'TD_TotalNatureTransac'!$C$2:$C$181,"ZZ1",'TD_TotalNatureTransac'!$D$2:$D$181,"ESPECES") | K6: =SUMIFS('TD_TotalNatureTransac'!$E$2:$E$181,'TD_TotalNatureTransac'!$B$2:$B$181,B6,'TD_TotalNatureTransac'!$C$2:$C$181,"ZZ1",'TD_TotalNatureTransac'!$D$2:$D$181,"REF./TIROIR") | L6: =SUMIFS('TD_TotalNatureTransac'!$F$2:$F$181,'TD_TotalNatureTransac'!$B$2:$B$181,B6,'TD_TotalNatureTransac'!$C$2:$C$181,"ZZ1",'TD_TotalNatureTransac'!$D$2:$D$181,"REF./TIROIR")
A7: 2023 | B7: 2023-06 | C7: =SUMIFS('TD_TotalNatureTransac'!$E$2:$E$181,'TD_TotalNatureTransac'!$B$2:$B$181,B7,'TD_TotalNatureTransac'!$C$2:$C$181,"ZZ1",'TD_TotalNatureTransac'!$D$2:$D$181,"CARTES") | D7: =SUMIFS('TD_TotalNatureTransac'!$F$2:$F$181,'TD_TotalNatureTransac'!$B$2:$B$181,B7,'TD_TotalNatureTransac'!$C$2:$C$181,"ZZ1",'TD_TotalNatureTransac'!$D$2:$D$181,"CARTES") | E7: =SUMIFS('TD_TotalNatureTransac'!$E$2:$E$181,'TD_TotalNatureTransac'!$B$2:$B$181,B7,'TD_TotalNatureTransac'!$C$2:$C$181,"ZZ1",'TD_TotalNatureTransac'!$D$2:$D$181,"CHEQUES") | F7: =SUMIFS('TD_TotalNatureTransac'!$F$2:$F$181,'TD_TotalNatureTransac'!$B$2:$B$181,B7,'TD_TotalNatureTransac'!$C$2:$C$181,"ZZ1",'TD_TotalNatureTransac'!$D$2:$D$181,"CHEQUES") | G7: =SUMIFS('TD_TotalNatureTransac'!$E$2:$E$181,'TD_TotalNatureTransac'!$B$2:$B$181,B7,'TD_TotalNatureTransac'!$C$2:$C$181,"ZZ1",'TD_TotalNatureTransac'!$D$2:$D$181,"CORRECTION") | H7: =SUMIFS('TD_TotalNatureTransac'!$F$2:$F$181,'TD_TotalNatureTransac'!$B$2:$B$181,B7,'TD_TotalNatureTransac'!$C$2:$C$181,"ZZ1",'TD_TotalNatureTransac'!$D$2:$D$181,"CORRECTION") | I7: =SUMIFS('TD_TotalNatureTransac'!$E$2:$E$181,'TD_TotalNatureTransac'!$B$2:$B$181,B7,'TD_TotalNatureTransac'!$C$2:$C$181,"ZZ1",'TD_TotalNatureTransac'!$D$2:$D$181,"ESPECES") | J7: =SUMIFS('TD_TotalNatureTransac'!$F$2:$F$181,'TD_TotalNatureTransac'!$B$2:$B$181,B7,'TD_TotalNatureTransac'!$C$2:$C$181,"ZZ1",'TD_TotalNatureTransac'!$D$2:$D$181,"ESPECES") | K7: =SUMIFS('TD_TotalNatureTransac'!$E$2:$E$181,'TD_TotalNatureTransac'!$B$2:$B$181,B7,'TD_TotalNatureTransac'!$C$2:$C$181,"ZZ1",'TD_TotalNatureTransac'!$D$2:$D$181,"REF./TIROIR") | L7: =SUMIFS('TD_TotalNatureTransac'!$F$2:$F$181,'TD_TotalNatureTransac'!$B$2:$B$181,B7,'TD_TotalNatureTransac'!$C$2:$C$181,"ZZ1",'TD_TotalNatureTransac'!$D$2:$D$181,"REF./TIROIR")
A8: 2023 | B8: 2023-07 | C8: =SUMIFS('TD_TotalNatureTransac'!$E$2:$E$181,'TD_TotalNatureTransac'!$B$2:$B$181,B8,'TD_TotalNatureTransac'!$C$2:$C$181,"ZZ1",'TD_TotalNatureTransac'!$D$2:$D$181,"CARTES") | D8: =SUMIFS('TD_TotalNatureTransac'!$F$2:$F$181,'TD_TotalNatureTransac'!$B$2:$B$181,B8,'TD_TotalNatureTransac'!$C$2:$C$181,"ZZ1",'TD_TotalNatureTransac'!$D$2:$D$181,"CARTES") | E8: =SUMIFS('TD_TotalNatureTransac'!$E$2:$E$181,'TD_TotalNatureTransac'!$B$2:$B$181,B8,'TD_TotalNatureTransac'!$C$2:$C$181,"ZZ1",'TD_TotalNatureTransac'!$D$2:$D$181,"CHEQUES") | F8: =SUMIFS('TD_TotalNatureTransac'!$F$2:$F$181,'TD_TotalNatureTransac'!$B$2:$B$181,B8,'TD_TotalNatureTransac'!$C$2:$C$181,"ZZ1",'TD_TotalNatureTransac'!$D$2:$D$181,"CHEQUES") | G8: =SUMIFS('TD_TotalNatureTransac'!$E$2:$E$181,'TD_TotalNatureTransac'!$B$2:$B$181,B8,'TD_TotalNatureTransac'!$C$2:$C$181,"ZZ1",'TD_TotalNatureTransac'!$D$2:$D$181,"CORRECTION") | H8: =SUMIFS('TD_TotalNatureTransac'!$F$2:$F$181,'TD_TotalNatureTransac'!$B$2:$B$181,B8,'TD_TotalNatureTransac'!$C$2:$C$181,"ZZ1",'TD_TotalNatureTransac'!$D$2:$D$181,"CORRECTION") | I8: =SUMIFS('TD_TotalNatureTransac'!$E$2:$E$181,'TD_TotalNatureTransac'!$B$2:$B$181,B8,'TD_TotalNatureTransac'!$C$2:$C$181,"ZZ1",'TD_TotalNatureTransac'!$D$2:$D$181,"ESPECES") | J8: =SUMIFS('TD_TotalNatureTransac'!$F$2:$F$181,'TD_TotalNatureTransac'!$B$2:$B$181,B8,'TD_TotalNatureTransac'!$C$2:$C$181,"ZZ1",'TD_TotalNatureTransac'!$D$2:$D$181,"ESPECES") | K8: =SUMIFS('TD_TotalNatureTransac'!$E$2:$E$181,'TD_TotalNatureTransac'!$B$2:$B$181,B8,'TD_TotalNatureTransac'!$C$2:$C$181,"ZZ1",'TD_TotalNatureTransac'!$D$2:$D$181,"REF./TIROIR") | L8: =SUMIFS('TD_TotalNatureTransac'!$F$2:$F$181,'TD_TotalNatureTransac'!$B$2:$B$181,B8,'TD_TotalNatureTransac'!$C$2:$C$181,"ZZ1",'TD_TotalNatureTransac'!$D$2:$D$181,"REF./TIROIR")
A9: 2023 | B9: 2023-08 | C9: =SUMIFS('TD_TotalNatureTransac'!$E$2:$E$181,'TD_TotalNatureTransac'!$B$2:$B$181,B9,'TD_TotalNatureTransac'!$C$2:$C$181,"ZZ1",'TD_TotalNatureTransac'!$D$2:$D$181,"CARTES") | D9: =SUMIFS('TD_TotalNatureTransac'!$F$2:$F$181,'TD_TotalNatureTransac'!$B$2:$B$181,B9,'TD_TotalNatureTransac'!$C$2:$C$181,"ZZ1",'TD_TotalNatureTransac'!$D$2:$D$181,"CARTES") | E9: =SUMIFS('TD_TotalNatureTransac'!$E$2:$E$181,'TD_TotalNatureTransac'!$B$2:$B$181,B9,'TD_TotalNatureTransac'!$C$2:$C$181,"ZZ1",'TD_TotalNatureTransac'!$D$2:$D$181,"CHEQUES") | F9: =SUMIFS('TD_TotalNatureTransac'!$F$2:$F$181,'TD_TotalNatureTransac'!$B$2:$B$181,B9,'TD_TotalNatureTransac'!$C$2:$C$181,"ZZ1",'TD_TotalNatureTransac'!$D$2:$D$181,"CHEQUES") | G9: =SUMIFS('TD_TotalNatureTransac'!$E$2:$E$181,'TD_TotalNatureTransac'!$B$2:$B$181,B9,'TD_TotalNatureTransac'!$C$2:$C$181,"ZZ1",'TD_TotalNatureTransac'!$D$2:$D$181,"CORRECTION") | H9: =SUMIFS('TD_TotalNatureTransac'!$F$2:$F$181,'TD_TotalNatureTransac'!$B$2:$B$181,B9,'TD_TotalNatureTransac'!$C$2:$C$181,"ZZ1",'TD_TotalNatureTransac'!$D$2:$D$181,"CORRECTION") | I9: =SUMIFS('TD_TotalNatureTransac'!$E$2:$E$181,'TD_TotalNatureTransac'!$B$2:$B$181,B9,'TD_TotalNatureTransac'!$C$2:$C$181,"ZZ1",'TD_TotalNatureTransac'!$D$2:$D$181,"ESPECES") | J9: =SUMIFS('TD_TotalNatureTransac'!$F$2:$F$181,'TD_TotalNatureTransac'!$B$2:$B$181,B9,'TD_TotalNatureTransac'!$C$2:$C$181,"ZZ1",'TD_TotalNatureTransac'!$D$2:$D$181,"ESPECES") | K9: =SUMIFS('TD_TotalNatureTransac'!$E$2:$E$181,'TD_TotalNatureTransac'!$B$2:$B$181,B9,'TD_TotalNatureTransac'!$C$2:$C$181,"ZZ1",'TD_TotalNatureTransac'!$D$2:$D$181,"REF./TIROIR") | L9: =SUMIFS('TD_TotalNatureTransac'!$F$2:$F$181,'TD_TotalNatureTransac'!$B$2:$B$181,B9,'TD_TotalNatureTransac'!$C$2:$C$181,"ZZ1",'TD_TotalNatureTransac'!$D$2:$D$181,"REF./TIROIR")
A10: 2023 | B10: 2023-09 | C10: =SUMIFS('TD_TotalNatureTransac'!$E$2:$E$181,'TD_TotalNatureTransac'!$B$2:$B$181,B10,'TD_TotalNatureTransac'!$C$2:$C$181,"ZZ1",'TD_TotalNatureTransac'!$D$2:$D$181,"CARTES") | D10: =SUMIFS('TD_TotalNatureTransac'!$F$2:$F$181,'TD_TotalNatureTransac'!$B$2:$B$181,B10,'TD_TotalNatureTransac'!$C$2:$C$181,"ZZ1",'TD_TotalNatureTransac'!$D$2:$D$181,"CARTES") | E10: =SUMIFS('TD_TotalNatureTransac'!$E$2:$E$181,'TD_TotalNatureTransac'!$B$2:$B$181,B10,'TD_TotalNatureTransac'!$C$2:$C$181,"ZZ1",'TD_TotalNatureTransac'!$D$2:$D$181,"CHEQUES") | F10: =SUMIFS('TD_TotalNatureTransac'!$F$2:$F$181,'TD_TotalNatureTransac'!$B$2:$B$181,B10,'TD_TotalNatureTransac'!$C$2:$C$181,"ZZ1",'TD_TotalNatureTransac'!$D$2:$D$181,"CHEQUES") | G10: =SUMIFS('TD_TotalNatureTransac'!$E$2:$E$181,'TD_TotalNatureTransac'!$B$2:$B$181,B10,'TD_TotalNatureTransac'!$C$2:$C$181,"ZZ1",'TD_TotalNatureTransac'!$D$2:$D$181,"CORRECTION") | H10: =SUMIFS('TD_TotalNatureTransac'!$F$2:$F$181,'TD_TotalNatureTransac'!$B$2:$B$181,B10,'TD_TotalNatureTransac'!$C$2:$C$181,"ZZ1",'TD_TotalNatureTransac'!$D$2:$D$181,"CORRECTION") | I10: =SUMIFS('TD_TotalNatureTransac'!$E$2:$E$181,'TD_TotalNatureTransac'!$B$2:$B$181,B10,'TD_TotalNatureTransac'!$C$2:$C$181,"ZZ1",'TD_TotalNatureTransac'!$D$2:$D$181,"ESPECES") | J10: =SUMIFS('TD_TotalNatureTransac'!$F$2:$F$181,'TD_TotalNatureTransac'!$B$2:$B$181,B10,'TD_TotalNatureTransac'!$C$2:$C$181,"ZZ1",'TD_TotalNatureTransac'!$D$2:$D$181,"ESPECES") | K10: =SUMIFS('TD_TotalNatureTransac'!$E$2:$E$181,'TD_TotalNatureTransac'!$B$2:$B$181,B10,'TD_TotalNatureTransac'!$C$2:$C$181,"ZZ1",'TD_TotalNatureTransac'!$D$2:$D$181,"REF./TIROIR") | L10: =SUMIFS('TD_TotalNatureTransac'!$F$2:$F$181,'TD_TotalNatureTransac'!$B$2:$B$181,B10,'TD_TotalNatureTransac'!$C$2:$C$181,"ZZ1",'TD_TotalNatureTransac'!$D$2:$D$181,"REF./TIROIR")
A11: 2023 | B11: 2023-10 | C11: =SUMIFS('TD_TotalNatureTransac'!$E$2:$E$181,'TD_TotalNatureTransac'!$B$2:$B$181,B11,'TD_TotalNatureTransac'!$C$2:$C$181,"ZZ1",'TD_TotalNatureTransac'!$D$2:$D$181,"CARTES") | D11: =SUMIFS('TD_TotalNatureTransac'!$F$2:$F$181,'TD_TotalNatureTransac'!$B$2:$B$181,B11,'TD_TotalNatureTransac'!$C$2:$C$181,"ZZ1",'TD_TotalNatureTransac'!$D$2:$D$181,"CARTES") | E11: =SUMIFS('TD_TotalNatureTransac'!$E$2:$E$181,'TD_TotalNatureTransac'!$B$2:$B$181,B11,'TD_TotalNatureTransac'!$C$2:$C$181,"ZZ1",'TD_TotalNatureTransac'!$D$2:$D$181,"CHEQUES") | F11: =SUMIFS('TD_TotalNatureTransac'!$F$2:$F$181,'TD_TotalNatureTransac'!$B$2:$B$181,B11,'TD_TotalNatureTransac'!$C$2:$C$181,"ZZ1",'TD_TotalNatureTransac'!$D$2:$D$181,"CHEQUES") | G11: =SUMIFS('TD_TotalNatureTransac'!$E$2:$E$181,'TD_TotalNatureTransac'!$B$2:$B$181,B11,'TD_TotalNatureTransac'!$C$2:$C$181,"ZZ1",'TD_TotalNatureTransac'!$D$2:$D$181,"CORRECTION") | H11: =SUMIFS('TD_TotalNatureTransac'!$F$2:$F$181,'TD_TotalNatureTransac'!$B$2:$B$181,B11,'TD_TotalNatureTransac'!$C$2:$C$181,"ZZ1",'TD_TotalNatureTransac'!$D$2:$D$181,"CORRECTION") | I11: =SUMIFS('TD_TotalNatureTransac'!$E$2:$E$181,'TD_TotalNatureTransac'!$B$2:$B$181,B11,'TD_TotalNatureTransac'!$C$2:$C$181,"ZZ1",'TD_TotalNatureTransac'!$D$2:$D$181,"ESPECES") | J11: =SUMIFS('TD_TotalNatureTransac'!$F$2:$F$181,'TD_TotalNatureTransac'!$B$2:$B$181,B11,'TD_TotalNatureTransac'!$C$2:$C$181,"ZZ1",'TD_TotalNatureTransac'!$D$2:$D$181,"ESPECES") | K11: =SUMIFS('TD_TotalNatureTransac'!$E$2:$E$181,'TD_TotalNatureTransac'!$B$2:$B$181,B11,'TD_TotalNatureTransac'!$C$2:$C$181,"ZZ1",'TD_TotalNatureTransac'!$D$2:$D$181,"REF./TIROIR") | L11: =SUMIFS('TD_TotalNatureTransac'!$F$2:$F$181,'TD_TotalNatureTransac'!$B$2:$B$181,B11,'TD_TotalNatureTransac'!$C$2:$C$181,"ZZ1",'TD_TotalNatureTransac'!$D$2:$D$181,"REF./TIROIR")
A12: 2023 | B12: 2023-11 | C12: =SUMIFS('TD_TotalNatureTransac'!$E$2:$E$181,'TD_TotalNatureTransac'!$B$2:$B$181,B12,'TD_TotalNatureTransac'!$C$2:$C$181,"ZZ1",'TD_TotalNatureTransac'!$D$2:$D$181,"CARTES") | D12: =SUMIFS('TD_TotalNatureTransac'!$F$2:$F$181,'TD_TotalNatureTransac'!$B$2:$B$181,B12,'TD_TotalNatureTransac'!$C$2:$C$181,"ZZ1",'TD_TotalNatureTransac'!$D$2:$D$181,"CARTES") | E12: =SUMIFS('TD_TotalNatureTransac'!$E$2:$E$181,'TD_TotalNatureTransac'!$B$2:$B$181,B12,'TD_TotalNatureTransac'!$C$2:$C$181,"ZZ1",'TD_TotalNatureTransac'!$D$2:$D$181,"CHEQUES") | F12: =SUMIFS('TD_TotalNatureTransac'!$F$2:$F$181,'TD_TotalNatureTransac'!$B$2:$B$181,B12,'TD_TotalNatureTransac'!$C$2:$C$181,"ZZ1",'TD_TotalNatureTransac'!$D$2:$D$181,"CHEQUES") | G12: =SUMIFS('TD_TotalNatureTransac'!$E$2:$E$181,'TD_TotalNatureTransac'!$B$2:$B$181,B12,'TD_TotalNatureTransac'!$C$2:$C$181,"ZZ1",'TD_TotalNatureTransac'!$D$2:$D$181,"CORRECTION") | H12: =SUMIFS('TD_TotalNatureTransac'!$F$2:$F$181,'TD_TotalNatureTransac'!$B$2:$B$181,B12,'TD_TotalNatureTransac'!$C$2:$C$181,"ZZ1",'TD_TotalNatureTransac'!$D$2:$D$181,"CORRECTION") | I12: =SUMIFS('TD_TotalNatureTransac'!$E$2:$E$181,'TD_TotalNatureTransac'!$B$2:$B$181,B12,'TD_TotalNatureTransac'!$C$2:$C$181,"ZZ1",'TD_TotalNatureTransac'!$D$2:$D$181,"ESPECES") | J12: =SUMIFS('TD_TotalNatureTransac'!$F$2:$F$181,'TD_TotalNatureTransac'!$B$2:$B$181,B12,'TD_TotalNatureTransac'!$C$2:$C$181,"ZZ1",'TD_TotalNatureTransac'!$D$2:$D$181,"ESPECES") | K12: =SUMIFS('TD_TotalNatureTransac'!$E$2:$E$181,'TD_TotalNatureTransac'!$B$2:$B$181,B12,'TD_TotalNatureTransac'!$C$2:$C$181,"ZZ1",'TD_TotalNatureTransac'!$D$2:$D$181,"REF./TIROIR") | L12: =SUMIFS('TD_TotalNatureTransac'!$F$2:$F$181,'TD_TotalNatureTransac'!$B$2:$B$181,B12,'TD_TotalNatureTransac'!$C$2:$C$181,"ZZ1",'TD_TotalNatureTransac'!$D$2:$D$181,"REF./TIROIR")
A13: 2023 | B13: 2023-12 | C13: =SUMIFS('TD_TotalNatureTransac'!$E$2:$E$181,'TD_TotalNatureTransac'!$B$2:$B$181,B13,'TD_TotalNatureTransac'!$C$2:$C$181,"ZZ1",'TD_TotalNatureTransac'!$D$2:$D$181,"CARTES") | D13: =SUMIFS('TD_TotalNatureTransac'!$F$2:$F$181,'TD_TotalNatureTransac'!$B$2:$B$181,B13,'TD_TotalNatureTransac'!$C$2:$C$181,"ZZ1",'TD_TotalNatureTransac'!$D$2:$D$181,"CARTES") | E13: =SUMIFS('TD_TotalNatureTransac'!$E$2:$E$181,'TD_TotalNatureTransac'!$B$2:$B$181,B13,'TD_TotalNatureTransac'!$C$2:$C$181,"ZZ1",'TD_TotalNatureTransac'!$D$2:$D$181,"CHEQUES") | F13: =SUMIFS('TD_TotalNatureTransac'!$F$2:$F$181,'TD_TotalNatureTransac'!$B$2:$B$181,B13,'TD_TotalNatureTransac'!$C$2:$C$181,"ZZ1",'TD_TotalNatureTransac'!$D$2:$D$181,"CHEQUES") | G13: =SUMIFS('TD_TotalNatureTransac'!$E$2:$E$181,'TD_TotalNatureTransac'!$B$2:$B$181,B13,'TD_TotalNatureTransac'!$C$2:$C$181,"ZZ1",'TD_TotalNatureTransac'!$D$2:$D$181,"CORRECTION") | H13: =SUMIFS('TD_TotalNatureTransac'!$F$2:$F$181,'TD_TotalNatureTransac'!$B$2:$B$181,B13,'TD_TotalNatureTransac'!$C$2:$C$181,"ZZ1",'TD_TotalNatureTransac'!$D$2:$D$181,"CORRECTION") | I13: =SUMIFS('TD_TotalNatureTransac'!$E$2:$E$181,'TD_TotalNatureTransac'!$B$2:$B$181,B13,'TD_TotalNatureTransac'!$C$2:$C$181,"ZZ1",'TD_TotalNatureTransac'!$D$2:$D$181,"ESPECES") | J13: =SUMIFS('TD_TotalNatureTransac'!$F$2:$F$181,'TD_TotalNatureTransac'!$B$2:$B$181,B13,'TD_TotalNatureTransac'!$C$2:$C$181,"ZZ1",'TD_TotalNatureTransac'!$D$2:$D$181,"ESPECES") | K13: =SUMIFS('TD_TotalNatureTransac'!$E$2:$E$181,'TD_TotalNatureTransac'!$B$2:$B$181,B13,'TD_TotalNatureTransac'!$C$2:$C$181,"ZZ1",'TD_TotalNatureTransac'!$D$2:$D$181,"REF./TIROIR") | L13: =SUMIFS('TD_TotalNatureTransac'!$F$2:$F$181,'TD_TotalNatureTransac'!$B$2:$B$181,B13,'TD_TotalNatureTransac'!$C$2:$C$181,"ZZ1",'TD_TotalNatureTransac'!$D$2:$D$181,"REF./TIROIR")

Sheet Z2_Total_ModeZZ2
A1: AJ_ANNEE_Z | B1: AJ_MOIS_Z | C1: CARTES_D_QUANTITE | D1: CARTES_D_MONTANT | E1: CHEQUES_D_QUANTITE | F1: CHEQUES_D_MONTANT | G1: CORRECTION_D_QUANTITE | H1: CORRECTION_D_MONTANT | I1: ESPECES_D_QUANTITE | J1: ESPECES_D_MONTANT | K1: REF__TIROIR_D_QUANTITE | L1: REF__TIROIR_D_MONTANT
A2: 2023 | B2: 2023-01 | C2: =SUMIFS('TD_TotalNatureTransac'!$E$2:$E$181,'TD_TotalNatureTransac'!$B$2:$B$181,B2,'TD_TotalNatureTransac'!$C$2:$C$181,"ZZ2",'TD_TotalNatureTransac'!$D$2:$D$181,"CARTES") | D2: =SUMIFS('TD_TotalNatureTransac'!$F$2:$F$181,'TD_TotalNatureTransac'!$B$2:$B$181,B2,'TD_TotalNatureTransac'!$C$2:$C$181,"ZZ2",'TD_TotalNatureTransac'!$D$2:$D$181,"CARTES") | E2: =SUMIFS('TD_TotalNatureTransac'!$E$2:$E$181,'TD_TotalNatureTransac'!$B$2:$B$181,B2,'TD_TotalNatureTransac'!$C$2:$C$181,"ZZ2",'TD_TotalNatureTransac'!$D$2:$D$181,"CHEQUES") | F2: =SUMIFS('TD_TotalNatureTransac'!$F$2:$F$181,'TD_TotalNatureTransac'!$B$2:$B$181,B2,'TD_TotalNatureTransac'!$C$2:$C$181,"ZZ2",'TD_TotalNatureTransac'!$D$2:$D$181,"CHEQUES") | G2: =SUMIFS('TD_TotalNatureTransac'!$E$2:$E$181,'TD_TotalNatureTransac'!$B$2:$B$181,B2,'TD_TotalNatureTransac'!$C$2:$C$181,"ZZ2",'TD_TotalNatureTransac'!$D$2:$D$181,"CORRECTION") | H2: =SUMIFS('TD_TotalNatureTransac'!$F$2:$F$181,'TD_TotalNatureTransac'!$B$2:$B$181,B2,'TD_TotalNatureTransac'!$C$2:$C$181,"ZZ2",'TD_TotalNatureTransac'!$D$2:$D$181,"CORRECTION") | I2: =SUMIFS('TD_TotalNatureTransac'!$E$2:$E$181,'TD_TotalNatureTransac'!$B$2:$B$181,B2,'TD_TotalNatureTransac'!$C$2:$C$181,"ZZ2",'TD_TotalNatureTransac'!$D$2:$D$181,"ESPECES") | J2: =SUMIFS('TD_TotalNatureTransac'!$F$2:$F$181,'TD_TotalNatureTransac'!$B$2:$B$181,B2,'TD_TotalNatureTransac'!$C$2:$C$181,"ZZ2",'TD_TotalNatureTransac'!$D$2:$D$181,"ESPECES") | K2: =SUMIFS('TD_TotalNatureTransac'!$E$2:$E$181,'TD_TotalNatureTransac'!$B$2:$B$181,B2,'TD_TotalNatureTransac'!$C$2:$C$181,"ZZ2",'TD_TotalNatureTransac'!$D$2:$D$181,"REF./TIROIR") | L2: =SUMIFS('TD_TotalNatureTransac'!$F$2:$F$181,'TD_TotalNatureTransac'!$B$2:$B$181,B2,'TD_TotalNatureTransac'!$C$2:$C$181,"ZZ2",'TD_TotalNatureTransac'!$D$2:$D$181,"REF./TIROIR")
A3: 2023 | B3: 2023-02 | C3: =SUMIFS('TD_TotalNatureTransac'!$E$2:$E$181,'TD_TotalNatureTransac'!$B$2:$B$181,B3,'TD_TotalNatureTransac'!$C$2:$C$181,"ZZ2",'TD_TotalNatureTransac'!$D$2:$D$181,"CARTES") | D3: =SUMIFS('TD_TotalNatureTransac'!$F$2:$F$181,'TD_TotalNatureTransac'!$B$2:$B$181,B3,'TD_TotalNatureTransac'!$C$2:$C$181,"ZZ2",'TD_TotalNatureTransac'!$D$2:$D$181,"CARTES") | E3: =SUMIFS('TD_TotalNatureTransac'!$E$2:$E$181,'TD_TotalNatureTransac'!$B$2:$B$181,B3,'TD_TotalNatureTransac'!$C$2:$C$181,"ZZ2",'TD_TotalNatureTransac'!$D$2:$D$181,"CHEQUES") | F3: =SUMIFS('TD_TotalNatureTransac'!$F$2:$F$181,'TD_TotalNatureTransac'!$B$2:$B$181,B3,'TD_TotalNatureTransac'!$C$2:$C$181,"ZZ2",'TD_TotalNatureTransac'!$D$2:$D$181,"CHEQUES") | G3: =SUMIFS('TD_TotalNatureTransac'!$E$2:$E$181,'TD_TotalNatureTransac'!$B$2:$B$181,B3,'TD_TotalNatureTransac'!$C$2:$C$181,"ZZ2",'TD_TotalNatureTransac'!$D$2:$D$181,"CORRECTION") | H3: =SUMIFS('TD_TotalNatureTransac'!$F$2:$F$181,'TD_TotalNatureTransac'!$B$2:$B$181,B3,'TD_TotalNatureTransac'!$C$2:$C$181,"ZZ2",'TD_TotalNatureTransac'!$D$2:$D$181,"CORRECTION") | I3: =SUMIFS('TD_TotalNatureTransac'!$E$2:$E$181,'TD_TotalNatureTransac'!$B$2:$B$181,B3,'TD_TotalNatureTransac'!$C$2:$C$181,"ZZ2",'TD_TotalNatureTransac'!$D$2:$D$181,"ESPECES") | J3: =SUMIFS('TD_TotalNatureTransac'!$F$2:$F$181,'TD_TotalNatureTransac'!$B$2:$B$181,B3,'TD_TotalNatureTransac'!$C$2:$C$181,"ZZ2",'TD_TotalNatureTransac'!$D$2:$D$181,"ESPECES") | K3: =SUMIFS('TD_TotalNatureTransac'!$E$2:$E$181,'TD_TotalNatureTransac'!$B$2:$B$181,B3,'TD_TotalNatureTransac'!$C$2:$C$181,"ZZ2",'TD_TotalNatureTransac'!$D$2:$D$181,"REF./TIROIR") | L3: =SUMIFS('TD_TotalNatureTransac'!$F$2:$F$181,'TD_TotalNatureTransac'!$B$2:$B$181,B3,'TD_TotalNatureTransac'!$C$2:$C$181,"ZZ2",'TD_TotalNatureTransac'!$D$2:$D$181,"REF./TIROIR")
A4: 2023 | B4: 2023-03 | C4: =SUMIFS('TD_TotalNatureTransac'!$E$2:$E$181,'TD_TotalNatureTransac'!$B$2:$B$181,B4,'TD_TotalNatureTransac'!$C$2:$C$181,"ZZ2",'TD_TotalNatureTransac'!$D$2:$D$181,"CARTES") | D4: =SUMIFS('TD_TotalNatureTransac'!$F$2:$F$181,'TD_TotalNatureTransac'!$B$2:$B$181,B4,'TD_TotalNatureTransac'!$C$2:$C$181,"ZZ2",'TD_TotalNatureTransac'!$D$2:$D$181,"CARTES") | E4: =SUMIFS('TD_TotalNatureTransac'!$E$2:$E$181,'TD_TotalNatureTransac'!$B$2:$B$181,B4,'TD_TotalNatureTransac'!$C$2:$C$181,"ZZ2",'TD_TotalNatureTransac'!$D$2:$D$181,"CHEQUES") | F4: =SUMIFS('TD_TotalNatureTransac'!$F$2:$F$181,'TD_TotalNatureTransac'!$B$2:$B$181,B4,'TD_TotalNatureTransac'!$C$2:$C$181,"ZZ2",'TD_TotalNatureTransac'!$D$2:$D$181,"CHEQUES") | G4: =SUMIFS('TD_TotalNatureTransac'!$E$2:$E$181,'TD_TotalNatureTransac'!$B$2:$B$181,B4,'TD_TotalNatureTransac'!$C$2:$C$181,"ZZ2",'TD_TotalNatureTransac'!$D$2:$D$181,"CORRECTION") | H4: =SUMIFS('TD_TotalNatureTransac'!$F$2:$F$181,'TD_TotalNatureTransac'!$B$2:$B$181,B4,'TD_TotalNatureTransac'!$C$2:$C$181,"ZZ2",'TD_TotalNatureTransac'!$D$2:$D$181,"CORRECTION") | I4: =SUMIFS('TD_TotalNatureTransac'!$E$2:$E$181,'TD_TotalNatureTransac'!$B$2:$B$181,B4,'TD_TotalNatureTransac'!$C$2:$C$181,"ZZ2",'TD_TotalNatureTransac'!$D$2:$D$181,"ESPECES") | J4: =SUMIFS('TD_TotalNatureTransac'!$F$2:$F$181,'TD_TotalNatureTransac'!$B$2:$B$181,B4,'TD_TotalNatureTransac'!$C$2:$C$181,"ZZ2",'TD_TotalNatureTransac'!$D$2:$D$181,"ESPECES") | K4: =SUMIFS('TD_TotalNatureTransac'!$E$2:$E$181,'TD_TotalNatureTransac'!$B$2:$B$181,B4,'TD_TotalNatureTransac'!$C$2:$C$181,"ZZ2",'TD_TotalNatureTransac'!$D$2:$D$181,"REF./TIROIR") | L4: =SUMIFS('TD_TotalNatureTransac'!$F$2:$F$181,'TD_TotalNatureTransac'!$B$2:$B$181,B4,'TD_TotalNatureTransac'!$C$2:$C$181,"ZZ2",'TD_TotalNatureTransac'!$D$2:$D$181,"REF./TIROIR")
A5: 2023 | B5: 2023-04 | C5: =SUMIFS('TD_TotalNatureTransac'!$E$2:$E$181,'TD_TotalNatureTransac'!$B$2:$B$181,B5,'TD_TotalNatureTransac'!$C$2:$C$181,"ZZ2",'TD_TotalNatureTransac'!$D$2:$D$181,"CARTES") | D5: =SUMIFS('TD_TotalNatureTransac'!$F$2:$F$181,'TD_TotalNatureTransac'!$B$2:$B$181,B5,'TD_TotalNatureTransac'!$C$2:$C$181,"ZZ2",'TD_TotalNatureTransac'!$D$2:$D$181,"CARTES") | E5: =SUMIFS('TD_TotalNatureTransac'!$E$2:$E$181,'TD_TotalNatureTransac'!$B$2:$B$181,B5,'TD_TotalNatureTransac'!$C$2:$C$181,"ZZ2",'TD_TotalNatureTransac'!$D$2:$D$181,"CHEQUES") | F5: =SUMIFS('TD_TotalNatureTransac'!$F$2:$F$181,'TD_TotalNatureTransac'!$B$2:$B$181,B5,'TD_TotalNatureTransac'!$C$2:$C$181,"ZZ2",'TD_TotalNatureTransac'!$D$2:$D$181,"CHEQUES") | G5: =SUMIFS('TD_TotalNatureTransac'!$E$2:$E$181,'TD_TotalNatureTransac'!$B$2:$B$181,B5,'TD_TotalNatureTransac'!$C$2:$C$181,"ZZ2",'TD_TotalNatureTransac'!$D$2:$D$181,"CORRECTION") | H5: =SUMIFS('TD_TotalNatureTransac'!$F$2:$F$181,'TD_TotalNatureTransac'!$B$2:$B$181,B5,'TD_TotalNatureTransac'!$C$2:$C$181,"ZZ2",'TD_TotalNatureTransac'!$D$2:$D$181,"CORRECTION") | I5: =SUMIFS('TD_TotalNatureTransac'!$E$2:$E$181,'TD_TotalNatureTransac'!$B$2:$B$181,B5,'TD_TotalNatureTransac'!$C$2:$C$181,"ZZ2",'TD_TotalNatureTransac'!$D$2:$D$181,"ESPECES") | J5: =SUMIFS('TD_TotalNatureTransac'!$F$2:$F$181,'TD_TotalNatureTransac'!$B$2:$B$181,B5,'TD_TotalNatureTransac'!$C$2:$C$181,"ZZ2",'TD_TotalNatureTransac'!$D$2:$D$181,"ESPECES") | K5: =SUMIFS('TD_TotalNatureTransac'!$E$2:$E$181,'TD_TotalNatureTransac'!$B$2:$B$181,B5,'TD_TotalNatureTransac'!$C$2:$C$181,"ZZ2",'TD_TotalNatureTransac'!$D$2:$D$181,"REF./TIROIR") | L5: =SUMIFS('TD_TotalNatureTransac'!$F$2:$F$181,'TD_TotalNatureTransac'!$B$2:$B$181,B5,'TD_TotalNatureTransac'!$C$2:$C$181,"ZZ2",'TD_TotalNatureTransac'!$D$2:$D$181,"REF./TIROIR")
A6: 2023 | B6: 2023-05 | C6: =SUMIFS('TD_TotalNatureTransac'!$E$2:$E$181,'TD_TotalNatureTransac'!$B$2:$B$181,B6,'TD_TotalNatureTransac'!$C$2:$C$181,"ZZ2",'TD_TotalNatureTransac'!$D$2:$D$181,"CARTES") | D6: =SUMIFS('TD_TotalNatureTransac'!$F$2:$F$181,'TD_TotalNatureTransac'!$B$2:$B$181,B6,'TD_TotalNatureTransac'!$C$2:$C$181,"ZZ2",'TD_TotalNatureTransac'!$D$2:$D$181,"CARTES") | E6: =SUMIFS('TD_TotalNatureTransac'!$E$2:$E$181,'TD_TotalNatureTransac'!$B$2:$B$181,B6,'TD_TotalNatureTransac'!$C$2:$C$181,"ZZ2",'TD_TotalNatureTransac'!$D$2:$D$181,"CHEQUES") | F6: =SUMIFS('TD_TotalNatureTransac'!$F$2:$F$181,'TD_TotalNatureTransac'!$B$2:$B$181,B6,'TD_TotalNatureTransac'!$C$2:$C$181,"ZZ2",'TD_TotalNatureTransac'!$D$2:$D$181,"CHEQUES") | G6: =SUMIFS('TD_TotalNatureTransac'!$E$2:$E$181,'TD_TotalNatureTransac'!$B$2:$B$181,B6,'TD_TotalNatureTransac'!$C$2:$C$181,"ZZ2",'TD_TotalNatureTransac'!$D$2:$D$181,"CORRECTION") | H6: =SUMIFS('TD_TotalNatureTransac'!$F$2:$F$181,'TD_TotalNatureTransac'!$B$2:$B$181,B6,'TD_TotalNatureTransac'!$C$2:$C$181,"ZZ2",'TD_TotalNatureTransac'!$D$2:$D$181,"CORRECTION") | I6: =SUMIFS('TD_TotalNatureTransac'!$E$2:$E$181,'TD_TotalNatureTransac'!$B$2:$B$181,B6,'TD_TotalNatureTransac'!$C$2:$C$181,"ZZ2",'TD_TotalNatureTransac'!$D$2:$D$181,"ESPECES") | J6: =SUMIFS('TD_TotalNatureTransac'!$F$2:$F$181,'TD_TotalNatureTransac'!$B$2:$B$181,B6,'TD_TotalNatureTransac'!$C$2:$C$181,"ZZ2",'TD_TotalNatureTransac'!$D$2:$D$181,"ESPECES") | K6: =SUMIFS('TD_TotalNatureTransac'!$E$2:$E$181,'TD_TotalNatureTransac'!$B$2:$B$181,B6,'TD_TotalNatureTransac'!$C$2:$C$181,"ZZ2",'TD_TotalNatureTransac'!$D$2:$D$181,"REF./TIROIR") | L6: =SUMIFS('TD_TotalNatureTransac'!$F$2:$F$181,'TD_TotalNatureTransac'!$B$2:$B$181,B6,'TD_TotalNatureTransac'!$C$2:$C$181,"ZZ2",'TD_TotalNatureTransac'!$D$2:$D$181,"REF./TIROIR")
A7: 2023 | B7: 2023-06 | C7: =SUMIFS('TD_TotalNatureTransac'!$E$2:$E$181,'TD_TotalNatureTransac'!$B$2:$B$181,B7,'TD_TotalNatureTransac'!$C$2:$C$181,"ZZ2",'TD_TotalNatureTransac'!$D$2:$D$181,"CARTES") | D7: =SUMIFS('TD_TotalNatureTransac'!$F$2:$F$181,'TD_TotalNatureTransac'!$B$2:$B$181,B7,'TD_TotalNatureTransac'!$C$2:$C$181,"ZZ2",'TD_TotalNatureTransac'!$D$2:$D$181,"CARTES") | E7: =SUMIFS('TD_TotalNatureTransac'!$E$2:$E$181,'TD_TotalNatureTransac'!$B$2:$B$181,B7,'TD_TotalNatureTransac'!$C$2:$C$181,"ZZ2",'TD_TotalNatureTransac'!$D$2:$D$181,"CHEQUES") | F7: =SUMIFS('TD_TotalNatureTransac'!$F$2:$F$181,'TD_TotalNatureTransac'!$B$2:$B$181,B7,'TD_TotalNatureTransac'!$C$2:$C$181,"ZZ2",'TD_TotalNatureTransac'!$D$2:$D$181,"CHEQUES") | G7: =SUMIFS('TD_TotalNatureTransac'!$E$2:$E$181,'TD_TotalNatureTransac'!$B$2:$B$181,B7,'TD_TotalNatureTransac'!$C$2:$C$181,"ZZ2",'TD_TotalNatureTransac'!$D$2:$D$181,"CORRECTION") | H7: =SUMIFS('TD_TotalNatureTransac'!$F$2:$F$181,'TD_TotalNatureTransac'!$B$2:$B$181,B7,'TD_TotalNatureTransac'!$C$2:$C$181,"ZZ2",'TD_TotalNatureTransac'!$D$2:$D$181,"CORRECTION") | I7: =SUMIFS('TD_TotalNatureTransac'!$E$2:$E$181,'TD_TotalNatureTransac'!$B$2:$B$181,B7,'TD_TotalNatureTransac'!$C$2:$C$181,"ZZ2",'TD_TotalNatureTransac'!$D$2:$D$181,"ESPECES") | J7: =SUMIFS('TD_TotalNatureTransac'!$F$2:$F$181,'TD_TotalNatureTransac'!$B$2:$B$181,B7,'TD_TotalNatureTransac'!$C$2:$C$181,"ZZ2",'TD_TotalNatureTransac'!$D$2:$D$181,"ESPECES") | K7: =SUMIFS('TD_TotalNatureTransac'!$E$2:$E$181,'TD_TotalNatureTransac'!$B$2:$B$181,B7,'TD_TotalNatureTransac'!$C$2:$C$181,"ZZ2",'TD_TotalNatureTransac'!$D$2:$D$181,"REF./TIROIR") | L7: =SUMIFS('TD_TotalNatureTransac'!$F$2:$F$181,'TD_TotalNatureTransac'!$B$2:$B$181,B7,'TD_TotalNatureTransac'!$C$2:$C$181,"ZZ2",'TD_TotalNatureTransac'!$D$2:$D$181,"REF./TIROIR")
A8: 2023 | B8: 2023-07 | C8: =SUMIFS('TD_TotalNatureTransac'!$E$2:$E$181,'TD_TotalNatureTransac'!$B$2:$B$181,B8,'TD_TotalNatureTransac'!$C$2:$C$181,"ZZ2",'TD_TotalNatureTransac'!$D$2:$D$181,"CARTES") | D8: =SUMIFS('TD_TotalNatureTransac'!$F$2:$F$181,'TD_TotalNatureTransac'!$B$2:$B$181,B8,'TD_TotalNatureTransac'!$C$2:$C$181,"ZZ2",'TD_TotalNatureTransac'!$D$2:$D$181,"CARTES") | E8: =SUMIFS('TD_TotalNatureTransac'!$E$2:$E$181,'TD_TotalNatureTransac'!$B$2:$B$181,B8,'TD_TotalNatureTransac'!$C$2:$C$181,"ZZ2",'TD_TotalNatureTransac'!$D$2:$D$181,"CHEQUES") | F8: =SUMIFS('TD_TotalNatureTransac'!$F$2:$F$181,'TD_TotalNatureTransac'!$B$2:$B$181,B8,'TD_TotalNatureTransac'!$C$2:$C$181,"ZZ2",'TD_TotalNatureTransac'!$D$2:$D$181,"CHEQUES") | G8: =SUMIFS('TD_TotalNatureTransac'!$E$2:$E$181,'TD_TotalNatureTransac'!$B$2:$B$181,B8,'TD_TotalNatureTransac'!$C$2:$C$181,"ZZ2",'TD_TotalNatureTransac'!$D$2:$D$181,"CORRECTION") | H8: =SUMIFS('TD_TotalNatureTransac'!$F$2:$F$181,'TD_TotalNatureTransac'!$B$2:$B$181,B8,'TD_TotalNatureTransac'!$C$2:$C$181,"ZZ2",'TD_TotalNatureTransac'!$D$2:$D$181,"CORRECTION") | I8: =SUMIFS('TD_TotalNatureTransac'!$E$2:$E$181,'TD_TotalNatureTransac'!$B$2:$B$181,B8,'TD_TotalNatureTransac'!$C$2:$C$181,"ZZ2",'TD_TotalNatureTransac'!$D$2:$D$181,"ESPECES") | J8: =SUMIFS('TD_TotalNatureTransac'!$F$2:$F$181,'TD_TotalNatureTransac'!$B$2:$B$181,B8,'TD_TotalNatureTransac'!$C$2:$C$181,"ZZ2",'TD_TotalNatureTransac'!$D$2:$D$181,"ESPECES") | K8: =SUMIFS('TD_TotalNatureTransac'!$E$2:$E$181,'TD_TotalNatureTransac'!$B$2:$B$181,B8,'TD_TotalNatureTransac'!$C$2:$C$181,"ZZ2",'TD_TotalNatureTransac'!$D$2:$D$181,"REF./TIROIR") | L8: =SUMIFS('TD_TotalNatureTransac'!$F$2:$F$181,'TD_TotalNatureTransac'!$B$2:$B$181,B8,'TD_TotalNatureTransac'!$C$2:$C$181,"ZZ2",'TD_TotalNatureTransac'!$D$2:$D$181,"REF./TIROIR")
A9: 2023 | B9: 2023-08 | C9: =SUMIFS('TD_TotalNatureTransac'!$E$2:$E$181,'TD_TotalNatureTransac'!$B$2:$B$181,B9,'TD_TotalNatureTransac'!$C$2:$C$181,"ZZ2",'TD_TotalNatureTransac'!$D$2:$D$181,"CARTES") | D9: =SUMIFS('TD_TotalNatureTransac'!$F$2:$F$181,'TD_TotalNatureTransac'!$B$2:$B$181,B9,'TD_TotalNatureTransac'!$C$2:$C$181,"ZZ2",'TD_TotalNatureTransac'!$D$2:$D$181,"CARTES") | E9: =SUMIFS('TD_TotalNatureTransac'!$E$2:$E$181,'TD_TotalNatureTransac'!$B$2:$B$181,B9,'TD_TotalNatureTransac'!$C$2:$C$181,"ZZ2",'TD_TotalNatureTransac'!$D$2:$D$181,"CHEQUES") | F9: =SUMIFS('TD_TotalNatureTransac'!$F$2:$F$181,'TD_TotalNatureTransac'!$B$2:$B$181,B9,'TD_TotalNatureTransac'!$C$2:$C$181,"ZZ2",'TD_TotalNatureTransac'!$D$2:$D$181,"CHEQUES") | G9: =SUMIFS('TD_TotalNatureTransac'!$E$2:$E$181,'TD_TotalNatureTransac'!$B$2:$B$181,B9,'TD_TotalNatureTransac'!$C$2:$C$181,"ZZ2",'TD_TotalNatureTransac'!$D$2:$D$181,"CORRECTION") | H9: =SUMIFS('TD_TotalNatureTransac'!$F$2:$F$181,'TD_TotalNatureTransac'!$B$2:$B$181,B9,'TD_TotalNatureTransac'!$C$2:$C$181,"ZZ2",'TD_TotalNatureTransac'!$D$2:$D$181,"CORRECTION") | I9: =SUMIFS('TD_TotalNatureTransac'!$E$2:$E$181,'TD_TotalNatureTransac'!$B$2:$B$181,B9,'TD_TotalNatureTransac'!$C$2:$C$181,"ZZ2",'TD_TotalNatureTransac'!$D$2:$D$181,"ESPECES") | J9: =SUMIFS('TD_TotalNatureTransac'!$F$2:$F$181,'TD_TotalNatureTransac'!$B$2:$B$181,B9,'TD_TotalNatureTransac'!$C$2:$C$181,"ZZ2",'TD_TotalNatureTransac'!$D$2:$D$181,"ESPECES") | K9: =SUMIFS('TD_TotalNatureTransac'!$E$2:$E$181,'TD_TotalNatureTransac'!$B$2:$B$181,B9,'TD_TotalNatureTransac'!$C$2:$C$181,"ZZ2",'TD_TotalNatureTransac'!$D$2:$D$181,"REF./TIROIR") | L9: =SUMIFS('TD_TotalNatureTransac'!$F$2:$F$181,'TD_TotalNatureTransac'!$B$2:$B$181,B9,'TD_TotalNatureTransac'!$C$2:$C$181,"ZZ2",'TD_TotalNatureTransac'!$D$2:$D$181,"REF./TIROIR")
A10: 2023 | B10: 2023-09 | C10: =SUMIFS('TD_TotalNatureTransac'!$E$2:$E$181,'TD_TotalNatureTransac'!$B$2:$B$181,B10,'TD_TotalNatureTransac'!$C$2:$C$181,"ZZ2",'TD_TotalNatureTransac'!$D$2:$D$181,"CARTES") | D10: =SUMIFS('TD_TotalNatureTransac'!$F$2:$F$181,'TD_TotalNatureTransac'!$B$2:$B$181,B10,'TD_TotalNatureTransac'!$C$2:$C$181,"ZZ2",'TD_TotalNatureTransac'!$D$2:$D$181,"CARTES") | E10: =SUMIFS('TD_TotalNatureTransac'!$E$2:$E$181,'TD_TotalNatureTransac'!$B$2:$B$181,B10,'TD_TotalNatureTransac'!$C$2:$C$181,"ZZ2",'TD_TotalNatureTransac'!$D$2:$D$181,"CHEQUES") | F10: =SUMIFS('TD_TotalNatureTransac'!$F$2:$F$181,'TD_TotalNatureTransac'!$B$2:$B$181,B10,'TD_TotalNatureTransac'!$C$2:$C$181,"ZZ2",'TD_TotalNatureTransac'!$D$2:$D$181,"CHEQUES") | G10: =SUMIFS('TD_TotalNatureTransac'!$E$2:$E$181,'TD_TotalNatureTransac'!$B$2:$B$181,B10,'TD_TotalNatureTransac'!$C$2:$C$181,"ZZ2",'TD_TotalNatureTransac'!$D$2:$D$181,"CORRECTION") | H10: =SUMIFS('TD_TotalNatureTransac'!$F$2:$F$181,'TD_TotalNatureTransac'!$B$2:$B$181,B10,'TD_TotalNatureTransac'!$C$2:$C$181,"ZZ2",'TD_TotalNatureTransac'!$D$2:$D$181,"CORRECTION") | I10: =SUMIFS('TD_TotalNatureTransac'!$E$2:$E$181,'TD_TotalNatureTransac'!$B$2:$B$181,B10,'TD_TotalNatureTransac'!$C$2:$C$181,"ZZ2",'TD_TotalNatureTransac'!$D$2:$D$181,"ESPECES") | J10: =SUMIFS('TD_TotalNatureTransac'!$F$2:$F$181,'TD_TotalNatureTransac'!$B$2:$B$181,B10,'TD_TotalNatureTransac'!$C$2:$C$181,"ZZ2",'TD_TotalNatureTransac'!$D$2:$D$181,"ESPECES") | K10: =SUMIFS('TD_TotalNatureTransac'!$E$2:$E$181,'TD_TotalNatureTransac'!$B$2:$B$181,B10,'TD_TotalNatureTransac'!$C$2:$C$181,"ZZ2",'TD_TotalNatureTransac'!$D$2:$D$181,"REF./TIROIR") | L10: =SUMIFS('TD_TotalNatureTransac'!$F$2:$F$181,'TD_TotalNatureTransac'!$B$2:$B$181,B10,'TD_TotalNatureTransac'!$C$2:$C$181,"ZZ2",'TD_TotalNatureTransac'!$D$2:$D$181,"REF./TIROIR")
A11: 2023 | B11: 2023-10 | C11: =SUMIFS('TD_TotalNatureTransac'!$E$2:$E$181,'TD_TotalNatureTransac'!$B$2:$B$181,B11,'TD_TotalNatureTransac'!$C$2:$C$181,"ZZ2",'TD_TotalNatureTransac'!$D$2:$D$181,"CARTES") | D11: =SUMIFS('TD_TotalNatureTransac'!$F$2:$F$181,'TD_TotalNatureTransac'!$B$2:$B$181,B11,'TD_TotalNatureTransac'!$C$2:$C$181,"ZZ2",'TD_TotalNatureTransac'!$D$2:$D$181,"CARTES") | E11: =SUMIFS('TD_TotalNatureTransac'!$E$2:$E$181,'TD_TotalNatureTransac'!$B$2:$B$181,B11,'TD_TotalNatureTransac'!$C$2:$C$181,"ZZ2",'TD_TotalNatureTransac'!$D$2:$D$181,"CHEQUES") | F11: =SUMIFS('TD_TotalNatureTransac'!$F$2:$F$181,'TD_TotalNatureTransac'!$B$2:$B$181,B11,'TD_TotalNatureTransac'!$C$2:$C$181,"ZZ2",'TD_TotalNatureTransac'!$D$2:$D$181,"CHEQUES") | G11: =SUMIFS('TD_TotalNatureTransac'!$E$2:$E$181,'TD_TotalNatureTransac'!$B$2:$B$181,B11,'TD_TotalNatureTransac'!$C$2:$C$181,"ZZ2",'TD_TotalNatureTransac'!$D$2:$D$181,"CORRECTION") | H11: =SUMIFS('TD_TotalNatureTransac'!$F$2:$F$181,'TD_TotalNatureTransac'!$B$2:$B$181,B11,'TD_TotalNatureTransac'!$C$2:$C$181,"ZZ2",'TD_TotalNatureTransac'!$D$2:$D$181,"CORRECTION") | I11: =SUMIFS('TD_TotalNatureTransac'!$E$2:$E$181,'TD_TotalNatureTransac'!$B$2:$B$181,B11,'TD_TotalNatureTransac'!$C$2:$C$181,"ZZ2",'TD_TotalNatureTransac'!$D$2:$D$181,"ESPECES") | J11: =SUMIFS('TD_TotalNatureTransac'!$F$2:$F$181,'TD_TotalNatureTransac'!$B$2:$B$181,B11,'TD_TotalNatureTransac'!$C$2:$C$181,"ZZ2",'TD_TotalNatureTransac'!$D$2:$D$181,"ESPECES") | K11: =SUMIFS('TD_TotalNatureTransac'!$E$2:$E$181,'TD_TotalNatureTransac'!$B$2:$B$181,B11,'TD_TotalNatureTransac'!$C$2:$C$181,"ZZ2",'TD_TotalNatureTransac'!$D$2:$D$181,"REF./TIROIR") | L11: =SUMIFS('TD_TotalNatureTransac'!$F$2:$F$181,'TD_TotalNatureTransac'!$B$2:$B$181,B11,'TD_TotalNatureTransac'!$C$2:$C$181,"ZZ2",'TD_TotalNatureTransac'!$D$2:$D$181,"REF./TIROIR")
A12: 2023 | B12: 2023-11 | C12: =SUMIFS('TD_TotalNatureTransac'!$E$2:$E$181,'TD_TotalNatureTransac'!$B$2:$B$181,B12,'TD_TotalNatureTransac'!$C$2:$C$181,"ZZ2",'TD_TotalNatureTransac'!$D$2:$D$181,"CARTES") | D12: =SUMIFS('TD_TotalNatureTransac'!$F$2:$F$181,'TD_TotalNatureTransac'!$B$2:$B$181,B12,'TD_TotalNatureTransac'!$C$2:$C$181,"ZZ2",'TD_TotalNatureTransac'!$D$2:$D$181,"CARTES") | E12: =SUMIFS('TD_TotalNatureTransac'!$E$2:$E$181,'TD_TotalNatureTransac'!$B$2:$B$181,B12,'TD_TotalNatureTransac'!$C$2:$C$181,"ZZ2",'TD_TotalNatureTransac'!$D$2:$D$181,"CHEQUES") | F12: =SUMIFS('TD_TotalNatureTransac'!$F$2:$F$181,'TD_TotalNatureTransac'!$B$2:$B$181,B12,'TD_TotalNatureTransac'!$C$2:$C$181,"ZZ2",'TD_TotalNatureTransac'!$D$2:$D$181,"CHEQUES") | G12: =SUMIFS('TD_TotalNatureTransac'!$E$2:$E$181,'TD_TotalNatureTransac'!$B$2:$B$181,B12,'TD_TotalNatureTransac'!$C$2:$C$181,"ZZ2",'TD_TotalNatureTransac'!$D$2:$D$181,"CORRECTION") | H12: =SUMIFS('TD_TotalNatureTransac'!$F$2:$F$181,'TD_TotalNatureTransac'!$B$2:$B$181,B12,'TD_TotalNatureTransac'!$C$2:$C$181,"ZZ2",'TD_TotalNatureTransac'!$D$2:$D$181,"CORRECTION") | I12: =SUMIFS('TD_TotalNatureTransac'!$E$2:$E$181,'TD_TotalNatureTransac'!$B$2:$B$181,B12,'TD_TotalNatureTransac'!$C$2:$C$181,"ZZ2",'TD_TotalNatureTransac'!$D$2:$D$181,"ESPECES") | J12: =SUMIFS('TD_TotalNatureTransac'!$F$2:$F$181,'TD_TotalNatureTransac'!$B$2:$B$181,B12,'TD_TotalNatureTransac'!$C$2:$C$181,"ZZ2",'TD_TotalNatureTransac'!$D$2:$D$181,"ESPECES") | K12: =SUMIFS('TD_TotalNatureTransac'!$E$2:$E$181,'TD_TotalNatureTransac'!$B$2:$B$181,B12,'TD_TotalNatureTransac'!$C$2:$C$181,"ZZ2",'TD_TotalNatureTransac'!$D$2:$D$181,"REF./TIROIR") | L12: =SUMIFS('TD_TotalNatureTransac'!$F$2:$F$181,'TD_TotalNatureTransac'!$B$2:$B$181,B12,'TD_TotalNatureTransac'!$C$2:$C$181,"ZZ2",'TD_TotalNatureTransac'!$D$2:$D$181,"REF./TIROIR")
A13: 2023 | B13: 2023-12 | C13: =SUMIFS('TD_TotalNatureTransac'!$E$2:$E$181,'TD_TotalNatureTransac'!$B$2:$B$181,B13,'TD_TotalNatureTransac'!$C$2:$C$181,"ZZ2",'TD_TotalNatureTransac'!$D$2:$D$181,"CARTES") | D13: =SUMIFS('TD_TotalNatureTransac'!$F$2:$F$181,'TD_TotalNatureTransac'!$B$2:$B$181,B13,'TD_TotalNatureTransac'!$C$2:$C$181,"ZZ2",'TD_TotalNatureTransac'!$D$2:$D$181,"CARTES") | E13: =SUMIFS('TD_TotalNatureTransac'!$E$2:$E$181,'TD_TotalNatureTransac'!$B$2:$B$181,B13,'TD_TotalNatureTransac'!$C$2:$C$181,"ZZ2",'TD_TotalNatureTransac'!$D$2:$D$181,"CHEQUES") | F13: =SUMIFS('TD_TotalNatureTransac'!$F$2:$F$181,'TD_TotalNatureTransac'!$B$2:$B$181,B13,'TD_TotalNatureTransac'!$C$2:$C$181,"ZZ2",'TD_TotalNatureTransac'!$D$2:$D$181,"CHEQUES") | G13: =SUMIFS('TD_TotalNatureTransac'!$E$2:$E$181,'TD_TotalNatureTransac'!$B$2:$B$181,B13,'TD_TotalNatureTransac'!$C$2:$C$181,"ZZ2",'TD_TotalNatureTransac'!$D$2:$D$181,"CORRECTION") | H13: =SUMIFS('TD_TotalNatureTransac'!$F$2:$F$181,'TD_TotalNatureTransac'!$B$2:$B$181,B13,'TD_TotalNatureTransac'!$C$2:$C$181,"ZZ2",'TD_TotalNatureTransac'!$D$2:$D$181,"CORRECTION") | I13: =SUMIFS('TD_TotalNatureTransac'!$E$2:$E$181,'TD_TotalNatureTransac'!$B$2:$B$181,B13,'TD_TotalNatureTransac'!$C$2:$C$181,"ZZ2",'TD_TotalNatureTransac'!$D$2:$D$181,"ESPECES") | J13: =SUMIFS('TD_TotalNatureTransac'!$F$2:$F$181,'TD_TotalNatureTransac'!$B$2:$B$181,B13,'TD_TotalNatureTransac'!$C$2:$C$181,"ZZ2",'TD_TotalNatureTransac'!$D$2:$D$181,"ESPECES") | K13: =SUMIFS('TD_TotalNatureTransac'!$E$2:$E$181,'TD_TotalNatureTransac'!$B$2:$B$181,B13,'TD_TotalNatureTransac'!$C$2:$C$181,"ZZ2",'TD_TotalNatureTransac'!$D$2:$D$181,"REF./TIROIR") | L13: =SUMIFS('TD_TotalNatureTransac'!$F$2:$F$181,'TD_TotalNatureTransac'!$B$2:$B$181,B13,'TD_TotalNatureTransac'!$C$2:$C$181,"ZZ2",'TD_TotalNatureTransac'!$D$2:$D$181,"REF./TIROIR")

Sheet Z2_Total_ModeZ
A1: AJ_ANNEE_Z | B1: AJ_MOIS_Z | C1: CARTES_D_QUANTITE | D1: CARTES_D_MONTANT | E1: CHEQUES_D_QUANTITE | F1: CHEQUES_D_MONTANT | G1: CORRECTION_D_QUANTITE | H1: CORRECTION_D_MONTANT | I1: ESPECES_D_QUANTITE | J1: ESPECES_D_MONTANT | K1: REF__TIROIR_D_QUANTITE | L1: REF__TIROIR_D_MONTANT
A2: 2023 | B2: 2023-01 | C2: =SUMIFS('TD_TotalNatureTransac'!$E$2:$E$181,'TD_TotalNatureTransac'!$B$2:$B$181,B2,'TD_TotalNatureTransac'!$C$2:$C$181,"Z",'TD_TotalNatureTransac'!$D$2:$D$181,"CARTES") | D2: =SUMIFS('TD_TotalNatureTransac'!$F$2:$F$181,'TD_TotalNatureTransac'!$B$2:$B$181,B2,'TD_TotalNatureTransac'!$C$2:$C$181,"Z",'TD_TotalNatureTransac'!$D$2:$D$181,"CARTES") | E2: =SUMIFS('TD_TotalNatureTransac'!$E$2:$E$181,'TD_TotalNatureTransac'!$B$2:$B$181,B2,'TD_TotalNatureTransac'!$C$2:$C$181,"Z",'TD_TotalNatureTransac'!$D$2:$D$181,"CHEQUES") | F2: =SUMIFS('TD_TotalNatureTransac'!$F$2:$F$181,'TD_TotalNatureTransac'!$B$2:$B$181,B2,'TD_TotalNatureTransac'!$C$2:$C$181,"Z",'TD_TotalNatureTransac'!$D$2:$D$181,"CHEQUES") | G2: =SUMIFS('TD_TotalNatureTransac'!$E$2:$E$181,'TD_TotalNatureTransac'!$B$2:$B$181,B2,'TD_TotalNatureTransac'!$C$2:$C$181,"Z",'TD_TotalNatureTransac'!$D$2:$D$181,"CORRECTION") | H2: =SUMIFS('TD_TotalNatureTransac'!$F$2:$F$181,'TD_TotalNatureTransac'!$B$2:$B$181,B2,'TD_TotalNatureTransac'!$C$2:$C$181,"Z",'TD_TotalNatureTransac'!$D$2:$D$181,"CORRECTION") | I2: =SUMIFS('TD_TotalNatureTransac'!$E$2:$E$181,'TD_TotalNatureTransac'!$B$2:$B$181,B2,'TD_TotalNatureTransac'!$C$2:$C$181,"Z",'TD_TotalNatureTransac'!$D$2:$D$181,"ESPECES") | J2: =SUMIFS('TD_TotalNatureTransac'!$F$2:$F$181,'TD_TotalNatureTransac'!$B$2:$B$181,B2,'TD_TotalNatureTransac'!$C$2:$C$181,"Z",'TD_TotalNatureTransac'!$D$2:$D$181,"ESPECES") | K2: =SUMIFS('TD_TotalNatureTransac'!$E$2:$E$181,'TD_TotalNatureTransac'!$B$2:$B$181,B2,'TD_TotalNatureTransac'!$C$2:$C$181,"Z",'TD_TotalNatureTransac'!$D$2:$D$181,"REF./TIROIR") | L2: =SUMIFS('TD_TotalNatureTransac'!$F$2:$F$181,'TD_TotalNatureTransac'!$B$2:$B$181,B2,'TD_TotalNatureTransac'!$C$2:$C$181,"Z",'TD_TotalNatureTransac'!$D$2:$D$181,"REF./TIROIR")
A3: 2023 | B3: 2023-02 | C3: =SUMIFS('TD_TotalNatureTransac'!$E$2:$E$181,'TD_TotalNatureTransac'!$B$2:$B$181,B3,'TD_TotalNatureTransac'!$C$2:$C$181,"Z",'TD_TotalNatureTransac'!$D$2:$D$181,"CARTES") | D3: =SUMIFS('TD_TotalNatureTransac'!$F$2:$F$181,'TD_TotalNatureTransac'!$B$2:$B$181,B3,'TD_TotalNatureTransac'!$C$2:$C$181,"Z",'TD_TotalNatureTransac'!$D$2:$D$181,"CARTES") | E3: =SUMIFS('TD_TotalNatureTransac'!$E$2:$E$181,'TD_TotalNatureTransac'!$B$2:$B$181,B3,'TD_TotalNatureTransac'!$C$2:$C$181,"Z",'TD_TotalNatureTransac'!$D$2:$D$181,"CHEQUES") | F3: =SUMIFS('TD_TotalNatureTransac'!$F$2:$F$181,'TD_TotalNatureTransac'!$B$2:$B$181,B3,'TD_TotalNatureTransac'!$C$2:$C$181,"Z",'TD_TotalNatureTransac'!$D$2:$D$181,"CHEQUES") | G3: =SUMIFS('TD_TotalNatureTransac'!$E$2:$E$181,'TD_TotalNatureTransac'!$B$2:$B$181,B3,'TD_TotalNatureTransac'!$C$2:$C$181,"Z",'TD_TotalNatureTransac'!$D$2:$D$181,"CORRECTION") | H3: =SUMIFS('TD_TotalNatureTransac'!$F$2:$F$181,'TD_TotalNatureTransac'!$B$2:$B$181,B3,'TD_TotalNatureTransac'!$C$2:$C$181,"Z",'TD_TotalNatureTransac'!$D$2:$D$181,"CORRECTION") | I3: =SUMIFS('TD_TotalNatureTransac'!$E$2:$E$181,'TD_TotalNatureTransac'!$B$2:$B$181,B3,'TD_TotalNatureTransac'!$C$2:$C$181,"Z",'TD_TotalNatureTransac'!$D$2:$D$181,"ESPECES") | J3: =SUMIFS('TD_TotalNatureTransac'!$F$2:$F$181,'TD_TotalNatureTransac'!$B$2:$B$181,B3,'TD_TotalNatureTransac'!$C$2:$C$181,"Z",'TD_TotalNatureTransac'!$D$2:$D$181,"ESPECES") | K3: =SUMIFS('TD_TotalNatureTransac'!$E$2:$E$181,'TD_TotalNatureTransac'!$B$2:$B$181,B3,'TD_TotalNatureTransac'!$C$2:$C$181,"Z",'TD_TotalNatureTransac'!$D$2:$D$181,"REF./TIROIR") | L3: =SUMIFS('TD_TotalNatureTransac'!$F$2:$F$181,'TD_TotalNatureTransac'!$B$2:$B$181,B3,'TD_TotalNatureTransac'!$C$2:$C$181,"Z",'TD_TotalNatureTransac'!$D$2:$D$181,"REF./TIROIR")
A4: 2023 | B4: 2023-03 | C4: =SUMIFS('TD_TotalNatureTransac'!$E$2:$E$181,'TD_TotalNatureTransac'!$B$2:$B$181,B4,'TD_TotalNatureTransac'!$C$2:$C$181,"Z",'TD_TotalNatureTransac'!$D$2:$D$181,"CARTES") | D4: =SUMIFS('TD_TotalNatureTransac'!$F$2:$F$181,'TD_TotalNatureTransac'!$B$2:$B$181,B4,'TD_TotalNatureTransac'!$C$2:$C$181,"Z",'TD_TotalNatureTransac'!$D$2:$D$181,"CARTES") | E4: =SUMIFS('TD_TotalNatureTransac'!$E$2:$E$181,'TD_TotalNatureTransac'!$B$2:$B$181,B4,'TD_TotalNatureTransac'!$C$2:$C$181,"Z",'TD_TotalNatureTransac'!$D$2:$D$181,"CHEQUES") | F4: =SUMIFS('TD_TotalNatureTransac'!$F$2:$F$181,'TD_TotalNatureTransac'!$B$2:$B$181,B4,'TD_TotalNatureTransac'!$C$2:$C$181,"Z",'TD_TotalNatureTransac'!$D$2:$D$181,"CHEQUES") | G4: =SUMIFS('TD_TotalNatureTransac'!$E$2:$E$181,'TD_TotalNatureTransac'!$B$2:$B$181,B4,'TD_TotalNatureTransac'!$C$2:$C$181,"Z",'TD_TotalNatureTransac'!$D$2:$D$181,"CORRECTION") | H4: =SUMIFS('TD_TotalNatureTransac'!$F$2:$F$181,'TD_TotalNatureTransac'!$B$2:$B$181,B4,'TD_TotalNatureTransac'!$C$2:$C$181,"Z",'TD_TotalNatureTransac'!$D$2:$D$181,"CORRECTION") | I4: =SUMIFS('TD_TotalNatureTransac'!$E$2:$E$181,'TD_TotalNatureTransac'!$B$2:$B$181,B4,'TD_TotalNatureTransac'!$C$2:$C$181,"Z",'TD_TotalNatureTransac'!$D$2:$D$181,"ESPECES") | J4: =SUMIFS('TD_TotalNatureTransac'!$F$2:$F$181,'TD_TotalNatureTransac'!$B$2:$B$181,B4,'TD_TotalNatureTransac'!$C$2:$C$181,"Z",'TD_TotalNatureTransac'!$D$2:$D$181,"ESPECES") | K4: =SUMIFS('TD_TotalNatureTransac'!$E$2:$E$181,'TD_TotalNatureTransac'!$B$2:$B$181,B4,'TD_TotalNatureTransac'!$C$2:$C$181,"Z",'TD_TotalNatureTransac'!$D$2:$D$181,"REF./TIROIR") | L4: =SUMIFS('TD_TotalNatureTransac'!$F$2:$F$181,'TD_TotalNatureTransac'!$B$2:$B$181,B4,'TD_TotalNatureTransac'!$C$2:$C$181,"Z",'TD_TotalNatureTransac'!$D$2:$D$181,"REF./TIROIR")
A5: 2023 | B5: 2023-04 | C5: =SUMIFS('TD_TotalNatureTransac'!$E$2:$E$181,'TD_TotalNatureTransac'!$B$2:$B$181,B5,'TD_TotalNatureTransac'!$C$2:$C$181,"Z",'TD_TotalNatureTransac'!$D$2:$D$181,"CARTES") | D5: =SUMIFS('TD_TotalNatureTransac'!$F$2:$F$181,'TD_TotalNatureTransac'!$B$2:$B$181,B5,'TD_TotalNatureTransac'!$C$2:$C$181,"Z",'TD_TotalNatureTransac'!$D$2:$D$181,"CARTES") | E5: =SUMIFS('TD_TotalNatureTransac'!$E$2:$E$181,'TD_TotalNatureTransac'!$B$2:$B$181,B5,'TD_TotalNatureTransac'!$C$2:$C$181,"Z",'TD_TotalNatureTransac'!$D$2:$D$181,"CHEQUES") | F5: =SUMIFS('TD_TotalNatureTransac'!$F$2:$F$181,'TD_TotalNatureTransac'!$B$2:$B$181,B5,'TD_TotalNatureTransac'!$C$2:$C$181,"Z",'TD_TotalNatureTransac'!$D$2:$D$181,"CHEQUES") | G5: =SUMIFS('TD_TotalNatureTransac'!$E$2:$E$181,'TD_TotalNatureTransac'!$B$2:$B$181,B5,'TD_TotalNatureTransac'!$C$2:$C$181,"Z",'TD_TotalNatureTransac'!$D$2:$D$181,"CORRECTION") | H5: =SUMIFS('TD_TotalNatureTransac'!$F$2:$F$181,'TD_TotalNatureTransac'!$B$2:$B$181,B5,'TD_TotalNatureTransac'!$C$2:$C$181,"Z",'TD_TotalNatureTransac'!$D$2:$D$181,"CORRECTION") | I5: =SUMIFS('TD_TotalNatureTransac'!$E$2:$E$181,'TD_TotalNatureTransac'!$B$2:$B$181,B5,'TD_TotalNatureTransac'!$C$2:$C$181,"Z",'TD_TotalNatureTransac'!$D$2:$D$181,"ESPECES") | J5: =SUMIFS('TD_TotalNatureTransac'!$F$2:$F$181,'TD_TotalNatureTransac'!$B$2:$B$181,B5,'TD_TotalNatureTransac'!$C$2:$C$181,"Z",'TD_TotalNatureTransac'!$D$2:$D$181,"ESPECES") | K5: =SUMIFS('TD_TotalNatureTransac'!$E$2:$E$181,'TD_TotalNatureTransac'!$B$2:$B$181,B5,'TD_TotalNatureTransac'!$C$2:$C$181,"Z",'TD_TotalNatureTransac'!$D$2:$D$181,"REF./TIROIR") | L5: =SUMIFS('TD_TotalNatureTransac'!$F$2:$F$181,'TD_TotalNatureTransac'!$B$2:$B$181,B5,'TD_TotalNatureTransac'!$C$2:$C$181,"Z",'TD_TotalNatureTransac'!$D$2:$D$181,"REF./TIROIR")
A6: 2023 | B6: 2023-05 | C6: =SUMIFS('TD_TotalNatureTransac'!$E$2:$E$181,'TD_TotalNatureTransac'!$B$2:$B$181,B6,'TD_TotalNatureTransac'!$C$2:$C$181,"Z",'TD_TotalNatureTransac'!$D$2:$D$181,"CARTES") | D6: =SUMIFS('TD_TotalNatureTransac'!$F$2:$F$181,'TD_TotalNatureTransac'!$B$2:$B$181,B6,'TD_TotalNatureTransac'!$C$2:$C$181,"Z",'TD_TotalNatureTransac'!$D$2:$D$181,"CARTES") | E6: =SUMIFS('TD_TotalNatureTransac'!$E$2:$E$181,'TD_TotalNatureTransac'!$B$2:$B$181,B6,'TD_TotalNatureTransac'!$C$2:$C$181,"Z",'TD_TotalNatureTransac'!$D$2:$D$181,"CHEQUES") | F6: =SUMIFS('TD_TotalNatureTransac'!$F$2:$F$181,'TD_TotalNatureTransac'!$B$2:$B$181,B6,'TD_TotalNatureTransac'!$C$2:$C$181,"Z",'TD_TotalNatureTransac'!$D$2:$D$181,"CHEQUES") | G6: =SUMIFS('TD_TotalNatureTransac'!$E$2:$E$181,'TD_TotalNatureTransac'!$B$2:$B$181,B6,'TD_TotalNatureTransac'!$C$2:$C$181,"Z",'TD_TotalNatureTransac'!$D$2:$D$181,"CORRECTION") | H6: =SUMIFS('TD_TotalNatureTransac'!$F$2:$F$181,'TD_TotalNatureTransac'!$B$2:$B$181,B6,'TD_TotalNatureTransac'!$C$2:$C$181,"Z",'TD_TotalNatureTransac'!$D$2:$D$181,"CORRECTION") | I6: =SUMIFS('TD_TotalNatureTransac'!$E$2:$E$181,'TD_TotalNatureTransac'!$B$2:$B$181,B6,'TD_TotalNatureTransac'!$C$2:$C$181,"Z",'TD_TotalNatureTransac'!$D$2:$D$181,"ESPECES") | J6: =SUMIFS('TD_TotalNatureTransac'!$F$2:$F$181,'TD_TotalNatureTransac'!$B$2:$B$181,B6,'TD_TotalNatureTransac'!$C$2:$C$181,"Z",'TD_TotalNatureTransac'!$D$2:$D$181,"ESPECES") | K6: =SUMIFS('TD_TotalNatureTransac'!$E$2:$E$181,'TD_TotalNatureTransac'!$B$2:$B$181,B6,'TD_TotalNatureTransac'!$C$2:$C$181,"Z",'TD_TotalNatureTransac'!$D$2:$D$181,"REF./TIROIR") | L6: =SUMIFS('TD_TotalNatureTransac'!$F$2:$F$181,'TD_TotalNatureTransac'!$B$2:$B$181,B6,'TD_TotalNatureTransac'!$C$2:$C$181,"Z",'TD_TotalNatureTransac'!$D$2:$D$181,"REF./TIROIR")
A7: 2023 | B7: 2023-06 | C7: =SUMIFS('TD_TotalNatureTransac'!$E$2:$E$181,'TD_TotalNatureTransac'!$B$2:$B$181,B7,'TD_TotalNatureTransac'!$C$2:$C$181,"Z",'TD_TotalNatureTransac'!$D$2:$D$181,"CARTES") | D7: =SUMIFS('TD_TotalNatureTransac'!$F$2:$F$181,'TD_TotalNatureTransac'!$B$2:$B$181,B7,'TD_TotalNatureTransac'!$C$2:$C$181,"Z",'TD_TotalNatureTransac'!$D$2:$D$181,"CARTES") | E7: =SUMIFS('TD_TotalNatureTransac'!$E$2:$E$181,'TD_TotalNatureTransac'!$B$2:$B$181,B7,'TD_TotalNatureTransac'!$C$2:$C$181,"Z",'TD_TotalNatureTransac'!$D$2:$D$181,"CHEQUES") | F7: =SUMIFS('TD_TotalNatureTransac'!$F$2:$F$181,'TD_TotalNatureTransac'!$B$2:$B$181,B7,'TD_TotalNatureTransac'!$C$2:$C$181,"Z",'TD_TotalNatureTransac'!$D$2:$D$181,"CHEQUES") | G7: =SUMIFS('TD_TotalNatureTransac'!$E$2:$E$181,'TD_TotalNatureTransac'!$B$2:$B$181,B7,'TD_TotalNatureTransac'!$C$2:$C$181,"Z",'TD_TotalNatureTransac'!$D$2:$D$181,"CORRECTION") | H7: =SUMIFS('TD_TotalNatureTransac'!$F$2:$F$181,'TD_TotalNatureTransac'!$B$2:$B$181,B7,'TD_TotalNatureTransac'!$C$2:$C$181,"Z",'TD_TotalNatureTransac'!$D$2:$D$181,"CORRECTION") | I7: =SUMIFS('TD_TotalNatureTransac'!$E$2:$E$181,'TD_TotalNatureTransac'!$B$2:$B$181,B7,'TD_TotalNatureTransac'!$C$2:$C$181,"Z",'TD_TotalNatureTransac'!$D$2:$D$181,"ESPECES") | J7: =SUMIFS('TD_TotalNatureTransac'!$F$2:$F$181,'TD_TotalNatureTransac'!$B$2:$B$181,B7,'TD_TotalNatureTransac'!$C$2:$C$181,"Z",'TD_TotalNatureTransac'!$D$2:$D$181,"ESPECES") | K7: =SUMIFS('TD_TotalNatureTransac'!$E$2:$E$181,'TD_TotalNatureTransac'!$B$2:$B$181,B7,'TD_TotalNatureTransac'!$C$2:$C$181,"Z",'TD_TotalNatureTransac'!$D$2:$D$181,"REF./TIROIR") | L7: =SUMIFS('TD_TotalNatureTransac'!$F$2:$F$181,'TD_TotalNatureTransac'!$B$2:$B$181,B7,'TD_TotalNatureTransac'!$C$2:$C$181,"Z",'TD_TotalNatureTransac'!$D$2:$D$181,"REF./TIROIR")
A8: 2023 | B8: 2023-07 | C8: =SUMIFS('TD_TotalNatureTransac'!$E$2:$E$181,'TD_TotalNatureTransac'!$B$2:$B$181,B8,'TD_TotalNatureTransac'!$C$2:$C$181,"Z",'TD_TotalNatureTransac'!$D$2:$D$181,"CARTES") | D8: =SUMIFS('TD_TotalNatureTransac'!$F$2:$F$181,'TD_TotalNatureTransac'!$B$2:$B$181,B8,'TD_TotalNatureTransac'!$C$2:$C$181,"Z",'TD_TotalNatureTransac'!$D$2:$D$181,"CARTES") | E8: =SUMIFS('TD_TotalNatureTransac'!$E$2:$E$181,'TD_TotalNatureTransac'!$B$2:$B$181,B8,'TD_TotalNatureTransac'!$C$2:$C$181,"Z",'TD_TotalNatureTransac'!$D$2:$D$181,"CHEQUES") | F8: =SUMIFS('TD_TotalNatureTransac'!$F$2:$F$181,'TD_TotalNatureTransac'!$B$2:$B$181,B8,'TD_TotalNatureTransac'!$C$2:$C$181,"Z",'TD_TotalNatureTransac'!$D$2:$D$181,"CHEQUES") | G8: =SUMIFS('TD_TotalNatureTransac'!$E$2:$E$181,'TD_TotalNatureTransac'!$B$2:$B$181,B8,'TD_TotalNatureTransac'!$C$2:$C$181,"Z",'TD_TotalNatureTransac'!$D$2:$D$181,"CORRECTION") | H8: =SUMIFS('TD_TotalNatureTransac'!$F$2:$F$181,'TD_TotalNatureTransac'!$B$2:$B$181,B8,'TD_TotalNatureTransac'!$C$2:$C$181,"Z",'TD_TotalNatureTransac'!$D$2:$D$181,"CORRECTION") | I8: =SUMIFS('TD_TotalNatureTransac'!$E$2:$E$181,'TD_TotalNatureTransac'!$B$2:$B$181,B8,'TD_TotalNatureTransac'!$C$2:$C$181,"Z",'TD_TotalNatureTransac'!$D$2:$D$181,"ESPECES") | J8: =SUMIFS('TD_TotalNatureTransac'!$F$2:$F$181,'TD_TotalNatureTransac'!$B$2:$B$181,B8,'TD_TotalNatureTransac'!$C$2:$C$181,"Z",'TD_TotalNatureTransac'!$D$2:$D$181,"ESPECES") | K8: =SUMIFS('TD_TotalNatureTransac'!$E$2:$E$181,'TD_TotalNatureTransac'!$B$2:$B$181,B8,'TD_TotalNatureTransac'!$C$2:$C$181,"Z",'TD_TotalNatureTransac'!$D$2:$D$181,"REF./TIROIR") | L8: =SUMIFS('TD_TotalNatureTransac'!$F$2:$F$181,'TD_TotalNatureTransac'!$B$2:$B$181,B8,'TD_TotalNatureTransac'!$C$2:$C$181,"Z",'TD_TotalNatureTransac'!$D$2:$D$181,"REF./TIROIR")
A9: 2023 | B9: 2023-08 | C9: =SUMIFS('TD_TotalNatureTransac'!$E$2:$E$181,'TD_TotalNatureTransac'!$B$2:$B$181,B9,'TD_TotalNatureTransac'!$C$2:$C$181,"Z",'TD_TotalNatureTransac'!$D$2:$D$181,"CARTES") | D9: =SUMIFS('TD_TotalNatureTransac'!$F$2:$F$181,'TD_TotalNatureTransac'!$B$2:$B$181,B9,'TD_TotalNatureTransac'!$C$2:$C$181,"Z",'TD_TotalNatureTransac'!$D$2:$D$181,"CARTES") | E9: =SUMIFS('TD_TotalNatureTransac'!$E$2:$E$181,'TD_TotalNatureTransac'!$B$2:$B$181,B9,'TD_TotalNatureTransac'!$C$2:$C$181,"Z",'TD_TotalNatureTransac'!$D$2:$D$181,"CHEQUES") | F9: =SUMIFS('TD_TotalNatureTransac'!$F$2:$F$181,'TD_TotalNatureTransac'!$B$2:$B$181,B9,'TD_TotalNatureTransac'!$C$2:$C$181,"Z",'TD_TotalNatureTransac'!$D$2:$D$181,"CHEQUES") | G9: =SUMIFS('TD_TotalNatureTransac'!$E$2:$E$181,'TD_TotalNatureTransac'!$B$2:$B$181,B9,'TD_TotalNatureTransac'!$C$2:$C$181,"Z",'TD_TotalNatureTransac'!$D$2:$D$181,"CORRECTION") | H9: =SUMIFS('TD_TotalNatureTransac'!$F$2:$F$181,'TD_TotalNatureTransac'!$B$2:$B$181,B9,'TD_TotalNatureTransac'!$C$2:$C$181,"Z",'TD_TotalNatureTransac'!$D$2:$D$181,"CORRECTION") | I9: =SUMIFS('TD_TotalNatureTransac'!$E$2:$E$181,'TD_TotalNatureTransac'!$B$2:$B$181,B9,'TD_TotalNatureTransac'!$C$2:$C$181,"Z",'TD_TotalNatureTransac'!$D$2:$D$181,"ESPECES") | J9: =SUMIFS('TD_TotalNatureTransac'!$F$2:$F$181,'TD_TotalNatureTransac'!$B$2:$B$181,B9,'TD_TotalNatureTransac'!$C$2:$C$181,"Z",'TD_TotalNatureTransac'!$D$2:$D$181,"ESPECES") | K9: =SUMIFS('TD_TotalNatureTransac'!$E$2:$E$181,'TD_TotalNatureTransac'!$B$2:$B$181,B9,'TD_TotalNatureTransac'!$C$2:$C$181,"Z",'TD_TotalNatureTransac'!$D$2:$D$181,"REF./TIROIR") | L9: =SUMIFS('TD_TotalNatureTransac'!$F$2:$F$181,'TD_TotalNatureTransac'!$B$2:$B$181,B9,'TD_TotalNatureTransac'!$C$2:$C$181,"Z",'TD_TotalNatureTransac'!$D$2:$D$181,"REF./TIROIR")
A10: 2023 | B10: 2023-09 | C10: =SUMIFS('TD_TotalNatureTransac'!$E$2:$E$181,'TD_TotalNatureTransac'!$B$2:$B$181,B10,'TD_TotalNatureTransac'!$C$2:$C$181,"Z",'TD_TotalNatureTransac'!$D$2:$D$181,"CARTES") | D10: =SUMIFS('TD_TotalNatureTransac'!$F$2:$F$181,'TD_TotalNatureTransac'!$B$2:$B$181,B10,'TD_TotalNatureTransac'!$C$2:$C$181,"Z",'TD_TotalNatureTransac'!$D$2:$D$181,"CARTES") | E10: =SUMIFS('TD_TotalNatureTransac'!$E$2:$E$181,'TD_TotalNatureTransac'!$B$2:$B$181,B10,'TD_TotalNatureTransac'!$C$2:$C$181,"Z",'TD_TotalNatureTransac'!$D$2:$D$181,"CHEQUES") | F10: =SUMIFS('TD_TotalNatureTransac'!$F$2:$F$181,'TD_TotalNatureTransac'!$B$2:$B$181,B10,'TD_TotalNatureTransac'!$C$2:$C$181,"Z",'TD_TotalNatureTransac'!$D$2:$D$181,"CHEQUES") | G10: =SUMIFS('TD_TotalNatureTransac'!$E$2:$E$181,'TD_TotalNatureTransac'!$B$2:$B$181,B10,'TD_TotalNatureTransac'!$C$2:$C$181,"Z",'TD_TotalNatureTransac'!$D$2:$D$181,"CORRECTION") | H10: =SUMIFS('TD_TotalNatureTransac'!$F$2:$F$181,'TD_TotalNatureTransac'!$B$2:$B$181,B10,'TD_TotalNatureTransac'!$C$2:$C$181,"Z",'TD_TotalNatureTransac'!$D$2:$D$181,"CORRECTION") | I10: =SUMIFS('TD_TotalNatureTransac'!$E$2:$E$181,'TD_TotalNatureTransac'!$B$2:$B$181,B10,'TD_TotalNatureTransac'!$C$2:$C$181,"Z",'TD_TotalNatureTransac'!$D$2:$D$181,"ESPECES") | J10: =SUMIFS('TD_TotalNatureTransac'!$F$2:$F$181,'TD_TotalNatureTransac'!$B$2:$B$181,B10,'TD_TotalNatureTransac'!$C$2:$C$181,"Z",'TD_TotalNatureTransac'!$D$2:$D$181,"ESPECES") | K10: =SUMIFS('TD_TotalNatureTransac'!$E$2:$E$181,'TD_TotalNatureTransac'!$B$2:$B$181,B10,'TD_TotalNatureTransac'!$C$2:$C$181,"Z",'TD_TotalNatureTransac'!$D$2:$D$181,"REF./TIROIR") | L10: =SUMIFS('TD_TotalNatureTransac'!$F$2:$F$181,'TD_TotalNatureTransac'!$B$2:$B$181,B10,'TD_TotalNatureTransac'!$C$2:$C$181,"Z",'TD_TotalNatureTransac'!$D$2:$D$181,"REF./TIROIR")
A11: 2023 | B11: 2023-10 | C11: =SUMIFS('TD_TotalNatureTransac'!$E$2:$E$181,'TD_TotalNatureTransac'!$B$2:$B$181,B11,'TD_TotalNatureTransac'!$C$2:$C$181,"Z",'TD_TotalNatureTransac'!$D$2:$D$181,"CARTES") | D11: =SUMIFS('TD_TotalNatureTransac'!$F$2:$F$181,'TD_TotalNatureTransac'!$B$2:$B$181,B11,'TD_TotalNatureTransac'!$C$2:$C$181,"Z",'TD_TotalNatureTransac'!$D$2:$D$181,"CARTES") | E11: =SUMIFS('TD_TotalNatureTransac'!$E$2:$E$181,'TD_TotalNatureTransac'!$B$2:$B$181,B11,'TD_TotalNatureTransac'!$C$2:$C$181,"Z",'TD_TotalNatureTransac'!$D$2:$D$181,"CHEQUES") | F11: =SUMIFS('TD_TotalNatureTransac'!$F$2:$F$181,'TD_TotalNatureTransac'!$B$2:$B$181,B11,'TD_TotalNatureTransac'!$C$2:$C$181,"Z",'TD_TotalNatureTransac'!$D$2:$D$181,"CHEQUES") | G11: =SUMIFS('TD_TotalNatureTransac'!$E$2:$E$181,'TD_TotalNatureTransac'!$B$2:$B$181,B11,'TD_TotalNatureTransac'!$C$2:$C$181,"Z",'TD_TotalNatureTransac'!$D$2:$D$181,"CORRECTION") | H11: =SUMIFS('TD_TotalNatureTransac'!$F$2:$F$181,'TD_TotalNatureTransac'!$B$2:$B$181,B11,'TD_TotalNatureTransac'!$C$2:$C$181,"Z",'TD_TotalNatureTransac'!$D$2:$D$181,"CORRECTION") | I11: =SUMIFS('TD_TotalNatureTransac'!$E$2:$E$181,'TD_TotalNatureTransac'!$B$2:$B$181,B11,'TD_TotalNatureTransac'!$C$2:$C$181,"Z",'TD_TotalNatureTransac'!$D$2:$D$181,"ESPECES") | J11: =SUMIFS('TD_TotalNatureTransac'!$F$2:$F$181,'TD_TotalNatureTransac'!$B$2:$B$181,B11,'TD_TotalNatureTransac'!$C$2:$C$181,"Z",'TD_TotalNatureTransac'!$D$2:$D$181,"ESPECES") | K11: =SUMIFS('TD_TotalNatureTransac'!$E$2:$E$181,'TD_TotalNatureTransac'!$B$2:$B$181,B11,'TD_TotalNatureTransac'!$C$2:$C$181,"Z",'TD_TotalNatureTransac'!$D$2:$D$181,"REF./TIROIR") | L11: =SUMIFS('TD_TotalNatureTransac'!$F$2:$F$181,'TD_TotalNatureTransac'!$B$2:$B$181,B11,'TD_TotalNatureTransac'!$C$2:$C$181,"Z",'TD_TotalNatureTransac'!$D$2:$D$181,"REF./TIROIR")
A12: 2023 | B12: 2023-11 | C12: =SUMIFS('TD_TotalNatureTransac'!$E$2:$E$181,'TD_TotalNatureTransac'!$B$2:$B$181,B12,'TD_TotalNatureTransac'!$C$2:$C$181,"Z",'TD_TotalNatureTransac'!$D$2:$D$181,"CARTES") | D12: =SUMIFS('TD_TotalNatureTransac'!$F$2:$F$181,'TD_TotalNatureTransac'!$B$2:$B$181,B12,'TD_TotalNatureTransac'!$C$2:$C$181,"Z",'TD_TotalNatureTransac'!$D$2:$D$181,"CARTES") | E12: =SUMIFS('TD_TotalNatureTransac'!$E$2:$E$181,'TD_TotalNatureTransac'!$B$2:$B$181,B12,'TD_TotalNatureTransac'!$C$2:$C$181,"Z",'TD_TotalNatureTransac'!$D$2:$D$181,"CHEQUES") | F12: =SUMIFS('TD_TotalNatureTransac'!$F$2:$F$181,'TD_TotalNatureTransac'!$B$2:$B$181,B12,'TD_TotalNatureTransac'!$C$2:$C$181,"Z",'TD_TotalNatureTransac'!$D$2:$D$181,"CHEQUES") | G12: =SUMIFS('TD_TotalNatureTransac'!$E$2:$E$181,'TD_TotalNatureTransac'!$B$2:$B$181,B12,'TD_TotalNatureTransac'!$C$2:$C$181,"Z",'TD_TotalNatureTransac'!$D$2:$D$181,"CORRECTION") | H12: =SUMIFS('TD_TotalNatureTransac'!$F$2:$F$181,'TD_TotalNatureTransac'!$B$2:$B$181,B12,'TD_TotalNatureTransac'!$C$2:$C$181,"Z",'TD_TotalNatureTransac'!$D$2:$D$181,"CORRECTION") | I12: =SUMIFS('TD_TotalNatureTransac'!$E$2:$E$181,'TD_TotalNatureTransac'!$B$2:$B$181,B12,'TD_TotalNatureTransac'!$C$2:$C$181,"Z",'TD_TotalNatureTransac'!$D$2:$D$181,"ESPECES") | J12: =SUMIFS('TD_TotalNatureTransac'!$F$2:$F$181,'TD_TotalNatureTransac'!$B$2:$B$181,B12,'TD_TotalNatureTransac'!$C$2:$C$181,"Z",'TD_TotalNatureTransac'!$D$2:$D$181,"ESPECES") | K12: =SUMIFS('TD_TotalNatureTransac'!$E$2:$E$181,'TD_TotalNatureTransac'!$B$2:$B$181,B12,'TD_TotalNatureTransac'!$C$2:$C$181,"Z",'TD_TotalNatureTransac'!$D$2:$D$181,"REF./TIROIR") | L12: =SUMIFS('TD_TotalNatureTransac'!$F$2:$F$181,'TD_TotalNatureTransac'!$B$2:$B$181,B12,'TD_TotalNatureTransac'!$C$2:$C$181,"Z",'TD_TotalNatureTransac'!$D$2:$D$181,"REF./TIROIR")
A13: 2023 | B13: 2023-12 | C13: =SUMIFS('TD_TotalNatureTransac'!$E$2:$E$181,'TD_TotalNatureTransac'!$B$2:$B$181,B13,'TD_TotalNatureTransac'!$C$2:$C$181,"Z",'TD_TotalNatureTransac'!$D$2:$D$181,"CARTES") | D13: =SUMIFS('TD_TotalNatureTransac'!$F$2:$F$181,'TD_TotalNatureTransac'!$B$2:$B$181,B13,'TD_TotalNatureTransac'!$C$2:$C$181,"Z",'TD_TotalNatureTransac'!$D$2:$D$181,"CARTES") | E13: =SUMIFS('TD_TotalNatureTransac'!$E$2:$E$181,'TD_TotalNatureTransac'!$B$2:$B$181,B13,'TD_TotalNatureTransac'!$C$2:$C$181,"Z",'TD_TotalNatureTransac'!$D$2:$D$181,"CHEQUES") | F13: =SUMIFS('TD_TotalNatureTransac'!$F$2:$F$181,'TD_TotalNatureTransac'!$B$2:$B$181,B13,'TD_TotalNatureTransac'!$C$2:$C$181,"Z",'TD_TotalNatureTransac'!$D$2:$D$181,"CHEQUES") | G13: =SUMIFS('TD_TotalNatureTransac'!$E$2:$E$181,'TD_TotalNatureTransac'!$B$2:$B$181,B13,'TD_TotalNatureTransac'!$C$2:$C$181,"Z",'TD_TotalNatureTransac'!$D$2:$D$181,"CORRECTION") | H13: =SUMIFS('TD_TotalNatureTransac'!$F$2:$F$181,'TD_TotalNatureTransac'!$B$2:$B$181,B13,'TD_TotalNatureTransac'!$C$2:$C$181,"Z",'TD_TotalNatureTransac'!$D$2:$D$181,"CORRECTION") | I13: =SUMIFS('TD_TotalNatureTransac'!$E$2:$E$181,'TD_TotalNatureTransac'!$B$2:$B$181,B13,'TD_TotalNatureTransac'!$C$2:$C$181,"Z",'TD_TotalNatureTransac'!$D$2:$D$181,"ESPECES") | J13: =SUMIFS('TD_TotalNatureTransac'!$F$2:$F$181,'TD_TotalNatureTransac'!$B$2:$B$181,B13,'TD_TotalNatureTransac'!$C$2:$C$181,"Z",'TD_TotalNatureTransac'!$D$2:$D$181,"ESPECES") | K13: =SUMIFS('TD_TotalNatureTransac'!$E$2:$E$181,'TD_TotalNatureTransac'!$B$2:$B$181,B13,'TD_TotalNatureTransac'!$C$2:$C$181,"Z",'TD_TotalNatureTransac'!$D$2:$D$181,"REF./TIROIR") | L13: =SUMIFS('TD_TotalNatureTransac'!$F$2:$F$181,'TD_TotalNatureTransac'!$B$2:$B$181,B13,'TD_TotalNatureTransac'!$C$2:$C$181,"Z",'TD_TotalNatureTransac'!$D$2:$D$181,"REF./TIROIR")

Sheet Compare_Z_vs_EJ
A1: AJ_ANNEE_Z | B1: AJ_MOIS_Z | C1: CARTES_Z2 | D1: CARTES_EJ | E1: AJ_ECART_CARTES | F1: CHEQUES_Z2 | G1: CHEQUES_EJ | H1: AJ_ECART_CHEQUES | I1: ESPECES_Z2 | J1: ESPECES_EJ | K1: AJ_ECART_ESPECES
A2: 2023 | B2: 2023-01 | C2: ='Z2_Total_ModeZ'!D2 | D2: 17964.6 | E2: =C2-D2 | F2: ='Z2_Total_ModeZ'!F2 | G2: 0 | H2: =F2-G2 | I2: ='Z2_Total_ModeZ'!J2 | J2: 5248 | K2: =I2-J2
A3: 2023 | B3: 2023-02 | C3: ='Z2_Total_ModeZ'!D3 | D3: 11477 | E3: =C3-D3 | F3: ='Z2_Total_ModeZ'!F3 | G3: 329 | H3: =F3-G3 | I3: ='Z2_Total_ModeZ'!J3 | J3: 8570.8 | K3: =I3-J3
A4: 2023 | B4: 2023-03 | C4: ='Z2_Total_ModeZ'!D4 | D4: 15536 | E4: =C4-D4 | F4: ='Z2_Total_ModeZ'!F4 | G4: 0 | H4: =F4-G4 | I4: ='Z2_Total_ModeZ'!J4 | J4: 9836 | K4: =I4-J4
A5: 2023 | B5: 2023-04 | C5: ='Z2_Total_ModeZ'!D5 | D5: 9995 | E5: =C5-D5 | F5: ='Z2_Total_ModeZ'!F5 | G5: 0 | H5: =F5-G5 | I5: ='Z2_Total_ModeZ'!J5 | J5: 3442 | K5: =I5-J5
A6: 2023 | B6: 2023-05 | C6: ='Z2_Total_ModeZ'!D6 | D6: 12585 | E6: =C6-D6 | F6: ='Z2_Total_ModeZ'!F6 | G6: 0 | H6: =F6-G6 | I6: ='Z2_Total_ModeZ'!J6 | J6: 2961 | K6: =I6-J6
A7: 2023 | B7: 2023-06 | C7: ='Z2_Total_ModeZ'!D7 | D7: 27185.98 | E7: =C7-D7 | F7: ='Z2_Total_ModeZ'!F7 | G7: 0 | H7: =F7-G7 | I7: ='Z2_Total_ModeZ'!J7 | J7: 1730.29 | K7: =I7-J7
A8: 2023 | B8: 2023-07 | C8: ='Z2_Total_ModeZ'!D8 | D8: 29413 | E8: =C8-D8 | F8: ='Z2_Total_ModeZ'!F8 | G8: 0 | H8: =F8-G8 | I8: ='Z2_Total_ModeZ'!J8 | J8: 1705 | K8: =I8-J8
A9: 2023 | B9: 2023-08 | C9: ='Z2_Total_ModeZ'!D9 | D9: 9776 | E9: =C9-D9 | F9: ='Z2_Total_ModeZ'!F9 | G9: 0 | H9: =F9-G9 | I9: ='Z2_Total_ModeZ'!J9 | J9: 3918.6 | K9: =I9-J9
A10: 2023 | B10: 2023-09 | C10: ='Z2_Total_ModeZ'!D10 | D10: 19377.8 | E10: =C10-D10 | F10: ='Z2_Total_ModeZ'!F10 | G10: 0 | H10: =F10-G10 | I10: ='Z2_Total_ModeZ'!J10 | J10: 785.8 | K10: =I10-J10
A11: 2023 | B11: 2023-10 | C11: ='Z2_Total_ModeZ'!D11 | D11: 19379 | E11: =C11-D11 | F11: ='Z2_Total_ModeZ'!F11 | G11: 0 | H11: =F11-G11 | I11: ='Z2_Total_ModeZ'!J11 | J11: 2942 | K11: =I11-J11
A12: 2023 | B12: 2023-11 | C12: ='Z2_Total_ModeZ'!D12 | D12: 0 | E12: =C12-D12 | F12: ='Z2_Total_ModeZ'!F12 | G12: 0 | H12: =F12-G12 | I12: ='Z2_Total_ModeZ'!J12 | J12: 0 | K12: =I12-J12
A13: 2023 | B13: 2023-12 | C13: ='Z2_Total_ModeZ'!D13 | D13: 0 | E13: =C13-D13 | F13: ='Z2_Total_ModeZ'!F13 | G13: 0 | H13: =F13-G13 | I13: ='Z2_Total_ModeZ'!J13 | J13: 0 | K13: =I13-J13
