Workbook

Sheet Z1_2025_MATURIN_0
A1: nomfichier | B1: E_MODELE | C1: E_MACHINE | D1: E_RAPPORT | E1: E_FICHIER | F1: E_MODE | G1: E_COMPTEUR_Z | H1: E_DATE | I1: E_HEURE | J1: D_ENREGISTREMENT | K1: D_DESIGNATION | L1: D_QUANTITE | M1: D_MONTANT
A2: Z001_01_012025_MATURIN.CSV | C2: MC#01 | D2: FONC FIXES | E2: FILE001 | F2: Z | G2: 0041 | H2: 45689 | I2: 15:53 | J2: 0001 | K2: CA BRUT | L2: 31 | M2: 11680.3
A3: Z001_01_012025_MATURIN.CSV | C3: MC#01 | D3: FONC FIXES | E3: FILE001 | F3: Z | G3: 0041 | H3: 45689 | I3: 15:53 | J3: 0002 | K3: CA NET | L3: 19 | M3: 11680.3
A4: Z001_01_012025_MATURIN.CSV | C4: MC#01 | D4: FONC FIXES | E4: FILE001 | F4: Z | G4: 0041 | H4: 45689 | I4: 15:53 | J4: 0003 | K4: ESP.TIROIR | L4: 0 | M4: 2731.5
A5: Z001_01_012025_MATURIN.CSV | C5: MC#01 | D5: FONC FIXES | E5: FILE001 | F5: Z | G5: 0041 | H5: 45689 | I5: 15:53 | J5: 0004 | K5: CB.TIROIR | L5: 0 | M5: 8948.8
A6: Z001_01_012025_MATURIN.CSV | C6: MC#01 | D6: FONC FIXES | E6: FILE001 | F6: Z | G6: 0041 | H6: 45689 | I6: 15:53 | J6: 0005 | K6: CHQ.TIROIR | L6: 0 | M6: 0
A7: Z001_01_012025_MATURIN.CSV | C7: MC#01 | D7: FONC FIXES | E7: FILE001 | F7: Z | G7: 0041 | H7: 45689 | I7: 15:53 | J7: 0006 | K7: CR.TIROIR(1) | L7: 0 | M7: 0
A8: Z001_01_012025_MATURIN.CSV | C8: MC#01 | D8: FONC FIXES | E8: FILE001 | F8: Z | G8: 0041 | H8: 45689 | I8: 15:53 | J8: 0007 | K8: CR.TIROIR(2) | L8: 0 | M8: 0
A9: Z001_01_012025_MATURIN.CSV | C9: MC#01 | D9: FONC FIXES | E9: FILE001 | F9: Z | G9: 0041 | H9: 45689 | I9: 15:53 | J9: 0008 | K9: CR.TIROIR(3) | L9: 0 | M9: 0
A10: Z001_01_012025_MATURIN.CSV | C10: MC#01 | D10: FONC FIXES | E10: FILE001 | F10: Z | G10: 0041 | H10: 45689 | I10: 15:53 | J10: 0009 | K10: CR.TIROIR(4) | L10: 0 | M10: 0
A11: Z001_01_012025_MATURIN.CSV | C11: MC#01 | D11: FONC FIXES | E11: FILE001 | F11: Z | G11: 0041 | H11: 45689 | I11: 15:53 | J11: 0010 | K11: ESP.TIROIR2 | L11: 0 | M11: 0
A12: Z001_01_012025_MATURIN.CSV | C12: MC#01 | D12: FONC FIXES | E12: FILE001 | F12: Z | G12: 0041 | H12: 45689 | I12: 15:53 | J12: 0011 | K12: CB.TIROIR2 | L12: 0 | M12: 0
A13: Z001_01_012025_MATURIN.CSV | C13: MC#01 | D13: FONC FIXES | E13: FILE001 | F13: Z | G13: 0041 | H13: 45689 | I13: 15:53 | J13: 0012 | K13: CHQ.TIROIR2 | L13: 0 | M13: 0
... A27: Z001_01_012025_MATURIN.CSV | C27: MC#01 | D27: FONC FIXES | E27: FILE001 | F27: Z | G27: 0041 | H27: 45689 | I27: 15:53 | J27: 0026 | K27: TOTAL REMISE | L27: 0 | M27: 0
A28: Z001_01_012025_MATURIN.CSV | C28: MC#01 | D28: FONC FIXES | E28: FILE001 | F28: Z | G28: 0041 | H28: 45689 | I28: 15:53 | J28: 0027 | L28: 0 | M28: 0
A29: Z001_01_012025_MATURIN.CSV | C29: MC#01 | D29: FONC FIXES | E29: FILE001 | F29: Z | G29: 0041 | H29: 45689 | I29: 15:53 | J29: 0028 | K29: RETOUR+ANNUL | L29: 0 | M29: 0
A30: Z001_01_012025_MATURIN.CSV | C30: MC#01 | D30: FONC FIXES | E30: FILE001 | F30: Z | G30: 0041 | H30: 45689 | I30: 15:53 | J30: 0029 | K30: TL ARRONDI | L30: 0 | M30: 0
A31: Z001_01_012025_MATURIN.CSV | C31: MC#01 | D31: FONC FIXES | E31: FILE001 | F31: Z | G31: 0041 | H31: 45689 | I31: 15:53 | J31: 0030 | K31: TL ARRONDI | L31: 0 | M31: 0
A32: Z001_01_012025_MATURIN.CSV | C32: MC#01 | D32: FONC FIXES | E32: FILE001 | F32: Z | G32: 0041 | H32: 45689 | I32: 15:53 | J32: 0031 | K32: NUL TICKET | L32: 0 | M32: 0
A33: Z001_01_012025_MATURIN.CSV | C33: MC#01 | D33: FONC FIXES | E33: FILE001 | F33: Z | G33: 0041 | H33: 45689 | I33: 15:53 | J33: 0032 | L33: 0 | M33: 0
A34: Z001_01_012025_MATURIN.CSV | C34: MC#01 | D34: FONC FIXES | E34: FILE001 | F34: Z | G34: 0041 | H34: 45689 | I34: 15:53 | J34: 0033 | K34: HORS TAXE 1 | L34: 0 | M34: 9733.59
A35: Z001_01_012025_MATURIN.CSV | C35: MC#01 | D35: FONC FIXES | E35: FILE001 | F35: Z | G35: 0041 | H35: 45689 | I35: 15:53 | J35: 0034 | K35: TVA 1 | L35: 0 | M35: 1946.71
A36: Z001_01_012025_MATURIN.CSV | C36: MC#01 | D36: FONC FIXES | E36: FILE001 | F36: Z | G36: 0041 | H36: 45689 | I36: 15:53 | J36: 0035 | K36: HORS TAXE 2 | L36: 0 | M36: 0
A37: Z001_01_012025_MATURIN.CSV | C37: MC#01 | D37: FONC FIXES | E37: FILE001 | F37: Z | G37: 0041 | H37: 45689 | I37: 15:53 | J37: 0036 | K37: TVA 2 | L37: 0 | M37: 0
A38: Z001_01_012025_MATURIN.CSV | C38: MC#01 | D38: FONC FIXES | E38: FILE001 | F38: Z | G38: 0041 | H38: 45689 | I38: 15:53 | J38: 0037 | K38: HORS TAXE 3 | L38: 0 | M38: 0
A39: Z001_01_012025_MATURIN.CSV | C39: MC#01 | D39: FONC FIXES | E39: FILE001 | F39: Z | G39: 0041 | H39: 45689 | I39: 15:53 | J39: 0038 | K39: TVA 3 | L39: 0 | M39: 0
A40: Z001_01_012025_MATURIN.CSV | C40: MC#01 | D40: FONC FIXES | E40: FILE001 | F40: Z | G40: 0041 | H40: 45689 | I40: 15:53 | J40: 0039 | K40: HORS TAXE 4 | L40: 0 | M40: 0
A41: Z001_01_012025_MATURIN.CSV | C41: MC#01 | D41: FONC FIXES | E41: FILE001 | F41: Z | G41: 0041 | H41: 45689 | I41: 15:53 | J41: 0040 | K41: TVA 4 | L41: 0 | M41: 0
A42: Z001_01_012025_MATURIN.CSV | C42: MC#01 | D42: FONC FIXES | E42: FILE001 | F42: Z | G42: 0041 | H42: 45689 | I42: 15:53 | J42: 0041 | K42: NON TAXABLE | L42: 0 | M42: 0
A43: Z001_01_022025_MATURIN.CSV | C43: MC#01 | D43: FONC FIXES | E43: FILE001 | F43: Z | G43: 0042 | H43: 45717 | I43: 13:36 | J43: 0001 | K43: CA BRUT | L43: 16 | M43: 4578.8
A44: Z001_01_022025_MATURIN.CSV | C44: MC#01 | D44: FONC FIXES | E44: FILE001 | F44: Z | G44: 0042 | H44: 45717 | I44: 13:36 | J44: 0002 | K44: CA NET | L44: 13 | M44: 4578.8
A45: Z001_01_022025_MATURIN.CSV | C45: MC#01 | D45: FONC FIXES | E45: FILE001 | F45: Z | G45: 0042 | H45: 45717 | I45: 13:36 | J45: 0003 | K45: ESP.TIROIR | L45: 0 | M45: 2530
... A68: Z001_01_022025_MATURIN.CSV | C68: MC#01 | D68: FONC FIXES | E68: FILE001 | F68: Z | G68: 0042 | H68: 45717 | I68: 13:36 | J68: 0026 | K68: TOTAL REMISE | L68: 0 | M68: 0
A69: Z001_01_022025_MATURIN.CSV | C69: MC#01 | D69: FONC FIXES | E69: FILE001 | F69: Z | G69: 0042 | H69: 45717 | I69: 13:36 | J69: 0027 | L69: 0 | M69: 0
A70: Z001_01_022025_MATURIN.CSV | C70: MC#01 | D70: FONC FIXES | E70: FILE001 | F70: Z | G70: 0042 | H70: 45717 | I70: 13:36 | J70: 0028 | K70: RETOUR+ANNUL | L70: 0 | M70: 0
A71: Z001_01_022025_MATURIN.CSV | C71: MC#01 | D71: FONC FIXES | E71: FILE001 | F71: Z | G71: 0042 | H71: 45717 | I71: 13:36 | J71: 0029 | K71: TL ARRONDI | L71: 0 | M71: 0
A72: Z001_01_022025_MATURIN.CSV | C72: MC#01 | D72: FONC FIXES | E72: FILE001 | F72: Z | G72: 0042 | H72: 45717 | I72: 13:36 | J72: 0030 | K72: TL ARRONDI | L72: 0 | M72: 0
A73: Z001_01_022025_MATURIN.CSV | C73: MC#01 | D73: FONC FIXES | E73: FILE001 | F73: Z | G73: 0042 | H73: 45717 | I73: 13:36 | J73: 0031 | K73: NUL TICKET | L73: 0 | M73: 0
A74: Z001_01_022025_MATURIN.CSV | C74: MC#01 | D74: FONC FIXES | E74: FILE001 | F74: Z | G74: 0042 | H74: 45717 | I74: 13:36 | J74: 0032 | L74: 0 | M74: 0
A75: Z001_01_022025_MATURIN.CSV | C75: MC#01 | D75: FONC FIXES | E75: FILE001 | F75: Z | G75: 0042 | H75: 45717 | I75: 13:36 | J75: 0033 | K75: HORS TAXE 1 | L75: 0 | M75: 3815.68
A76: Z001_01_022025_MATURIN.CSV | C76: MC#01 | D76: FONC FIXES | E76: FILE001 | F76: Z | G76: 0042 | H76: 45717 | I76: 13:36 | J76: 0034 | K76: TVA 1 | L76: 0 | M76: 763.12
A77: Z001_01_022025_MATURIN.CSV | C77: MC#01 | D77: FONC FIXES | E77: FILE001 | F77: Z | G77: 0042 | H77: 45717 | I77: 13:36 | J77: 0035 | K77: HORS TAXE 2 | L77: 0 | M77: 0
A78: Z001_01_022025_MATURIN.CSV | C78: MC#01 | D78: FONC FIXES | E78: FILE001 | F78: Z | G78: 0042 | H78: 45717 | I78: 13:36 | J78: 0036 | K78: TVA 2 | L78: 0 | M78: 0
A79: Z001_01_022025_MATURIN.CSV | C79: MC#01 | D79: FONC FIXES | E79: FILE001 | F79: Z | G79: 0042 | H79: 45717 | I79: 13:36 | J79: 0037 | K79: HORS TAXE 3 | L79: 0 | M79: 0
A80: Z001_01_022025_MATURIN.CSV | C80: MC#01 | D80: FONC FIXES | E80: FILE001 | F80: Z | G80: 0042 | H80: 45717 | I80: 13:36 | J80: 0038 | K80: TVA 3 | L80: 0 | M80: 0
A81: Z001_01_022025_MATURIN.CSV | C81: MC#01 | D81: FONC FIXES | E81: FILE001 | F81: Z | G81: 0042 | H81: 45717 | I81: 13:36 | J81: 0039 | K81: HORS TAXE 4 | L81: 0 | M81: 0
A82: Z001_01_022025_MATURIN.CSV | C82: MC#01 | D82: FONC FIXES | E82: FILE001 | F82: Z | G82: 0042 | H82: 45717 | I82: 13:36 | J82: 0040 | K82: TVA 4 | L82: 0 | M82: 0
A83: Z001_01_022025_MATURIN.CSV | C83: MC#01 | D83: FONC FIXES | E83: FILE001 | F83: Z | G83: 0042 | H83: 45717 | I83: 13:36 | J83: 0041 | K83: NON TAXABLE | L83: 0 | M83: 0
A84: Z001_01_032025_MATURIN.CSV | C84: MC#01 | D84: FONC FIXES | E84: FILE001 | F84: Z | G84: 0043 | H84: 45748 | I84: 09:43 | J84: 0001 | K84: CA BRUT | L84: 17 | M84: 3853.7
A85: Z001_01_032025_MATURIN.CSV | C85: MC#01 | D85: FONC FIXES | E85: FILE001 | F85: Z | G85: 0043 | H85: 45748 | I85: 09:43 | J85: 0002 | K85: CA NET | L85: 12 | M85: 3853.7
A86: Z001_01_032025_MATURIN.CSV | C86: MC#01 | D86: FONC FIXES | E86: FILE001 | F86: Z | G86: 0043 | H86: 45748 | I86: 09:43 | J86: 0003 | K86: ESP.TIROIR | L86: 0 | M86: 505
... A109: Z001_01_032025_MATURIN.CSV | C109: MC#01 | D109: FONC FIXES | E109: FILE001 | F109: Z | G109: 0043 | H109: 45748 | I109: 09:43 | J109: 0026 | K109: TOTAL REMISE | L109: 0 | M109: 0
A110: Z001_01_032025_MATURIN.CSV | C110: MC#01 | D110: FONC FIXES | E110: FILE001 | F110: Z | G110: 0043 | H110: 45748 | I110: 09:43 | J110: 0027 | L110: 0 | M110: 0
A111: Z001_01_032025_MATURIN.CSV | C111: MC#01 | D111: FONC FIXES | E111: FILE001 | F111: Z | G111: 0043 | H111: 45748 | I111: 09:43 | J111: 0028 | K111: RETOUR+ANNUL | L111: 0 | M111: 0
A112: Z001_01_032025_MATURIN.CSV | C112: MC#01 | D112: FONC FIXES | E112: FILE001 | F112: Z | G112: 0043 | H112: 45748 | I112: 09:43 | J112: 0029 | K112: TL ARRONDI | L112: 0 | M112: 0
A113: Z001_01_032025_MATURIN.CSV | C113: MC#01 | D113: FONC FIXES | E113: FILE001 | F113: Z | G113: 0043 | H113: 45748 | I113: 09:43 | J113: 0030 | K113: TL ARRONDI | L113: 0 | M113: 0
A114: Z001_01_032025_MATURIN.CSV | C114: MC#01 | D114: FONC FIXES | E114: FILE001 | F114: Z | G114: 0043 | H114: 45748 | I114: 09:43 | J114: 0031 | K114: NUL TICKET | L114: 0 | M114: 0
A115: Z001_01_032025_MATURIN.CSV | C115: MC#01 | D115: FONC FIXES | E115: FILE001 | F115: Z | G115: 0043 | H115: 45748 | I115: 09:43 | J115: 0032 | L115: 0 | M115: 0
A116: Z001_01_032025_MATURIN.CSV | C116: MC#01 | D116: FONC FIXES | E116: FILE001 | F116: Z | G116: 0043 | H116: 45748 | I116: 09:43 | J116: 0033 | K116: HORS TAXE 1 | L116: 0 | M116: 3211.42
A117: Z001_01_032025_MATURIN.CSV | C117: MC#01 | D117: FONC FIXES | E117: FILE001 | F117: Z | G117: 0043 | H117: 45748 | I117: 09:43 | J117: 0034 | K117: TVA 1 | L117: 0 | M117: 642.28
A118: Z001_01_032025_MATURIN.CSV | C118: MC#01 | D118: FONC FIXES | E118: FILE001 | F118: Z | G118: 0043 | H118: 45748 | I118: 09:43 | J118: 0035 | K118: HORS TAXE 2 | L118: 0 | M118: 0
A119: Z001_01_032025_MATURIN.CSV | C119: MC#01 | D119: FONC FIXES | E119: FILE001 | F119: Z | G119: 0043 | H119: 45748 | I119: 09:43 | J119: 0036 | K119: TVA 2 | L119: 0 | M119: 0
A120: Z001_01_032025_MATURIN.CSV | C120: MC#01 | D120: FONC FIXES | E120: FILE001 | F120: Z | G120: 0043 | H120: 45748 | I120: 09:43 | J120: 0037 | K120: HORS TAXE 3 | L120: 0 | M120: 0
A121: Z001_01_032025_MATURIN.CSV | C121: MC#01 | D121: FONC FIXES | E121: FILE001 | F121: Z | G121: 0043 | H121: 45748 | I121: 09:43 | J121: 0038 | K121: TVA 3 | L121: 0 | M121: 0
A122: Z001_01_032025_MATURIN.CSV | C122: MC#01 | D122: FONC FIXES | E122: FILE001 | F122: Z | G122: 0043 | H122: 45748 | I122: 09:43 | J122: 0039 | K122: HORS TAXE 4 | L122: 0 | M122: 0
A123: Z001_01_032025_MATURIN.CSV | C123: MC#01 | D123: FONC FIXES | E123: FILE001 | F123: Z | G123: 0043 | H123: 45748 | I123: 09:43 | J123: 0040 | K123: TVA 4 | L123: 0 | M123: 0
A124: Z001_01_032025_MATURIN.CSV | C124: MC#01 | D124: FONC FIXES | E124: FILE001 | F124: Z | G124: 0043 | H124: 45748 | I124: 09:43 | J124: 0041 | K124: NON TAXABLE | L124: 0 | M124: 0
A125: Z001_01_062025_072025_MATURIN.CSV | C125: MC#01 | D125: FONC FIXES | E125: FILE001 | F125: Z | G125: 0044 | H125: 45870 | I125: 09:38 | J125: 0001 | K125: CA BRUT | L125: 84 | M125: 27074.6
A126: Z001_01_062025_072025_MATURIN.CSV | C126: MC#01 | D126: FONC FIXES | E126: FILE001 | F126: Z | G126: 0044 | H126: 45870 | I126: 09:38 | J126: 0002 | K126: CA NET | L126: 55 | M126: 27074.6
A127: Z001_01_062025_072025_MATURIN.CSV | C127: MC#01 | D127: FONC FIXES | E127: FILE001 | F127: Z | G127: 0044 | H127: 45870 | I127: 09:38 | J127: 0003 | K127: ESP.TIROIR | L127: 0 | M127: 17043
... A150: Z001_01_062025_072025_MATURIN.CSV | C150: MC#01 | D150: FONC FIXES | E150: FILE001 | F150: Z | G150: 0044 | H150: 45870 | I150: 09:38 | J150: 0026 | K150: TOTAL REMISE | L150: 0 | M150: 0
A151: Z001_01_062025_072025_MATURIN.CSV | C151: MC#01 | D151: FONC FIXES | E151: FILE001 | F151: Z | G151: 0044 | H151: 45870 | I151: 09:38 | J151: 0027 | L151: 0 | M151: 0
A152: Z001_01_062025_072025_MATURIN.CSV | C152: MC#01 | D152: FONC FIXES | E152: FILE001 | F152: Z | G152: 0044 | H152: 45870 | I152: 09:38 | J152: 0028 | K152: RETOUR+ANNUL | L152: 0 | M152: 0
A153: Z001_01_062025_072025_MATURIN.CSV | C153: MC#01 | D153: FONC FIXES | E153: FILE001 | F153: Z | G153: 0044 | H153: 45870 | I153: 09:38 | J153: 0029 | K153: TL ARRONDI | L153: 0 | M153: 0
A154: Z001_01_062025_072025_MATURIN.CSV | C154: MC#01 | D154: FONC FIXES | E154: FILE001 | F154: Z | G154: 0044 | H154: 45870 | I154: 09:38 | J154: 0030 | K154: TL ARRONDI | L154: 0 | M154: 0
A155: Z001_01_062025_072025_MATURIN.CSV | C155: MC#01 | D155: FONC FIXES | E155: FILE001 | F155: Z | G155: 0044 | H155: 45870 | I155: 09:38 | J155: 0031 | K155: NUL TICKET | L155: 0 | M155: 0
A156: Z001_01_062025_072025_MATURIN.CSV | C156: MC#01 | D156: FONC FIXES | E156: FILE001 | F156: Z | G156: 0044 | H156: 45870 | I156: 09:38 | J156: 0032 | L156: 0 | M156: 0
A157: Z001_01_062025_072025_MATURIN.CSV | C157: MC#01 | D157: FONC FIXES | E157: FILE001 | F157: Z | G157: 0044 | H157: 45870 | I157: 09:38 | J157: 0033 | K157: HORS TAXE 1 | L157: 0 | M157: 22562.17
A158: Z001_01_062025_072025_MATURIN.CSV | C158: MC#01 | D158: FONC FIXES | E158: FILE001 | F158: Z | G158: 0044 | H158: 45870 | I158: 09:38 | J158: 0034 | K158: TVA 1 | L158: 0 | M158: 4512.43
A159: Z001_01_062025_072025_MATURIN.CSV | C159: MC#01 | D159: FONC FIXES | E159: FILE001 | F159: Z | G159: 0044 | H159: 45870 | I159: 09:38 | J159: 0035 | K159: HORS TAXE 2 | L159: 0 | M159: 0
A160: Z001_01_062025_072025_MATURIN.CSV | C160: MC#01 | D160: FONC FIXES | E160: FILE001 | F160: Z | G160: 0044 | H160: 45870 | I160: 09:38 | J160: 0036 | K160: TVA 2 | L160: 0 | M160: 0
A161: Z001_01_062025_072025_MATURIN.CSV | C161: MC#01 | D161: FONC FIXES | E161: FILE001 | F161: Z | G161: 0044 | H161: 45870 | I161: 09:38 | J161: 0037 | K161: HORS TAXE 3 | L161: 0 | M161: 0
A162: Z001_01_062025_072025_MATURIN.CSV | C162: MC#01 | D162: FONC FIXES | E162: FILE001 | F162: Z | G162: 0044 | H162: 45870 | I162: 09:38 | J162: 0038 | K162: TVA 3 | L162: 0 | M162: 0
A163: Z001_01_062025_072025_MATURIN.CSV | C163: MC#01 | D163: FONC FIXES | E163: FILE001 | F163: Z | G163: 0044 | H163: 45870 | I163: 09:38 | J163: 0039 | K163: HORS TAXE 4 | L163: 0 | M163: 0
A164: Z001_01_062025_072025_MATURIN.CSV | C164: MC#01 | D164: FONC FIXES | E164: FILE001 | F164: Z | G164: 0044 | H164: 45870 | I164: 09:38 | J164: 0040 | K164: TVA 4 | L164: 0 | M164: 0
A165: Z001_01_062025_072025_MATURIN.CSV | C165: MC#01 | D165: FONC FIXES | E165: FILE001 | F165: Z | G165: 0044 | H165: 45870 | I165: 09:38 | J165: 0041 | K165: NON TAXABLE | L165: 0 | M165: 0
A166: Z001_01_082025_MATURIN.CSV | C166: MC#01 | D166: FONC FIXES | E166: FILE001 | F166: Z | G166: 0045 | H166: 45901 | I166: 09:02 | J166: 0001 | K166: CA BRUT | L166: 8 | M166: 2176
A167: Z001_01_082025_MATURIN.CSV | C167: MC#01 | D167: FONC FIXES | E167: FILE001 | F167: Z | G167: 0045 | H167: 45901 | I167: 09:02 | J167: 0002 | K167: CA NET | L167: 6 | M167: 2176
A168: Z001_01_082025_MATURIN.CSV | C168: MC#01 | D168: FONC FIXES | E168: FILE001 | F168: Z | G168: 0045 | H168: 45901 | I168: 09:02 | J168: 0003 | K168: ESP.TIROIR | L168: 0 | M168: 1432
... A191: Z001_01_082025_MATURIN.CSV | C191: MC#01 | D191: FONC FIXES | E191: FILE001 | F191: Z | G191: 0045 | H191: 45901 | I191: 09:02 | J191: 0026 | K191: TOTAL REMISE | L191: 0 | M191: 0
A192: Z001_01_082025_MATURIN.CSV | C192: MC#01 | D192: FONC FIXES | E192: FILE001 | F192: Z | G192: 0045 | H192: 45901 | I192: 09:02 | J192: 0027 | L192: 0 | M192: 0
A193: Z001_01_082025_MATURIN.CSV | C193: MC#01 | D193: FONC FIXES | E193: FILE001 | F193: Z | G193: 0045 | H193: 45901 | I193: 09:02 | J193: 0028 | K193: RETOUR+ANNUL | L193: 0 | M193: 0
A194: Z001_01_082025_MATURIN.CSV | C194: MC#01 | D194: FONC FIXES | E194: FILE001 | F194: Z | G194: 0045 | H194: 45901 | I194: 09:02 | J194: 0029 | K194: TL ARRONDI | L194: 0 | M194: 0
A195: Z001_01_082025_MATURIN.CSV | C195: MC#01 | D195: FONC FIXES | E195: FILE001 | F195: Z | G195: 0045 | H195: 45901 | I195: 09:02 | J195: 0030 | K195: TL ARRONDI | L195: 0 | M195: 0
A196: Z001_01_082025_MATURIN.CSV | C196: MC#01 | D196: FONC FIXES | E196: FILE001 | F196: Z | G196: 0045 | H196: 45901 | I196: 09:02 | J196: 0031 | K196: NUL TICKET | L196: 0 | M196: 0
A197: Z001_01_082025_MATURIN.CSV | C197: MC#01 | D197: FONC FIXES | E197: FILE001 | F197: Z | G197: 0045 | H197: 45901 | I197: 09:02 | J197: 0032 | L197: 0 | M197: 0
A198: Z001_01_082025_MATURIN.CSV | C198: MC#01 | D198: FONC FIXES | E198: FILE001 | F198: Z | G198: 0045 | H198: 45901 | I198: 09:02 | J198: 0033 | K198: HORS TAXE 1 | L198: 0 | M198: 1813.33
A199: Z001_01_082025_MATURIN.CSV | C199: MC#01 | D199: FONC FIXES | E199: FILE001 | F199: Z | G199: 0045 | H199: 45901 | I199: 09:02 | J199: 0034 | K199: TVA 1 | L199: 0 | M199: 362.67
A200: Z001_01_082025_MATURIN.CSV | C200: MC#01 | D200: FONC FIXES | E200: FILE001 | F200: Z | G200: 0045 | H200: 45901 | I200: 09:02 | J200: 0035 | K200: HORS TAXE 2 | L200: 0 | M200: 0
A201: Z001_01_082025_MATURIN.CSV | C201: MC#01 | D201: FONC FIXES | E201: FILE001 | F201: Z | G201: 0045 | H201: 45901 | I201: 09:02 | J201: 0036 | K201: TVA 2 | L201: 0 | M201: 0
...

Sheet Z1_CplteAnneeMois
A1: nomfichier | B1: E_MODELE | C1: E_MACHINE | D1: E_RAPPORT | E1: E_FICHIER | F1: E_MODE | G1: E_COMPTEUR_Z | H1: E_DATE | I1: E_HEURE | J1: D_ENREGISTREMENT | K1: D_DESIGNATION | L1: D_QUANTITE | M1: D_MONTANT | N1: AJ_ANNEE_Z | O1: AJ_MOIS_Z
A2: Z001_01_012025_MATURIN.CSV | C2: MC#01 | D2: FONC FIXES | E2: FILE001 | F2: Z | G2: 0041 | H2: 45689 | I2: 15:53 | J2: 0001 | K2: CA BRUT | L2: 31 | M2: 11680.3 | N2: 2025 | O2: 2025-01
A3: Z001_01_012025_MATURIN.CSV | C3: MC#01 | D3: FONC FIXES | E3: FILE001 | F3: Z | G3: 0041 | H3: 45689 | I3: 15:53 | J3: 0002 | K3: CA NET | L3: 19 | M3: 11680.3 | N3: 2025 | O3: 2025-01
A4: Z001_01_012025_MATURIN.CSV | C4: MC#01 | D4: FONC FIXES | E4: FILE001 | F4: Z | G4: 0041 | H4: 45689 | I4: 15:53 | J4: 0003 | K4: ESP.TIROIR | L4: 0 | M4: 2731.5 | N4: 2025 | O4: 2025-01
A5: Z001_01_012025_MATURIN.CSV | C5: MC#01 | D5: FONC FIXES | E5: FILE001 | F5: Z | G5: 0041 | H5: 45689 | I5: 15:53 | J5: 0004 | K5: CB.TIROIR | L5: 0 | M5: 8948.8 | N5: 2025 | O5: 2025-01
A6: Z001_01_012025_MATURIN.CSV | C6: MC#01 | D6: FONC FIXES | E6: FILE001 | F6: Z | G6: 0041 | H6: 45689 | I6: 15:53 | J6: 0005 | K6: CHQ.TIROIR | L6: 0 | M6: 0 | N6: 2025 | O6: 2025-01
A7: Z001_01_012025_MATURIN.CSV | C7: MC#01 | D7: FONC FIXES | E7: FILE001 | F7: Z | G7: 0041 | H7: 45689 | I7: 15:53 | J7: 0006 | K7: CR.TIROIR(1) | L7: 0 | M7: 0 | N7: 2025 | O7: 2025-01
A8: Z001_01_012025_MATURIN.CSV | C8: MC#01 | D8: FONC FIXES | E8: FILE001 | F8: Z | G8: 0041 | H8: 45689 | I8: 15:53 | J8: 0007 | K8: CR.TIROIR(2) | L8: 0 | M8: 0 | N8: 2025 | O8: 2025-01
A9: Z001_01_012025_MATURIN.CSV | C9: MC#01 | D9: FONC FIXES | E9: FILE001 | F9: Z | G9: 0041 | H9: 45689 | I9: 15:53 | J9: 0008 | K9: CR.TIROIR(3) | L9: 0 | M9: 0 | N9: 2025 | O9: 2025-01
A10: Z001_01_012025_MATURIN.CSV | C10: MC#01 | D10: FONC FIXES | E10: FILE001 | F10: Z | G10: 0041 | H10: 45689 | I10: 15:53 | J10: 0009 | K10: CR.TIROIR(4) | L10: 0 | M10: 0 | N10: 2025 | O10: 2025-01
A11: Z001_01_012025_MATURIN.CSV | C11: MC#01 | D11: FONC FIXES | E11: FILE001 | F11: Z | G11: 0041 | H11: 45689 | I11: 15:53 | J11: 0010 | K11: ESP.TIROIR2 | L11: 0 | M11: 0 | N11: 2025 | O11: 2025-01
A12: Z001_01_012025_MATURIN.CSV | C12: MC#01 | D12: FONC FIXES | E12: FILE001 | F12: Z | G12: 0041 | H12: 45689 | I12: 15:53 | J12: 0011 | K12: CB.TIROIR2 | L12: 0 | M12: 0 | N12: 2025 | O12: 2025-01
A13: Z001_01_012025_MATURIN.CSV | C13: MC#01 | D13: FONC FIXES | E13: FILE001 | F13: Z | G13: 0041 | H13: 45689 | I13: 15:53 | J13: 0012 | K13: CHQ.TIROIR2 | L13: 0 | M13: 0 | N13: 2025 | O13: 2025-01
... A27: Z001_01_012025_MATURIN.CSV | C27: MC#01 | D27: FONC FIXES | E27: FILE001 | F27: Z | G27: 0041 | H27: 45689 | I27: 15:53 | J27: 0026 | K27: TOTAL REMISE | L27: 0 | M27: 0 | N27: 2025 | O27: 2025-01
A28: Z001_01_012025_MATURIN.CSV | C28: MC#01 | D28: FONC FIXES | E28: FILE001 | F28: Z | G28: 0041 | H28: 45689 | I28: 15:53 | J28: 0027 | L28: 0 | M28: 0 | N28: 2025 | O28: 2025-01
A29: Z001_01_012025_MATURIN.CSV | C29: MC#01 | D29: FONC FIXES | E29: FILE001 | F29: Z | G29: 0041 | H29: 45689 | I29: 15:53 | J29: 0028 | K29: RETOUR+ANNUL | L29: 0 | M29: 0 | N29: 2025 | O29: 2025-01
A30: Z001_01_012025_MATURIN.CSV | C30: MC#01 | D30: FONC FIXES | E30: FILE001 | F30: Z | G30: 0041 | H30: 45689 | I30: 15:53 | J30: 0029 | K30: TL ARRONDI | L30: 0 | M30: 0 | N30: 2025 | O30: 2025-01
A31: Z001_01_012025_MATURIN.CSV | C31: MC#01 | D31: FONC FIXES | E31: FILE001 | F31: Z | G31: 0041 | H31: 45689 | I31: 15:53 | J31: 0030 | K31: TL ARRONDI | L31: 0 | M31: 0 | N31: 2025 | O31: 2025-01
A32: Z001_01_012025_MATURIN.CSV | C32: MC#01 | D32: FONC FIXES | E32: FILE001 | F32: Z | G32: 0041 | H32: 45689 | I32: 15:53 | J32: 0031 | K32: NUL TICKET | L32: 0 | M32: 0 | N32: 2025 | O32: 2025-01
A33: Z001_01_012025_MATURIN.CSV | C33: MC#01 | D33: FONC FIXES | E33: FILE001 | F33: Z | G33: 0041 | H33: 45689 | I33: 15:53 | J33: 0032 | L33: 0 | M33: 0 | N33: 2025 | O33: 2025-01
A34: Z001_01_012025_MATURIN.CSV | C34: MC#01 | D34: FONC FIXES | E34: FILE001 | F34: Z | G34: 0041 | H34: 45689 | I34: 15:53 | J34: 0033 | K34: HORS TAXE 1 | L34: 0 | M34: 9733.59 | N34: 2025 | O34: 2025-01
A35: Z001_01_012025_MATURIN.CSV | C35: MC#01 | D35: FONC FIXES | E35: FILE001 | F35: Z | G35: 0041 | H35: 45689 | I35: 15:53 | J35: 0034 | K35: TVA 1 | L35: 0 | M35: 1946.71 | N35: 2025 | O35: 2025-01
A36: Z001_01_012025_MATURIN.CSV | C36: MC#01 | D36: FONC FIXES | E36: FILE001 | F36: Z | G36: 0041 | H36: 45689 | I36: 15:53 | J36: 0035 | K36: HORS TAXE 2 | L36: 0 | M36: 0 | N36: 2025 | O36: 2025-01
A37: Z001_01_012025_MATURIN.CSV | C37: MC#01 | D37: FONC FIXES | E37: FILE001 | F37: Z | G37: 0041 | H37: 45689 | I37: 15:53 | J37: 0036 | K37: TVA 2 | L37: 0 | M37: 0 | N37: 2025 | O37: 2025-01
A38: Z001_01_012025_MATURIN.CSV | C38: MC#01 | D38: FONC FIXES | E38: FILE001 | F38: Z | G38: 0041 | H38: 45689 | I38: 15:53 | J38: 0037 | K38: HORS TAXE 3 | L38: 0 | M38: 0 | N38: 2025 | O38: 2025-01
A39: Z001_01_012025_MATURIN.CSV | C39: MC#01 | D39: FONC FIXES | E39: FILE001 | F39: Z | G39: 0041 | H39: 45689 | I39: 15:53 | J39: 0038 | K39: TVA 3 | L39: 0 | M39: 0 | N39: 2025 | O39: 2025-01
A40: Z001_01_012025_MATURIN.CSV | C40: MC#01 | D40: FONC FIXES | E40: FILE001 | F40: Z | G40: 0041 | H40: 45689 | I40: 15:53 | J40: 0039 | K40: HORS TAXE 4 | L40: 0 | M40: 0 | N40: 2025 | O40: 2025-01
A41: Z001_01_012025_MATURIN.CSV | C41: MC#01 | D41: FONC FIXES | E41: FILE001 | F41: Z | G41: 0041 | H41: 45689 | I41: 15:53 | J41: 0040 | K41: TVA 4 | L41: 0 | M41: 0 | N41: 2025 | O41: 2025-01
A42: Z001_01_012025_MATURIN.CSV | C42: MC#01 | D42: FONC FIXES | E42: FILE001 | F42: Z | G42: 0041 | H42: 45689 | I42: 15:53 | J42: 0041 | K42: NON TAXABLE | L42: 0 | M42: 0 | N42: 2025 | O42: 2025-01
A43: Z001_01_022025_MATURIN.CSV | C43: MC#01 | D43: FONC FIXES | E43: FILE001 | F43: Z | G43: 0042 | H43: 45717 | I43: 13:36 | J43: 0001 | K43: CA BRUT | L43: 16 | M43: 4578.8 | N43: 2025 | O43: 2025-02
A44: Z001_01_022025_MATURIN.CSV | C44: MC#01 | D44: FONC FIXES | E44: FILE001 | F44: Z | G44: 0042 | H44: 45717 | I44: 13:36 | J44: 0002 | K44: CA NET | L44: 13 | M44: 4578.8 | N44: 2025 | O44: 2025-02
A45: Z001_01_022025_MATURIN.CSV | C45: MC#01 | D45: FONC FIXES | E45: FILE001 | F45: Z | G45: 0042 | H45: 45717 | I45: 13:36 | J45: 0003 | K45: ESP.TIROIR | L45: 0 | M45: 2530 | N45: 2025 | O45: 2025-02
... A68: Z001_01_022025_MATURIN.CSV | C68: MC#01 | D68: FONC FIXES | E68: FILE001 | F68: Z | G68: 0042 | H68: 45717 | I68: 13:36 | J68: 0026 | K68: TOTAL REMISE | L68: 0 | M68: 0 | N68: 2025 | O68: 2025-02
A69: Z001_01_022025_MATURIN.CSV | C69: MC#01 | D69: FONC FIXES | E69: FILE001 | F69: Z | G69: 0042 | H69: 45717 | I69: 13:36 | J69: 0027 | L69: 0 | M69: 0 | N69: 2025 | O69: 2025-02
A70: Z001_01_022025_MATURIN.CSV | C70: MC#01 | D70: FONC FIXES | E70: FILE001 | F70: Z | G70: 0042 | H70: 45717 | I70: 13:36 | J70: 0028 | K70: RETOUR+ANNUL | L70: 0 | M70: 0 | N70: 2025 | O70: 2025-02
A71: Z001_01_022025_MATURIN.CSV | C71: MC#01 | D71: FONC FIXES | E71: FILE001 | F71: Z | G71: 0042 | H71: 45717 | I71: 13:36 | J71: 0029 | K71: TL ARRONDI | L71: 0 | M71: 0 | N71: 2025 | O71: 2025-02
A72: Z001_01_022025_MATURIN.CSV | C72: MC#01 | D72: FONC FIXES | E72: FILE001 | F72: Z | G72: 0042 | H72: 45717 | I72: 13:36 | J72: 0030 | K72: TL ARRONDI | L72: 0 | M72: 0 | N72: 2025 | O72: 2025-02
A73: Z001_01_022025_MATURIN.CSV | C73: MC#01 | D73: FONC FIXES | E73: FILE001 | F73: Z | G73: 0042 | H73: 45717 | I73: 13:36 | J73: 0031 | K73: NUL TICKET | L73: 0 | M73: 0 | N73: 2025 | O73: 2025-02
A74: Z001_01_022025_MATURIN.CSV | C74: MC#01 | D74: FONC FIXES | E74: FILE001 | F74: Z | G74: 0042 | H74: 45717 | I74: 13:36 | J74: 0032 | L74: 0 | M74: 0 | N74: 2025 | O74: 2025-02
A75: Z001_01_022025_MATURIN.CSV | C75: MC#01 | D75: FONC FIXES | E75: FILE001 | F75: Z | G75: 0042 | H75: 45717 | I75: 13:36 | J75: 0033 | K75: HORS TAXE 1 | L75: 0 | M75: 3815.68 | N75: 2025 | O75: 2025-02
A76: Z001_01_022025_MATURIN.CSV | C76: MC#01 | D76: FONC FIXES | E76: FILE001 | F76: Z | G76: 0042 | H76: 45717 | I76: 13:36 | J76: 0034 | K76: TVA 1 | L76: 0 | M76: 763.12 | N76: 2025 | O76: 2025-02
A77: Z001_01_022025_MATURIN.CSV | C77: MC#01 | D77: FONC FIXES | E77: FILE001 | F77: Z | G77: 0042 | H77: 45717 | I77: 13:36 | J77: 0035 | K77: HORS TAXE 2 | L77: 0 | M77: 0 | N77: 2025 | O77: 2025-02
A78: Z001_01_022025_MATURIN.CSV | C78: MC#01 | D78: FONC FIXES | E78: FILE001 | F78: Z | G78: 0042 | H78: 45717 | I78: 13:36 | J78: 0036 | K78: TVA 2 | L78: 0 | M78: 0 | N78: 2025 | O78: 2025-02
A79: Z001_01_022025_MATURIN.CSV | C79: MC#01 | D79: FONC FIXES | E79: FILE001 | F79: Z | G79: 0042 | H79: 45717 | I79: 13:36 | J79: 0037 | K79: HORS TAXE 3 | L79: 0 | M79: 0 | N79: 2025 | O79: 2025-02
A80: Z001_01_022025_MATURIN.CSV | C80: MC#01 | D80: FONC FIXES | E80: FILE001 | F80: Z | G80: 0042 | H80: 45717 | I80: 13:36 | J80: 0038 | K80: TVA 3 | L80: 0 | M80: 0 | N80: 2025 | O80: 2025-02
A81: Z001_01_022025_MATURIN.CSV | C81: MC#01 | D81: FONC FIXES | E81: FILE001 | F81: Z | G81: 0042 | H81: 45717 | I81: 13:36 | J81: 0039 | K81: HORS TAXE 4 | L81: 0 | M81: 0 | N81: 2025 | O81: 2025-02
A82: Z001_01_022025_MATURIN.CSV | C82: MC#01 | D82: FONC FIXES | E82: FILE001 | F82: Z | G82: 0042 | H82: 45717 | I82: 13:36 | J82: 0040 | K82: TVA 4 | L82: 0 | M82: 0 | N82: 2025 | O82: 2025-02
A83: Z001_01_022025_MATURIN.CSV | C83: MC#01 | D83: FONC FIXES | E83: FILE001 | F83: Z | G83: 0042 | H83: 45717 | I83: 13:36 | J83: 0041 | K83: NON TAXABLE | L83: 0 | M83: 0 | N83: 2025 | O83: 2025-02
A84: Z001_01_032025_MATURIN.CSV | C84: MC#01 | D84: FONC FIXES | E84: FILE001 | F84: Z | G84: 0043 | H84: 45748 | I84: 09:43 | J84: 0001 | K84: CA BRUT | L84: 17 | M84: 3853.7 | N84: 2025 | O84: 2025-03
A85: Z001_01_032025_MATURIN.CSV | C85: MC#01 | D85: FONC FIXES | E85: FILE001 | F85: Z | G85: 0043 | H85: 45748 | I85: 09:43 | J85: 0002 | K85: CA NET | L85: 12 | M85: 3853.7 | N85: 2025 | O85: 2025-03
A86: Z001_01_032025_MATURIN.CSV | C86: MC#01 | D86: FONC FIXES | E86: FILE001 | F86: Z | G86: 0043 | H86: 45748 | I86: 09:43 | J86: 0003 | K86: ESP.TIROIR | L86: 0 | M86: 505 | N86: 2025 | O86: 2025-03
... A109: Z001_01_032025_MATURIN.CSV | C109: MC#01 | D109: FONC FIXES | E109: FILE001 | F109: Z | G109: 0043 | H109: 45748 | I109: 09:43 | J109: 0026 | K109: TOTAL REMISE | L109: 0 | M109: 0 | N109: 2025 | O109: 2025-03
A110: Z001_01_032025_MATURIN.CSV | C110: MC#01 | D110: FONC FIXES | E110: FILE001 | F110: Z | G110: 0043 | H110: 45748 | I110: 09:43 | J110: 0027 | L110: 0 | M110: 0 | N110: 2025 | O110: 2025-03
A111: Z001_01_032025_MATURIN.CSV | C111: MC#01 | D111: FONC FIXES | E111: FILE001 | F111: Z | G111: 0043 | H111: 45748 | I111: 09:43 | J111: 0028 | K111: RETOUR+ANNUL | L111: 0 | M111: 0 | N111: 2025 | O111: 2025-03
A112: Z001_01_032025_MATURIN.CSV | C112: MC#01 | D112: FONC FIXES | E112: FILE001 | F112: Z | G112: 0043 | H112: 45748 | I112: 09:43 | J112: 0029 | K112: TL ARRONDI | L112: 0 | M112: 0 | N112: 2025 | O112: 2025-03
A113: Z001_01_032025_MATURIN.CSV | C113: MC#01 | D113: FONC FIXES | E113: FILE001 | F113: Z | G113: 0043 | H113: 45748 | I113: 09:43 | J113: 0030 | K113: TL ARRONDI | L113: 0 | M113: 0 | N113: 2025 | O113: 2025-03
A114: Z001_01_032025_MATURIN.CSV | C114: MC#01 | D114: FONC FIXES | E114: FILE001 | F114: Z | G114: 0043 | H114: 45748 | I114: 09:43 | J114: 0031 | K114: NUL TICKET | L114: 0 | M114: 0 | N114: 2025 | O114: 2025-03
A115: Z001_01_032025_MATURIN.CSV | C115: MC#01 | D115: FONC FIXES | E115: FILE001 | F115: Z | G115: 0043 | H115: 45748 | I115: 09:43 | J115: 0032 | L115: 0 | M115: 0 | N115: 2025 | O115: 2025-03
A116: Z001_01_032025_MATURIN.CSV | C116: MC#01 | D116: FONC FIXES | E116: FILE001 | F116: Z | G116: 0043 | H116: 45748 | I116: 09:43 | J116: 0033 | K116: HORS TAXE 1 | L116: 0 | M116: 3211.42 | N116: 2025 | O116: 2025-03
A117: Z001_01_032025_MATURIN.CSV | C117: MC#01 | D117: FONC FIXES | E117: FILE001 | F117: Z | G117: 0043 | H117: 45748 | I117: 09:43 | J117: 0034 | K117: TVA 1 | L117: 0 | M117: 642.28 | N117: 2025 | O117: 2025-03
A118: Z001_01_032025_MATURIN.CSV | C118: MC#01 | D118: FONC FIXES | E118: FILE001 | F118: Z | G118: 0043 | H118: 45748 | I118: 09:43 | J118: 0035 | K118: HORS TAXE 2 | L118: 0 | M118: 0 | N118: 2025 | O118: 2025-03
A119: Z001_01_032025_MATURIN.CSV | C119: MC#01 | D119: FONC FIXES | E119: FILE001 | F119: Z | G119: 0043 | H119: 45748 | I119: 09:43 | J119: 0036 | K119: TVA 2 | L119: 0 | M119: 0 | N119: 2025 | O119: 2025-03
A120: Z001_01_032025_MATURIN.CSV | C120: MC#01 | D120: FONC FIXES | E120: FILE001 | F120: Z | G120: 0043 | H120: 45748 | I120: 09:43 | J120: 0037 | K120: HORS TAXE 3 | L120: 0 | M120: 0 | N120: 2025 | O120: 2025-03
A121: Z001_01_032025_MATURIN.CSV | C121: MC#01 | D121: FONC FIXES | E121: FILE001 | F121: Z | G121: 0043 | H121: 45748 | I121: 09:43 | J121: 0038 | K121: TVA 3 | L121: 0 | M121: 0 | N121: 2025 | O121: 2025-03
A122: Z001_01_032025_MATURIN.CSV | C122: MC#01 | D122: FONC FIXES | E122: FILE001 | F122: Z | G122: 0043 | H122: 45748 | I122: 09:43 | J122: 0039 | K122: HORS TAXE 4 | L122: 0 | M122: 0 | N122: 2025 | O122: 2025-03
A123: Z001_01_032025_MATURIN.CSV | C123: MC#01 | D123: FONC FIXES | E123: FILE001 | F123: Z | G123: 0043 | H123: 45748 | I123: 09:43 | J123: 0040 | K123: TVA 4 | L123: 0 | M123: 0 | N123: 2025 | O123: 2025-03
A124: Z001_01_032025_MATURIN.CSV | C124: MC#01 | D124: FONC FIXES | E124: FILE001 | F124: Z | G124: 0043 | H124: 45748 | I124: 09:43 | J124: 0041 | K124: NON TAXABLE | L124: 0 | M124: 0 | N124: 2025 | O124: 2025-03
A125: Z001_01_062025_072025_MATURIN.CSV | C125: MC#01 | D125: FONC FIXES | E125: FILE001 | F125: Z | G125: 0044 | H125: 45870 | I125: 09:38 | J125: 0001 | K125: CA BRUT | L125: 84 | M125: 27074.6 | N125: 2025 | O125: 2025-06|2025-07
A126: Z001_01_062025_072025_MATURIN.CSV | C126: MC#01 | D126: FONC FIXES | E126: FILE001 | F126: Z | G126: 0044 | H126: 45870 | I126: 09:38 | J126: 0002 | K126: CA NET | L126: 55 | M126: 27074.6 | N126: 2025 | O126: 2025-06|2025-07
A127: Z001_01_062025_072025_MATURIN.CSV | C127: MC#01 | D127: FONC FIXES | E127: FILE001 | F127: Z | G127: 0044 | H127: 45870 | I127: 09:38 | J127: 0003 | K127: ESP.TIROIR | L127: 0 | M127: 17043 | N127: 2025 | O127: 2025-06|2025-07
... A150: Z001_01_062025_072025_MATURIN.CSV | C150: MC#01 | D150: FONC FIXES | E150: FILE001 | F150: Z | G150: 0044 | H150: 45870 | I150: 09:38 | J150: 0026 | K150: TOTAL REMISE | L150: 0 | M150: 0 | N150: 2025 | O150: 2025-06|2025-07
A151: Z001_01_062025_072025_MATURIN.CSV | C151: MC#01 | D151: FONC FIXES | E151: FILE001 | F151: Z | G151: 0044 | H151: 45870 | I151: 09:38 | J151: 0027 | L151: 0 | M151: 0 | N151: 2025 | O151: 2025-06|2025-07
A152: Z001_01_062025_072025_MATURIN.CSV | C152: MC#01 | D152: FONC FIXES | E152: FILE001 | F152: Z | G152: 0044 | H152: 45870 | I152: 09:38 | J152: 0028 | K152: RETOUR+ANNUL | L152: 0 | M152: 0 | N152: 2025 | O152: 2025-06|2025-07
A153: Z001_01_062025_072025_MATURIN.CSV | C153: MC#01 | D153: FONC FIXES | E153: FILE001 | F153: Z | G153: 0044 | H153: 45870 | I153: 09:38 | J153: 0029 | K153: TL ARRONDI | L153: 0 | M153: 0 | N153: 2025 | O153: 2025-06|2025-07
A154: Z001_01_062025_072025_MATURIN.CSV | C154: MC#01 | D154: FONC FIXES | E154: FILE001 | F154: Z | G154: 0044 | H154: 45870 | I154: 09:38 | J154: 0030 | K154: TL ARRONDI | L154: 0 | M154: 0 | N154: 2025 | O154: 2025-06|2025-07
A155: Z001_01_062025_072025_MATURIN.CSV | C155: MC#01 | D155: FONC FIXES | E155: FILE001 | F155: Z | G155: 0044 | H155: 45870 | I155: 09:38 | J155: 0031 | K155: NUL TICKET | L155: 0 | M155: 0 | N155: 2025 | O155: 2025-06|2025-07
A156: Z001_01_062025_072025_MATURIN.CSV | C156: MC#01 | D156: FONC FIXES | E156: FILE001 | F156: Z | G156: 0044 | H156: 45870 | I156: 09:38 | J156: 0032 | L156: 0 | M156: 0 | N156: 2025 | O156: 2025-06|2025-07
A157: Z001_01_062025_072025_MATURIN.CSV | C157: MC#01 | D157: FONC FIXES | E157: FILE001 | F157: Z | G157: 0044 | H157: 45870 | I157: 09:38 | J157: 0033 | K157: HORS TAXE 1 | L157: 0 | M157: 22562.17 | N157: 2025 | O157: 2025-06|2025-07
A158: Z001_01_062025_072025_MATURIN.CSV | C158: MC#01 | D158: FONC FIXES | E158: FILE001 | F158: Z | G158: 0044 | H158: 45870 | I158: 09:38 | J158: 0034 | K158: TVA 1 | L158: 0 | M158: 4512.43 | N158: 2025 | O158: 2025-06|2025-07
A159: Z001_01_062025_072025_MATURIN.CSV | C159: MC#01 | D159: FONC FIXES | E159: FILE001 | F159: Z | G159: 0044 | H159: 45870 | I159: 09:38 | J159: 0035 | K159: HORS TAXE 2 | L159: 0 | M159: 0 | N159: 2025 | O159: 2025-06|2025-07
A160: Z001_01_062025_072025_MATURIN.CSV | C160: MC#01 | D160: FONC FIXES | E160: FILE001 | F160: Z | G160: 0044 | H160: 45870 | I160: 09:38 | J160: 0036 | K160: TVA 2 | L160: 0 | M160: 0 | N160: 2025 | O160: 2025-06|2025-07
A161: Z001_01_062025_072025_MATURIN.CSV | C161: MC#01 | D161: FONC FIXES | E161: FILE001 | F161: Z | G161: 0044 | H161: 45870 | I161: 09:38 | J161: 0037 | K161: HORS TAXE 3 | L161: 0 | M161: 0 | N161: 2025 | O161: 2025-06|2025-07
A162: Z001_01_062025_072025_MATURIN.CSV | C162: MC#01 | D162: FONC FIXES | E162: FILE001 | F162: Z | G162: 0044 | H162: 45870 | I162: 09:38 | J162: 0038 | K162: TVA 3 | L162: 0 | M162: 0 | N162: 2025 | O162: 2025-06|2025-07
A163: Z001_01_062025_072025_MATURIN.CSV | C163: MC#01 | D163: FONC FIXES | E163: FILE001 | F163: Z | G163: 0044 | H163: 45870 | I163: 09:38 | J163: 0039 | K163: HORS TAXE 4 | L163: 0 | M163: 0 | N163: 2025 | O163: 2025-06|2025-07
A164: Z001_01_062025_072025_MATURIN.CSV | C164: MC#01 | D164: FONC FIXES | E164: FILE001 | F164: Z | G164: 0044 | H164: 45870 | I164: 09:38 | J164: 0040 | K164: TVA 4 | L164: 0 | M164: 0 | N164: 2025 | O164: 2025-06|2025-07
A165: Z001_01_062025_072025_MATURIN.CSV | C165: MC#01 | D165: FONC FIXES | E165: FILE001 | F165: Z | G165: 0044 | H165: 45870 | I165: 09:38 | J165: 0041 | K165: NON TAXABLE | L165: 0 | M165: 0 | N165: 2025 | O165: 2025-06|2025-07
A166: Z001_01_082025_MATURIN.CSV | C166: MC#01 | D166: FONC FIXES | E166: FILE001 | F166: Z | G166: 0045 | H166: 45901 | I166: 09:02 | J166: 0001 | K166: CA BRUT | L166: 8 | M166: 2176 | N166: 2025 | O166: 2025-08
A167: Z001_01_082025_MATURIN.CSV | C167: MC#01 | D167: FONC FIXES | E167: FILE001 | F167: Z | G167: 0045 | H167: 45901 | I167: 09:02 | J167: 0002 | K167: CA NET | L167: 6 | M167: 2176 | N167: 2025 | O167: 2025-08
A168: Z001_01_082025_MATURIN.CSV | C168: MC#01 | D168: FONC FIXES | E168: FILE001 | F168: Z | G168: 0045 | H168: 45901 | I168: 09:02 | J168: 0003 | K168: ESP.TIROIR | L168: 0 | M168: 1432 | N168: 2025 | O168: 2025-08
... A191: Z001_01_082025_MATURIN.CSV | C191: MC#01 | D191: FONC FIXES | E191: FILE001 | F191: Z | G191: 0045 | H191: 45901 | I191: 09:02 | J191: 0026 | K191: TOTAL REMISE | L191: 0 | M191: 0 | N191: 2025 | O191: 2025-08
A192: Z001_01_082025_MATURIN.CSV | C192: MC#01 | D192: FONC FIXES | E192: FILE001 | F192: Z | G192: 0045 | H192: 45901 | I192: 09:02 | J192: 0027 | L192: 0 | M192: 0 | N192: 2025 | O192: 2025-08
A193: Z001_01_082025_MATURIN.CSV | C193: MC#01 | D193: FONC FIXES | E193: FILE001 | F193: Z | G193: 0045 | H193: 45901 | I193: 09:02 | J193: 0028 | K193: RETOUR+ANNUL | L193: 0 | M193: 0 | N193: 2025 | O193: 2025-08
A194: Z001_01_082025_MATURIN.CSV | C194: MC#01 | D194: FONC FIXES | E194: FILE001 | F194: Z | G194: 0045 | H194: 45901 | I194: 09:02 | J194: 0029 | K194: TL ARRONDI | L194: 0 | M194: 0 | N194: 2025 | O194: 2025-08
A195: Z001_01_082025_MATURIN.CSV | C195: MC#01 | D195: FONC FIXES | E195: FILE001 | F195: Z | G195: 0045 | H195: 45901 | I195: 09:02 | J195: 0030 | K195: TL ARRONDI | L195: 0 | M195: 0 | N195: 2025 | O195: 2025-08
A196: Z001_01_082025_MATURIN.CSV | C196: MC#01 | D196: FONC FIXES | E196: FILE001 | F196: Z | G196: 0045 | H196: 45901 | I196: 09:02 | J196: 0031 | K196: NUL TICKET | L196: 0 | M196: 0 | N196: 2025 | O196: 2025-08
A197: Z001_01_082025_MATURIN.CSV | C197: MC#01 | D197: FONC FIXES | E197: FILE001 | F197: Z | G197: 0045 | H197: 45901 | I197: 09:02 | J197: 0032 | L197: 0 | M197: 0 | N197: 2025 | O197: 2025-08
A198: Z001_01_082025_MATURIN.CSV | C198: MC#01 | D198: FONC FIXES | E198: FILE001 | F198: Z | G198: 0045 | H198: 45901 | I198: 09:02 | J198: 0033 | K198: HORS TAXE 1 | L198: 0 | M198: 1813.33 | N198: 2025 | O198: 2025-08
A199: Z001_01_082025_MATURIN.CSV | C199: MC#01 | D199: FONC FIXES | E199: FILE001 | F199: Z | G199: 0045 | H199: 45901 | I199: 09:02 | J199: 0034 | K199: TVA 1 | L199: 0 | M199: 362.67 | N199: 2025 | O199: 2025-08
A200: Z001_01_082025_MATURIN.CSV | C200: MC#01 | D200: FONC FIXES | E200: FILE001 | F200: Z | G200: 0045 | H200: 45901 | I200: 09:02 | J200: 0035 | K200: HORS TAXE 2 | L200: 0 | M200: 0 | N200: 2025 | O200: 2025-08
A201: Z001_01_082025_MATURIN.CSV | C201: MC#01 | D201: FONC FIXES | E201: FILE001 | F201: Z | G201: 0045 | H201: 45901 | I201: 09:02 | J201: 0036 | K201: TVA 2 | L201: 0 | M201: 0 | N201: 2025 | O201: 2025-08
...

Sheet TD_OccurenceFichMode
A1: AJ_ANNEE_Z | B1: AJ_MOIS_Z | C1: E_DATE | D1: E_FICHIER | E1: E_MODE | F1: OCCURRENCES
A2: 2025 | B2: 2025-01 | C2: 45689 | D2: FILE001 | E2: Z | F2: =COUNTIFS('Z1_CplteAnneeMois'!$O$2:$O$288,B2,'Z1_CplteAnneeMois'!$H$2:$H$288,C2,'Z1_CplteAnneeMois'!$E$2:$E$288,D2,'Z1_CplteAnneeMois'!$F$2:$F$288,E2)
A3: 2025 | B3: 2025-02 | C3: 45717 | D3: FILE001 | E3: Z | F3: =COUNTIFS('Z1_CplteAnneeMois'!$O$2:$O$288,B3,'Z1_CplteAnneeMois'!$H$2:$H$288,C3,'Z1_CplteAnneeMois'!$E$2:$E$288,D3,'Z1_CplteAnneeMois'!$F$2:$F$288,E3)
A4: 2025 | B4: 2025-03 | C4: 45748 | D4: FILE001 | E4: Z | F4: =COUNTIFS('Z1_CplteAnneeMois'!$O$2:$O$288,B4,'Z1_CplteAnneeMois'!$H$2:$H$288,C4,'Z1_CplteAnneeMois'!$E$2:$E$288,D4,'Z1_CplteAnneeMois'!$F$2:$F$288,E4)
A5: 2025 | B5: 2025-05 | C5: 45810 | D5: FILE101 | E5: ZZ1 | F5: =COUNTIFS('Z1_CplteAnneeMois'!$O$2:$O$288,B5,'Z1_CplteAnneeMois'!$H$2:$H$288,C5,'Z1_CplteAnneeMois'!$E$2:$E$288,D5,'Z1_CplteAnneeMois'!$F$2:$F$288,E5)
A6: 2025 | B6: 2025-05 | C6: 45810 | D6: FILE201 | E6: ZZ2 | F6: =COUNTIFS('Z1_CplteAnneeMois'!$O$2:$O$288,B6,'Z1_CplteAnneeMois'!$H$2:$H$288,C6,'Z1_CplteAnneeMois'!$E$2:$E$288,D6,'Z1_CplteAnneeMois'!$F$2:$F$288,E6)
A7: 2025 | B7: 2025-06|2025-07 | C7: 45870 | D7: FILE001 | E7: Z | F7: =COUNTIFS('Z1_CplteAnneeMois'!$O$2:$O$288,B7,'Z1_CplteAnneeMois'!$H$2:$H$288,C7,'Z1_CplteAnneeMois'!$E$2:$E$288,D7,'Z1_CplteAnneeMois'!$F$2:$F$288,E7)
A8: 2025 | B8: 2025-08 | C8: 45901 | D8: FILE001 | E8: Z | F8: =COUNTIFS('Z1_CplteAnneeMois'!$O$2:$O$288,B8,'Z1_CplteAnneeMois'!$H$2:$H$288,C8,'Z1_CplteAnneeMois'!$E$2:$E$288,D8,'Z1_CplteAnneeMois'!$F$2:$F$288,E8)

Sheet TD_Z1_TotalMontant
A1: AJ_ANNEE_Z | B1: AJ_MOIS_Z | C1: E_MODE | D1: D_DESIGNATION | E1: D_MONTANT
A2: 2025 | B2: 2025-01 | C2: Z | D2: CA BRUT | E2: =SUMIFS('Z1_CplteAnneeMois'!$M$2:$M$288,'Z1_CplteAnneeMois'!$O$2:$O$288,B2,'Z1_CplteAnneeMois'!$F$2:$F$288,C2,'Z1_CplteAnneeMois'!$K$2:$K$288,D2)
A3: 2025 | B3: 2025-01 | C3: Z | D3: CA NET | E3: =SUMIFS('Z1_CplteAnneeMois'!$M$2:$M$288,'Z1_CplteAnneeMois'!$O$2:$O$288,B3,'Z1_CplteAnneeMois'!$F$2:$F$288,C3,'Z1_CplteAnneeMois'!$K$2:$K$288,D3)
A4: 2025 | B4: 2025-01 | C4: Z | D4: CB.TIROIR | E4: =SUMIFS('Z1_CplteAnneeMois'!$M$2:$M$288,'Z1_CplteAnneeMois'!$O$2:$O$288,B4,'Z1_CplteAnneeMois'!$F$2:$F$288,C4,'Z1_CplteAnneeMois'!$K$2:$K$288,D4)
A5: 2025 | B5: 2025-01 | C5: Z | D5: CHQ.TIROIR | E5: =SUMIFS('Z1_CplteAnneeMois'!$M$2:$M$288,'Z1_CplteAnneeMois'!$O$2:$O$288,B5,'Z1_CplteAnneeMois'!$F$2:$F$288,C5,'Z1_CplteAnneeMois'!$K$2:$K$288,D5)
A6: 2025 | B6: 2025-01 | C6: Z | D6: ESP.TIROIR | E6: =SUMIFS('Z1_CplteAnneeMois'!$M$2:$M$288,'Z1_CplteAnneeMois'!$O$2:$O$288,B6,'Z1_CplteAnneeMois'!$F$2:$F$288,C6,'Z1_CplteAnneeMois'!$K$2:$K$288,D6)
A7: 2025 | B7: 2025-01 | C7: Z | D7: HORS TAXE 1 | E7: =SUMIFS('Z1_CplteAnneeMois'!$M$2:$M$288,'Z1_CplteAnneeMois'!$O$2:$O$288,B7,'Z1_CplteAnneeMois'!$F$2:$F$288,C7,'Z1_CplteAnneeMois'!$K$2:$K$288,D7)
A8: 2025 | B8: 2025-01 | C8: Z | D8: TVA 1 | E8: =SUMIFS('Z1_CplteAnneeMois'!$M$2:$M$288,'Z1_CplteAnneeMois'!$O$2:$O$288,B8,'Z1_CplteAnneeMois'!$F$2:$F$288,C8,'Z1_CplteAnneeMois'!$K$2:$K$288,D8)
A9: 2025 | B9: 2025-01 | C9: ZZ1 | D9: CA BRUT | E9: =SUMIFS('Z1_CplteAnneeMois'!$M$2:$M$288,'Z1_CplteAnneeMois'!$O$2:$O$288,B9,'Z1_CplteAnneeMois'!$F$2:$F$288,C9,'Z1_CplteAnneeMois'!$K$2:$K$288,D9)
A10: 2025 | B10: 2025-01 | C10: ZZ1 | D10: CA NET | E10: =SUMIFS('Z1_CplteAnneeMois'!$M$2:$M$288,'Z1_CplteAnneeMois'!$O$2:$O$288,B10,'Z1_CplteAnneeMois'!$F$2:$F$288,C10,'Z1_CplteAnneeMois'!$K$2:$K$288,D10)
A11: 2025 | B11: 2025-01 | C11: ZZ1 | D11: CB.TIROIR | E11: =SUMIFS('Z1_CplteAnneeMois'!$M$2:$M$288,'Z1_CplteAnneeMois'!$O$2:$O$288,B11,'Z1_CplteAnneeMois'!$F$2:$F$288,C11,'Z1_CplteAnneeMois'!$K$2:$K$288,D11)
A12: 2025 | B12: 2025-01 | C12: ZZ1 | D12: CHQ.TIROIR | E12: =SUMIFS('Z1_CplteAnneeMois'!$M$2:$M$288,'Z1_CplteAnneeMois'!$O$2:$O$288,B12,'Z1_CplteAnneeMois'!$F$2:$F$288,C12,'Z1_CplteAnneeMois'!$K$2:$K$288,D12)
A13: 2025 | B13: 2025-01 | C13: ZZ1 | D13: ESP.TIROIR | E13: =SUMIFS('Z1_CplteAnneeMois'!$M$2:$M$288,'Z1_CplteAnneeMois'!$O$2:$O$288,B13,'Z1_CplteAnneeMois'!$F$2:$F$288,C13,'Z1_CplteAnneeMois'!$K$2:$K$288,D13)
... A148: 2025 | B148: 2025-08 | C148: ZZ2 | D148: TVA 1 | E148: =SUMIFS('Z1_CplteAnneeMois'!$M$2:$M$288,'Z1_CplteAnneeMois'!$O$2:$O$288,B148,'Z1_CplteAnneeMois'!$F$2:$F$288,C148,'Z1_CplteAnneeMois'!$K$2:$K$288,D148)

Sheet Z1_Total_ModeZZ1
A1: AJ_ANNEE_Z | B1: AJ_MOIS_Z | C1: CA_BRUT_D_MONTANT | D1: CA_NET_D_MONTANT | E1: CB_TIROIR_D_MONTANT | F1: CHQ_TIROIR_D_MONTANT | G1: ESP_TIROIR_D_MONTANT | H1: HORS_TAXE_1_D_MONTANT | I1: TVA_1_D_MONTANT
A2: 2025 | B2: 2025-01 | C2: =SUMIFS('TD_Z1_TotalMontant'!$E$2:$E$148,'TD_Z1_TotalMontant'!$B$2:$B$148,B2,'TD_Z1_TotalMontant'!$C$2:$C$148,"ZZ1",'TD_Z1_TotalMontant'!$D$2:$D$148,"CA BRUT") | D2: =SUMIFS('TD_Z1_TotalMontant'!$E$2:$E$148,'TD_Z1_TotalMontant'!$B$2:$B$148,B2,'TD_Z1_TotalMontant'!$C$2:$C$148,"ZZ1",'TD_Z1_TotalMontant'!$D$2:$D$148,"CA NET") | E2: =SUMIFS('TD_Z1_TotalMontant'!$E$2:$E$148,'TD_Z1_TotalMontant'!$B$2:$B$148,B2,'TD_Z1_TotalMontant'!$C$2:$C$148,"ZZ1",'TD_Z1_TotalMontant'!$D$2:$D$148,"CB.TIROIR") | F2: =SUMIFS('TD_Z1_TotalMontant'!$E$2:$E$148,'TD_Z1_TotalMontant'!$B$2:$B$148,B2,'TD_Z1_TotalMontant'!$C$2:$C$148,"ZZ1",'TD_Z1_TotalMontant'!$D$2:$D$148,"CHQ.TIROIR") | G2: =SUMIFS('TD_Z1_TotalMontant'!$E$2:$E$148,'TD_Z1_TotalMontant'!$B$2:$B$148,B2,'TD_Z1_TotalMontant'!$C$2:$C$148,"ZZ1",'TD_Z1_TotalMontant'!$D$2:$D$148,"ESP.TIROIR") | H2: =SUMIFS('TD_Z1_TotalMontant'!$E$2:$E$148,'TD_Z1_TotalMontant'!$B$2:$B$148,B2,'TD_Z1_TotalMontant'!$C$2:$C$148,"ZZ1",'TD_Z1_TotalMontant'!$D$2:$D$148,"HORS TAXE 1") | I2: =SUMIFS('TD_Z1_TotalMontant'!$E$2:$E$148,'TD_Z1_TotalMontant'!$B$2:$B$148,B2,'TD_Z1_TotalMontant'!$C$2:$C$148,"ZZ1",'TD_Z1_TotalMontant'!$D$2:$D$148,"TVA 1")
A3: 2025 | B3: 2025-02 | C3: =SUMIFS('TD_Z1_TotalMontant'!$E$2:$E$148,'TD_Z1_TotalMontant'!$B$2:$B$148,B3,'TD_Z1_TotalMontant'!$C$2:$C$148,"ZZ1",'TD_Z1_TotalMontant'!$D$2:$D$148,"CA BRUT") | D3: =SUMIFS('TD_Z1_TotalMontant'!$E$2:$E$148,'TD_Z1_TotalMontant'!$B$2:$B$148,B3,'TD_Z1_TotalMontant'!$C$2:$C$148,"ZZ1",'TD_Z1_TotalMontant'!$D$2:$D$148,"CA NET") | E3: =SUMIFS('TD_Z1_TotalMontant'!$E$2:$E$148,'TD_Z1_TotalMontant'!$B$2:$B$148,B3,'TD_Z1_TotalMontant'!$C$2:$C$148,"ZZ1",'TD_Z1_TotalMontant'!$D$2:$D$148,"CB.TIROIR") | F3: =SUMIFS('TD_Z1_TotalMontant'!$E$2:$E$148,'TD_Z1_TotalMontant'!$B$2:$B$148,B3,'TD_Z1_TotalMontant'!$C$2:$C$148,"ZZ1",'TD_Z1_TotalMontant'!$D$2:$D$148,"CHQ.TIROIR") | G3: =SUMIFS('TD_Z1_TotalMontant'!$E$2:$E$148,'TD_Z1_TotalMontant'!$B$2:$B$148,B3,'TD_Z1_TotalMontant'!$C$2:$C$148,"ZZ1",'TD_Z1_TotalMontant'!$D$2:$D$148,"ESP.TIROIR") | H3: =SUMIFS('TD_Z1_TotalMontant'!$E$2:$E$148,'TD_Z1_TotalMontant'!$B$2:$B$148,B3,'TD_Z1_TotalMontant'!$C$2:$C$148,"ZZ1",'TD_Z1_TotalMontant'!$D$2:$D$148,"HORS TAXE 1") | I3: =SUMIFS('TD_Z1_TotalMontant'!$E$2:$E$148,'TD_Z1_TotalMontant'!$B$2:$B$148,B3,'TD_Z1_TotalMontant'!$C$2:$C$148,"ZZ1",'TD_Z1_TotalMontant'!$D$2:$D$148,"TVA 1")
A4: 2025 | B4: 2025-03 | C4: =SUMIFS('TD_Z1_TotalMontant'!$E$2:$E$148,'TD_Z1_TotalMontant'!$B$2:$B$148,B4,'TD_Z1_TotalMontant'!$C$2:$C$148,"ZZ1",'TD_Z1_TotalMontant'!$D$2:$D$148,"CA BRUT") | D4: =SUMIFS('TD_Z1_TotalMontant'!$E$2:$E$148,'TD_Z1_TotalMontant'!$B$2:$B$148,B4,'TD_Z1_TotalMontant'!$C$2:$C$148,"ZZ1",'TD_Z1_TotalMontant'!$D$2:$D$148,"CA NET") | E4: =SUMIFS('TD_Z1_TotalMontant'!$E$2:$E$148,'TD_Z1_TotalMontant'!$B$2:$B$148,B4,'TD_Z1_TotalMontant'!$C$2:$C$148,"ZZ1",'TD_Z1_TotalMontant'!$D$2:$D$148,"CB.TIROIR") | F4: =SUMIFS('TD_Z1_TotalMontant'!$E$2:$E$148,'TD_Z1_TotalMontant'!$B$2:$B$148,B4,'TD_Z1_TotalMontant'!$C$2:$C$148,"ZZ1",'TD_Z1_TotalMontant'!$D$2:$D$148,"CHQ.TIROIR") | G4: =SUMIFS('TD_Z1_TotalMontant'!$E$2:$E$148,'TD_Z1_TotalMontant'!$B$2:$B$148,B4,'TD_Z1_TotalMontant'!$C$2:$C$148,"ZZ1",'TD_Z1_TotalMontant'!$D$2:$D$148,"ESP.TIROIR") | H4: =SUMIFS('TD_Z1_TotalMontant'!$E$2:$E$148,'TD_Z1_TotalMontant'!$B$2:$B$148,B4,'TD_Z1_TotalMontant'!$C$2:$C$148,"ZZ1",'TD_Z1_TotalMontant'!$D$2:$D$148,"HORS TAXE 1") | I4: =SUMIFS('TD_Z1_TotalMontant'!$E$2:$E$148,'TD_Z1_TotalMontant'!$B$2:$B$148,B4,'TD_Z1_TotalMontant'!$C$2:$C$148,"ZZ1",'TD_Z1_TotalMontant'!$D$2:$D$148,"TVA 1")
A5: 2025 | B5: 2025-04 | C5: =SUMIFS('TD_Z1_TotalMontant'!$E$2:$E$148,'TD_Z1_TotalMontant'!$B$2:$B$148,B5,'TD_Z1_TotalMontant'!$C$2:$C$148,"ZZ1",'TD_Z1_TotalMontant'!$D$2:$D$148,"CA BRUT") | D5: =SUMIFS('TD_Z1_TotalMontant'!$E$2:$E$148,'TD_Z1_TotalMontant'!$B$2:$B$148,B5,'TD_Z1_TotalMontant'!$C$2:$C$148,"ZZ1",'TD_Z1_TotalMontant'!$D$2:$D$148,"CA NET") | E5: =SUMIFS('TD_Z1_TotalMontant'!$E$2:$E$148,'TD_Z1_TotalMontant'!$B$2:$B$148,B5,'TD_Z1_TotalMontant'!$C$2:$C$148,"ZZ1",'TD_Z1_TotalMontant'!$D$2:$D$148,"CB.TIROIR") | F5: =SUMIFS('TD_Z1_TotalMontant'!$E$2:$E$148,'TD_Z1_TotalMontant'!$B$2:$B$148,B5,'TD_Z1_TotalMontant'!$C$2:$C$148,"ZZ1",'TD_Z1_TotalMontant'!$D$2:$D$148,"CHQ.TIROIR") | G5: =SUMIFS('TD_Z1_TotalMontant'!$E$2:$E$148,'TD_Z1_TotalMontant'!$B$2:$B$148,B5,'TD_Z1_TotalMontant'!$C$2:$C$148,"ZZ1",'TD_Z1_TotalMontant'!$D$2:$D$148,"ESP.TIROIR") | H5: =SUMIFS('TD_Z1_TotalMontant'!$E$2:$E$148,'TD_Z1_TotalMontant'!$B$2:$B$148,B5,'TD_Z1_TotalMontant'!$C$2:$C$148,"ZZ1",'TD_Z1_TotalMontant'!$D$2:$D$148,"HORS TAXE 1") | I5: =SUMIFS('TD_Z1_TotalMontant'!$E$2:$E$148,'TD_Z1_TotalMontant'!$B$2:$B$148,B5,'TD_Z1_TotalMontant'!$C$2:$C$148,"ZZ1",'TD_Z1_TotalMontant'!$D$2:$D$148,"TVA 1")
A6: 2025 | B6: 2025-05 | C6: =SUMIFS('TD_Z1_TotalMontant'!$E$2:$E$148,'TD_Z1_TotalMontant'!$B$2:$B$148,B6,'TD_Z1_TotalMontant'!$C$2:$C$148,"ZZ1",'TD_Z1_TotalMontant'!$D$2:$D$148,"CA BRUT") | D6: =SUMIFS('TD_Z1_TotalMontant'!$E$2:$E$148,'TD_Z1_TotalMontant'!$B$2:$B$148,B6,'TD_Z1_TotalMontant'!$C$2:$C$148,"ZZ1",'TD_Z1_TotalMontant'!$D$2:$D$148,"CA NET") | E6: =SUMIFS('TD_Z1_TotalMontant'!$E$2:$E$148,'TD_Z1_TotalMontant'!$B$2:$B$148,B6,'TD_Z1_TotalMontant'!$C$2:$C$148,"ZZ1",'TD_Z1_TotalMontant'!$D$2:$D$148,"CB.TIROIR") | F6: =SUMIFS('TD_Z1_TotalMontant'!$E$2:$E$148,'TD_Z1_TotalMontant'!$B$2:$B$148,B6,'TD_Z1_TotalMontant'!$C$2:$C$148,"ZZ1",'TD_Z1_TotalMontant'!$D$2:$D$148,"CHQ.TIROIR") | G6: =SUMIFS('TD_Z1_TotalMontant'!$E$2:$E$148,'TD_Z1_TotalMontant'!$B$2:$B$148,B6,'TD_Z1_TotalMontant'!$C$2:$C$148,"ZZ1",'TD_Z1_TotalMontant'!$D$2:$D$148,"ESP.TIROIR") | H6: =SUMIFS('TD_Z1_TotalMontant'!$E$2:$E$148,'TD_Z1_TotalMontant'!$B$2:$B$148,B6,'TD_Z1_TotalMontant'!$C$2:$C$148,"ZZ1",'TD_Z1_TotalMontant'!$D$2:$D$148,"HORS TAXE 1") | I6: =SUMIFS('TD_Z1_TotalMontant'!$E$2:$E$148,'TD_Z1_TotalMontant'!$B$2:$B$148,B6,'TD_Z1_TotalMontant'!$C$2:$C$148,"ZZ1",'TD_Z1_TotalMontant'!$D$2:$D$148,"TVA 1")
A7: 2025 | B7: 2025-06|2025-07 | C7: =SUMIFS('TD_Z1_TotalMontant'!$E$2:$E$148,'TD_Z1_TotalMontant'!$B$2:$B$148,B7,'TD_Z1_TotalMontant'!$C$2:$C$148,"ZZ1",'TD_Z1_TotalMontant'!$D$2:$D$148,"CA BRUT") | D7: =SUMIFS('TD_Z1_TotalMontant'!$E$2:$E$148,'TD_Z1_TotalMontant'!$B$2:$B$148,B7,'TD_Z1_TotalMontant'!$C$2:$C$148,"ZZ1",'TD_Z1_TotalMontant'!$D$2:$D$148,"CA NET") | E7: =SUMIFS('TD_Z1_TotalMontant'!$E$2:$E$148,'TD_Z1_TotalMontant'!$B$2:$B$148,B7,'TD_Z1_TotalMontant'!$C$2:$C$148,"ZZ1",'TD_Z1_TotalMontant'!$D$2:$D$148,"CB.TIROIR") | F7: =SUMIFS('TD_Z1_TotalMontant'!$E$2:$E$148,'TD_Z1_TotalMontant'!$B$2:$B$148,B7,'TD_Z1_TotalMontant'!$C$2:$C$148,"ZZ1",'TD_Z1_TotalMontant'!$D$2:$D$148,"CHQ.TIROIR") | G7: =SUMIFS('TD_Z1_TotalMontant'!$E$2:$E$148,'TD_Z1_TotalMontant'!$B$2:$B$148,B7,'TD_Z1_TotalMontant'!$C$2:$C$148,"ZZ1",'TD_Z1_TotalMontant'!$D$2:$D$148,"ESP.TIROIR") | H7: =SUMIFS('TD_Z1_TotalMontant'!$E$2:$E$148,'TD_Z1_TotalMontant'!$B$2:$B$148,B7,'TD_Z1_TotalMontant'!$C$2:$C$148,"ZZ1",'TD_Z1_TotalMontant'!$D$2:$D$148,"HORS TAXE 1") | I7: =SUMIFS('TD_Z1_TotalMontant'!$E$2:$E$148,'TD_Z1_TotalMontant'!$B$2:$B$148,B7,'TD_Z1_TotalMontant'!$C$2:$C$148,"ZZ1",'TD_Z1_TotalMontant'!$D$2:$D$148,"TVA 1")
A8: 2025 | B8: 2025-08 | C8: =SUMIFS('TD_Z1_TotalMontant'!$E$2:$E$148,'TD_Z1_TotalMontant'!$B$2:$B$148,B8,'TD_Z1_TotalMontant'!$C$2:$C$148,"ZZ1",'TD_Z1_TotalMontant'!$D$2:$D$148,"CA BRUT") | D8: =SUMIFS('TD_Z1_TotalMontant'!$E$2:$E$148,'TD_Z1_TotalMontant'!$B$2:$B$148,B8,'TD_Z1_TotalMontant'!$C$2:$C$148,"ZZ1",'TD_Z1_TotalMontant'!$D$2:$D$148,"CA NET") | E8: =SUMIFS('TD_Z1_TotalMontant'!$E$2:$E$148,'TD_Z1_TotalMontant'!$B$2:$B$148,B8,'TD_Z1_TotalMontant'!$C$2:$C$148,"ZZ1",'TD_Z1_TotalMontant'!$D$2:$D$148,"CB.TIROIR") | F8: =SUMIFS('TD_Z1_TotalMontant'!$E$2:$E$148,'TD_Z1_TotalMontant'!$B$2:$B$148,B8,'TD_Z1_TotalMontant'!$C$2:$C$148,"ZZ1",'TD_Z1_TotalMontant'!$D$2:$D$148,"CHQ.TIROIR") | G8: =SUMIFS('TD_Z1_TotalMontant'!$E$2:$E$148,'TD_Z1_TotalMontant'!$B$2:$B$148,B8,'TD_Z1_TotalMontant'!$C$2:$C$148,"ZZ1",'TD_Z1_TotalMontant'!$D$2:$D$148,"ESP.TIROIR") | H8: =SUMIFS('TD_Z1_TotalMontant'!$E$2:$E$148,'TD_Z1_TotalMontant'!$B$2:$B$148,B8,'TD_Z1_TotalMontant'!$C$2:$C$148,"ZZ1",'TD_Z1_TotalMontant'!$D$2:$D$148,"HORS TAXE 1") | I8: =SUMIFS('TD_Z1_TotalMontant'!$E$2:$E$148,'TD_Z1_TotalMontant'!$B$2:$B$148,B8,'TD_Z1_TotalMontant'!$C$2:$C$148,"ZZ1",'TD_Z1_TotalMontant'!$D$2:$D$148,"TVA 1")

Sheet Z1_Total_ModeZZ2
A1: AJ_ANNEE_Z | B1: AJ_MOIS_Z | C1: CA_BRUT_D_MONTANT | D1: CA_NET_D_MONTANT | E1: CB_TIROIR_D_MONTANT | F1: CHQ_TIROIR_D_MONTANT | G1: ESP_TIROIR_D_MONTANT | H1: HORS_TAXE_1_D_MONTANT | I1: TVA_1_D_MONTANT
A2: 2025 | B2: 2025-01 | C2: =SUMIFS('TD_Z1_TotalMontant'!$E$2:$E$148,'TD_Z1_TotalMontant'!$B$2:$B$148,B2,'TD_Z1_TotalMontant'!$C$2:$C$148,"ZZ2",'TD_Z1_TotalMontant'!$D$2:$D$148,"CA BRUT") | D2: =SUMIFS('TD_Z1_TotalMontant'!$E$2:$E$148,'TD_Z1_TotalMontant'!$B$2:$B$148,B2,'TD_Z1_TotalMontant'!$C$2:$C$148,"ZZ2",'TD_Z1_TotalMontant'!$D$2:$D$148,"CA NET") | E2: =SUMIFS('TD_Z1_TotalMontant'!$E$2:$E$148,'TD_Z1_TotalMontant'!$B$2:$B$148,B2,'TD_Z1_TotalMontant'!$C$2:$C$148,"ZZ2",'TD_Z1_TotalMontant'!$D$2:$D$148,"CB.TIROIR") | F2: =SUMIFS('TD_Z1_TotalMontant'!$E$2:$E$148,'TD_Z1_TotalMontant'!$B$2:$B$148,B2,'TD_Z1_TotalMontant'!$C$2:$C$148,"ZZ2",'TD_Z1_TotalMontant'!$D$2:$D$148,"CHQ.TIROIR") | G2: =SUMIFS('TD_Z1_TotalMontant'!$E$2:$E$148,'TD_Z1_TotalMontant'!$B$2:$B$148,B2,'TD_Z1_TotalMontant'!$C$2:$C$148,"ZZ2",'TD_Z1_TotalMontant'!$D$2:$D$148,"ESP.TIROIR") | H2: =SUMIFS('TD_Z1_TotalMontant'!$E$2:$E$148,'TD_Z1_TotalMontant'!$B$2:$B$148,B2,'TD_Z1_TotalMontant'!$C$2:$C$148,"ZZ2",'TD_Z1_TotalMontant'!$D$2:$D$148,"HORS TAXE 1") | I2: =SUMIFS('TD_Z1_TotalMontant'!$E$2:$E$148,'TD_Z1_TotalMontant'!$B$2:$B$148,B2,'TD_Z1_TotalMontant'!$C$2:$C$148,"ZZ2",'TD_Z1_TotalMontant'!$D$2:$D$148,"TVA 1")
A3: 2025 | B3: 2025-02 | C3: =SUMIFS('TD_Z1_TotalMontant'!$E$2:$E$148,'TD_Z1_TotalMontant'!$B$2:$B$148,B3,'TD_Z1_TotalMontant'!$C$2:$C$148,"ZZ2",'TD_Z1_TotalMontant'!$D$2:$D$148,"CA BRUT") | D3: =SUMIFS('TD_Z1_TotalMontant'!$E$2:$E$148,'TD_Z1_TotalMontant'!$B$2:$B$148,B3,'TD_Z1_TotalMontant'!$C$2:$C$148,"ZZ2",'TD_Z1_TotalMontant'!$D$2:$D$148,"CA NET") | E3: =SUMIFS('TD_Z1_TotalMontant'!$E$2:$E$148,'TD_Z1_TotalMontant'!$B$2:$B$148,B3,'TD_Z1_TotalMontant'!$C$2:$C$148,"ZZ2",'TD_Z1_TotalMontant'!$D$2:$D$148,"CB.TIROIR") | F3: =SUMIFS('TD_Z1_TotalMontant'!$E$2:$E$148,'TD_Z1_TotalMontant'!$B$2:$B$148,B3,'TD_Z1_TotalMontant'!$C$2:$C$148,"ZZ2",'TD_Z1_TotalMontant'!$D$2:$D$148,"CHQ.TIROIR") | G3: =SUMIFS('TD_Z1_TotalMontant'!$E$2:$E$148,'TD_Z1_TotalMontant'!$B$2:$B$148,B3,'TD_Z1_TotalMontant'!$C$2:$C$148,"ZZ2",'TD_Z1_TotalMontant'!$D$2:$D$148,"ESP.TIROIR") | H3: =SUMIFS('TD_Z1_TotalMontant'!$E$2:$E$148,'TD_Z1_TotalMontant'!$B$2:$B$148,B3,'TD_Z1_TotalMontant'!$C$2:$C$148,"ZZ2",'TD_Z1_TotalMontant'!$D$2:$D$148,"HORS TAXE 1") | I3: =SUMIFS('TD_Z1_TotalMontant'!$E$2:$E$148,'TD_Z1_TotalMontant'!$B$2:$B$148,B3,'TD_Z1_TotalMontant'!$C$2:$C$148,"ZZ2",'TD_Z1_TotalMontant'!$D$2:$D$148,"TVA 1")
A4: 2025 | B4: 2025-03 | C4: =SUMIFS('TD_Z1_TotalMontant'!$E$2:$E$148,'TD_Z1_TotalMontant'!$B$2:$B$148,B4,'TD_Z1_TotalMontant'!$C$2:$C$148,"ZZ2",'TD_Z1_TotalMontant'!$D$2:$D$148,"CA BRUT") | D4: =SUMIFS('TD_Z1_TotalMontant'!$E$2:$E$148,'TD_Z1_TotalMontant'!$B$2:$B$148,B4,'TD_Z1_TotalMontant'!$C$2:$C$148,"ZZ2",'TD_Z1_TotalMontant'!$D$2:$D$148,"CA NET") | E4: =SUMIFS('TD_Z1_TotalMontant'!$E$2:$E$148,'TD_Z1_TotalMontant'!$B$2:$B$148,B4,'TD_Z1_TotalMontant'!$C$2:$C$148,"ZZ2",'TD_Z1_TotalMontant'!$D$2:$D$148,"CB.TIROIR") | F4: =SUMIFS('TD_Z1_TotalMontant'!$E$2:$E$148,'TD_Z1_TotalMontant'!$B$2:$B$148,B4,'TD_Z1_TotalMontant'!$C$2:$C$148,"ZZ2",'TD_Z1_TotalMontant'!$D$2:$D$148,"CHQ.TIROIR") | G4: =SUMIFS('TD_Z1_TotalMontant'!$E$2:$E$148,'TD_Z1_TotalMontant'!$B$2:$B$148,B4,'TD_Z1_TotalMontant'!$C$2:$C$148,"ZZ2",'TD_Z1_TotalMontant'!$D$2:$D$148,"ESP.TIROIR") | H4: =SUMIFS('TD_Z1_TotalMontant'!$E$2:$E$148,'TD_Z1_TotalMontant'!$B$2:$B$148,B4,'TD_Z1_TotalMontant'!$C$2:$C$148,"ZZ2",'TD_Z1_TotalMontant'!$D$2:$D$148,"HORS TAXE 1") | I4: =SUMIFS('TD_Z1_TotalMontant'!$E$2:$E$148,'TD_Z1_TotalMontant'!$B$2:$B$148,B4,'TD_Z1_TotalMontant'!$C$2:$C$148,"ZZ2",'TD_Z1_TotalMontant'!$D$2:$D$148,"TVA 1")
A5: 2025 | B5: 2025-04 | C5: =SUMIFS('TD_Z1_TotalMontant'!$E$2:$E$148,'TD_Z1_TotalMontant'!$B$2:$B$148,B5,'TD_Z1_TotalMontant'!$C$2:$C$148,"ZZ2",'TD_Z1_TotalMontant'!$D$2:$D$148,"CA BRUT") | D5: =SUMIFS('TD_Z1_TotalMontant'!$E$2:$E$148,'TD_Z1_TotalMontant'!$B$2:$B$148,B5,'TD_Z1_TotalMontant'!$C$2:$C$148,"ZZ2",'TD_Z1_TotalMontant'!$D$2:$D$148,"CA NET") | E5: =SUMIFS('TD_Z1_TotalMontant'!$E$2:$E$148,'TD_Z1_TotalMontant'!$B$2:$B$148,B5,'TD_Z1_TotalMontant'!$C$2:$C$148,"ZZ2",'TD_Z1_TotalMontant'!$D$2:$D$148,"CB.TIROIR") | F5: =SUMIFS('TD_Z1_TotalMontant'!$E$2:$E$148,'TD_Z1_TotalMontant'!$B$2:$B$148,B5,'TD_Z1_TotalMontant'!$C$2:$C$148,"ZZ2",'TD_Z1_TotalMontant'!$D$2:$D$148,"CHQ.TIROIR") | G5: =SUMIFS('TD_Z1_TotalMontant'!$E$2:$E$148,'TD_Z1_TotalMontant'!$B$2:$B$148,B5,'TD_Z1_TotalMontant'!$C$2:$C$148,"ZZ2",'TD_Z1_TotalMontant'!$D$2:$D$148,"ESP.TIROIR") | H5: =SUMIFS('TD_Z1_TotalMontant'!$E$2:$E$148,'TD_Z1_TotalMontant'!$B$2:$B$148,B5,'TD_Z1_TotalMontant'!$C$2:$C$148,"ZZ2",'TD_Z1_TotalMontant'!$D$2:$D$148,"HORS TAXE 1") | I5: =SUMIFS('TD_Z1_TotalMontant'!$E$2:$E$148,'TD_Z1_TotalMontant'!$B$2:$B$148,B5,'TD_Z1_TotalMontant'!$C$2:$C$148,"ZZ2",'TD_Z1_TotalMontant'!$D$2:$D$148,"TVA 1")
A6: 2025 | B6: 2025-05 | C6: =SUMIFS('TD_Z1_TotalMontant'!$E$2:$E$148,'TD_Z1_TotalMontant'!$B$2:$B$148,B6,'TD_Z1_TotalMontant'!$C$2:$C$148,"ZZ2",'TD_Z1_TotalMontant'!$D$2:$D$148,"CA BRUT") | D6: =SUMIFS('TD_Z1_TotalMontant'!$E$2:$E$148,'TD_Z1_TotalMontant'!$B$2:$B$148,B6,'TD_Z1_TotalMontant'!$C$2:$C$148,"ZZ2",'TD_Z1_TotalMontant'!$D$2:$D$148,"CA NET") | E6: =SUMIFS('TD_Z1_TotalMontant'!$E$2:$E$148,'TD_Z1_TotalMontant'!$B$2:$B$148,B6,'TD_Z1_TotalMontant'!$C$2:$C$148,"ZZ2",'TD_Z1_TotalMontant'!$D$2:$D$148,"CB.TIROIR") | F6: =SUMIFS('TD_Z1_TotalMontant'!$E$2:$E$148,'TD_Z1_TotalMontant'!$B$2:$B$148,B6,'TD_Z1_TotalMontant'!$C$2:$C$148,"ZZ2",'TD_Z1_TotalMontant'!$D$2:$D$148,"CHQ.TIROIR") | G6: =SUMIFS('TD_Z1_TotalMontant'!$E$2:$E$148,'TD_Z1_TotalMontant'!$B$2:$B$148,B6,'TD_Z1_TotalMontant'!$C$2:$C$148,"ZZ2",'TD_Z1_TotalMontant'!$D$2:$D$148,"ESP.TIROIR") | H6: =SUMIFS('TD_Z1_TotalMontant'!$E$2:$E$148,'TD_Z1_TotalMontant'!$B$2:$B$148,B6,'TD_Z1_TotalMontant'!$C$2:$C$148,"ZZ2",'TD_Z1_TotalMontant'!$D$2:$D$148,"HORS TAXE 1") | I6: =SUMIFS('TD_Z1_TotalMontant'!$E$2:$E$148,'TD_Z1_TotalMontant'!$B$2:$B$148,B6,'TD_Z1_TotalMontant'!$C$2:$C$148,"ZZ2",'TD_Z1_TotalMontant'!$D$2:$D$148,"TVA 1")
A7: 2025 | B7: 2025-06|2025-07 | C7: =SUMIFS('TD_Z1_TotalMontant'!$E$2:$E$148,'TD_Z1_TotalMontant'!$B$2:$B$148,B7,'TD_Z1_TotalMontant'!$C$2:$C$148,"ZZ2",'TD_Z1_TotalMontant'!$D$2:$D$148,"CA BRUT") | D7: =SUMIFS('TD_Z1_TotalMontant'!$E$2:$E$148,'TD_Z1_TotalMontant'!$B$2:$B$148,B7,'TD_Z1_TotalMontant'!$C$2:$C$148,"ZZ2",'TD_Z1_TotalMontant'!$D$2:$D$148,"CA NET") | E7: =SUMIFS('TD_Z1_TotalMontant'!$E$2:$E$148,'TD_Z1_TotalMontant'!$B$2:$B$148,B7,'TD_Z1_TotalMontant'!$C$2:$C$148,"ZZ2",'TD_Z1_TotalMontant'!$D$2:$D$148,"CB.TIROIR") | F7: =SUMIFS('TD_Z1_TotalMontant'!$E$2:$E$148,'TD_Z1_TotalMontant'!$B$2:$B$148,B7,'TD_Z1_TotalMontant'!$C$2:$C$148,"ZZ2",'TD_Z1_TotalMontant'!$D$2:$D$148,"CHQ.TIROIR") | G7: =SUMIFS('TD_Z1_TotalMontant'!$E$2:$E$148,'TD_Z1_TotalMontant'!$B$2:$B$148,B7,'TD_Z1_TotalMontant'!$C$2:$C$148,"ZZ2",'TD_Z1_TotalMontant'!$D$2:$D$148,"ESP.TIROIR") | H7: =SUMIFS('TD_Z1_TotalMontant'!$E$2:$E$148,'TD_Z1_TotalMontant'!$B$2:$B$148,B7,'TD_Z1_TotalMontant'!$C$2:$C$148,"ZZ2",'TD_Z1_TotalMontant'!$D$2:$D$148,"HORS TAXE 1") | I7: =SUMIFS('TD_Z1_TotalMontant'!$E$2:$E$148,'TD_Z1_TotalMontant'!$B$2:$B$148,B7,'TD_Z1_TotalMontant'!$C$2:$C$148,"ZZ2",'TD_Z1_TotalMontant'!$D$2:$D$148,"TVA 1")
A8: 2025 | B8: 2025-08 | C8: =SUMIFS('TD_Z1_TotalMontant'!$E$2:$E$148,'TD_Z1_TotalMontant'!$B$2:$B$148,B8,'TD_Z1_TotalMontant'!$C$2:$C$148,"ZZ2",'TD_Z1_TotalMontant'!$D$2:$D$148,"CA BRUT") | D8: =SUMIFS('TD_Z1_TotalMontant'!$E$2:$E$148,'TD_Z1_TotalMontant'!$B$2:$B$148,B8,'TD_Z1_TotalMontant'!$C$2:$C$148,"ZZ2",'TD_Z1_TotalMontant'!$D$2:$D$148,"CA NET") | E8: =SUMIFS('TD_Z1_TotalMontant'!$E$2:$E$148,'TD_Z1_TotalMontant'!$B$2:$B$148,B8,'TD_Z1_TotalMontant'!$C$2:$C$148,"ZZ2",'TD_Z1_TotalMontant'!$D$2:$D$148,"CB.TIROIR") | F8: =SUMIFS('TD_Z1_TotalMontant'!$E$2:$E$148,'TD_Z1_TotalMontant'!$B$2:$B$148,B8,'TD_Z1_TotalMontant'!$C$2:$C$148,"ZZ2",'TD_Z1_TotalMontant'!$D$2:$D$148,"CHQ.TIROIR") | G8: =SUMIFS('TD_Z1_TotalMontant'!$E$2:$E$148,'TD_Z1_TotalMontant'!$B$2:$B$148,B8,'TD_Z1_TotalMontant'!$C$2:$C$148,"ZZ2",'TD_Z1_TotalMontant'!$D$2:$D$148,"ESP.TIROIR") | H8: =SUMIFS('TD_Z1_TotalMontant'!$E$2:$E$148,'TD_Z1_TotalMontant'!$B$2:$B$148,B8,'TD_Z1_TotalMontant'!$C$2:$C$148,"ZZ2",'TD_Z1_TotalMontant'!$D$2:$D$148,"HORS TAXE 1") | I8: =SUMIFS('TD_Z1_TotalMontant'!$E$2:$E$148,'TD_Z1_TotalMontant'!$B$2:$B$148,B8,'TD_Z1_TotalMontant'!$C$2:$C$148,"ZZ2",'TD_Z1_TotalMontant'!$D$2:$D$148,"TVA 1")

Sheet Z1_Total_ModeZ
A1: AJ_ANNEE_Z | B1: AJ_MOIS_Z | C1: CA_BRUT_D_MONTANT | D1: CA_NET_D_MONTANT | E1: CB_TIROIR_D_MONTANT | F1: CHQ_TIROIR_D_MONTANT | G1: ESP_TIROIR_D_MONTANT | H1: HORS_TAXE_1_D_MONTANT | I1: TVA_1_D_MONTANT
A2: 2025 | B2: 2025-01 | C2: =SUMIFS('TD_Z1_TotalMontant'!$E$2:$E$148,'TD_Z1_TotalMontant'!$B$2:$B$148,B2,'TD_Z1_TotalMontant'!$C$2:$C$148,"Z",'TD_Z1_TotalMontant'!$D$2:$D$148,"CA BRUT") | D2: =SUMIFS('TD_Z1_TotalMontant'!$E$2:$E$148,'TD_Z1_TotalMontant'!$B$2:$B$148,B2,'TD_Z1_TotalMontant'!$C$2:$C$148,"Z",'TD_Z1_TotalMontant'!$D$2:$D$148,"CA NET") | E2: =SUMIFS('TD_Z1_TotalMontant'!$E$2:$E$148,'TD_Z1_TotalMontant'!$B$2:$B$148,B2,'TD_Z1_TotalMontant'!$C$2:$C$148,"Z",'TD_Z1_TotalMontant'!$D$2:$D$148,"CB.TIROIR") | F2: =SUMIFS('TD_Z1_TotalMontant'!$E$2:$E$148,'TD_Z1_TotalMontant'!$B$2:$B$148,B2,'TD_Z1_TotalMontant'!$C$2:$C$148,"Z",'TD_Z1_TotalMontant'!$D$2:$D$148,"CHQ.TIROIR") | G2: =SUMIFS('TD_Z1_TotalMontant'!$E$2:$E$148,'TD_Z1_TotalMontant'!$B$2:$B$148,B2,'TD_Z1_TotalMontant'!$C$2:$C$148,"Z",'TD_Z1_TotalMontant'!$D$2:$D$148,"ESP.TIROIR") | H2: =SUMIFS('TD_Z1_TotalMontant'!$E$2:$E$148,'TD_Z1_TotalMontant'!$B$2:$B$148,B2,'TD_Z1_TotalMontant'!$C$2:$C$148,"Z",'TD_Z1_TotalMontant'!$D$2:$D$148,"HORS TAXE 1") | I2: =SUMIFS('TD_Z1_TotalMontant'!$E$2:$E$148,'TD_Z1_TotalMontant'!$B$2:$B$148,B2,'TD_Z1_TotalMontant'!$C$2:$C$148,"Z",'TD_Z1_TotalMontant'!$D$2:$D$148,"TVA 1")
A3: 2025 | B3: 2025-02 | C3: =SUMIFS('TD_Z1_TotalMontant'!$E$2:$E$148,'TD_Z1_TotalMontant'!$B$2:$B$148,B3,'TD_Z1_TotalMontant'!$C$2:$C$148,"Z",'TD_Z1_TotalMontant'!$D$2:$D$148,"CA BRUT") | D3: =SUMIFS('TD_Z1_TotalMontant'!$E$2:$E$148,'TD_Z1_TotalMontant'!$B$2:$B$148,B3,'TD_Z1_TotalMontant'!$C$2:$C$148,"Z",'TD_Z1_TotalMontant'!$D$2:$D$148,"CA NET") | E3: =SUMIFS('TD_Z1_TotalMontant'!$E$2:$E$148,'TD_Z1_TotalMontant'!$B$2:$B$148,B3,'TD_Z1_TotalMontant'!$C$2:$C$148,"Z",'TD_Z1_TotalMontant'!$D$2:$D$148,"CB.TIROIR") | F3: =SUMIFS('TD_Z1_TotalMontant'!$E$2:$E$148,'TD_Z1_TotalMontant'!$B$2:$B$148,B3,'TD_Z1_TotalMontant'!$C$2:$C$148,"Z",'TD_Z1_TotalMontant'!$D$2:$D$148,"CHQ.TIROIR") | G3: =SUMIFS('TD_Z1_TotalMontant'!$E$2:$E$148,'TD_Z1_TotalMontant'!$B$2:$B$148,B3,'TD_Z1_TotalMontant'!$C$2:$C$148,"Z",'TD_Z1_TotalMontant'!$D$2:$D$148,"ESP.TIROIR") | H3: =SUMIFS('TD_Z1_TotalMontant'!$E$2:$E$148,'TD_Z1_TotalMontant'!$B$2:$B$148,B3,'TD_Z1_TotalMontant'!$C$2:$C$148,"Z",'TD_Z1_TotalMontant'!$D$2:$D$148,"HORS TAXE 1") | I3: =SUMIFS('TD_Z1_TotalMontant'!$E$2:$E$148,'TD_Z1_TotalMontant'!$B$2:$B$148,B3,'TD_Z1_TotalMontant'!$C$2:$C$148,"Z",'TD_Z1_TotalMontant'!$D$2:$D$148,"TVA 1")
A4: 2025 | B4: 2025-03 | C4: =SUMIFS('TD_Z1_TotalMontant'!$E$2:$E$148,'TD_Z1_TotalMontant'!$B$2:$B$148,B4,'TD_Z1_TotalMontant'!$C$2:$C$148,"Z",'TD_Z1_TotalMontant'!$D$2:$D$148,"CA BRUT") | D4: =SUMIFS('TD_Z1_TotalMontant'!$E$2:$E$148,'TD_Z1_TotalMontant'!$B$2:$B$148,B4,'TD_Z1_TotalMontant'!$C$2:$C$148,"Z",'TD_Z1_TotalMontant'!$D$2:$D$148,"CA NET") | E4: =SUMIFS('TD_Z1_TotalMontant'!$E$2:$E$148,'TD_Z1_TotalMontant'!$B$2:$B$148,B4,'TD_Z1_TotalMontant'!$C$2:$C$148,"Z",'TD_Z1_TotalMontant'!$D$2:$D$148,"CB.TIROIR") | F4: =SUMIFS('TD_Z1_TotalMontant'!$E$2:$E$148,'TD_Z1_TotalMontant'!$B$2:$B$148,B4,'TD_Z1_TotalMontant'!$C$2:$C$148,"Z",'TD_Z1_TotalMontant'!$D$2:$D$148,"CHQ.TIROIR") | G4: =SUMIFS('TD_Z1_TotalMontant'!$E$2:$E$148,'TD_Z1_TotalMontant'!$B$2:$B$148,B4,'TD_Z1_TotalMontant'!$C$2:$C$148,"Z",'TD_Z1_TotalMontant'!$D$2:$D$148,"ESP.TIROIR") | H4: =SUMIFS('TD_Z1_TotalMontant'!$E$2:$E$148,'TD_Z1_TotalMontant'!$B$2:$B$148,B4,'TD_Z1_TotalMontant'!$C$2:$C$148,"Z",'TD_Z1_TotalMontant'!$D$2:$D$148,"HORS TAXE 1") | I4: =SUMIFS('TD_Z1_TotalMontant'!$E$2:$E$148,'TD_Z1_TotalMontant'!$B$2:$B$148,B4,'TD_Z1_TotalMontant'!$C$2:$C$148,"Z",'TD_Z1_TotalMontant'!$D$2:$D$148,"TVA 1")
A5: 2025 | B5: 2025-04 | C5: =SUMIFS('TD_Z1_TotalMontant'!$E$2:$E$148,'TD_Z1_TotalMontant'!$B$2:$B$148,B5,'TD_Z1_TotalMontant'!$C$2:$C$148,"Z",'TD_Z1_TotalMontant'!$D$2:$D$148,"CA BRUT") | D5: =SUMIFS('TD_Z1_TotalMontant'!$E$2:$E$148,'TD_Z1_TotalMontant'!$B$2:$B$148,B5,'TD_Z1_TotalMontant'!$C$2:$C$148,"Z",'TD_Z1_TotalMontant'!$D$2:$D$148,"CA NET") | E5: =SUMIFS('TD_Z1_TotalMontant'!$E$2:$E$148,'TD_Z1_TotalMontant'!$B$2:$B$148,B5,'TD_Z1_TotalMontant'!$C$2:$C$148,"Z",'TD_Z1_TotalMontant'!$D$2:$D$148,"CB.TIROIR") | F5: =SUMIFS('TD_Z1_TotalMontant'!$E$2:$E$148,'TD_Z1_TotalMontant'!$B$2:$B$148,B5,'TD_Z1_TotalMontant'!$C$2:$C$148,"Z",'TD_Z1_TotalMontant'!$D$2:$D$148,"CHQ.TIROIR") | G5: =SUMIFS('TD_Z1_TotalMontant'!$E$2:$E$148,'TD_Z1_TotalMontant'!$B$2:$B$148,B5,'TD_Z1_TotalMontant'!$C$2:$C$148,"Z",'TD_Z1_TotalMontant'!$D$2:$D$148,"ESP.TIROIR") | H5: =SUMIFS('TD_Z1_TotalMontant'!$E$2:$E$148,'TD_Z1_TotalMontant'!$B$2:$B$148,B5,'TD_Z1_TotalMontant'!$C$2:$C$148,"Z",'TD_Z1_TotalMontant'!$D$2:$D$148,"HORS TAXE 1") | I5: =SUMIFS('TD_Z1_TotalMontant'!$E$2:$E$148,'TD_Z1_TotalMontant'!$B$2:$B$148,B5,'TD_Z1_TotalMontant'!$C$2:$C$148,"Z",'TD_Z1_TotalMontant'!$D$2:$D$148,"TVA 1")
A6: 2025 | B6: 2025-05 | C6: =SUMIFS('TD_Z1_TotalMontant'!$E$2:$E$148,'TD_Z1_TotalMontant'!$B$2:$B$148,B6,'TD_Z1_TotalMontant'!$C$2:$C$148,"Z",'TD_Z1_TotalMontant'!$D$2:$D$148,"CA BRUT") | D6: =SUMIFS('TD_Z1_TotalMontant'!$E$2:$E$148,'TD_Z1_TotalMontant'!$B$2:$B$148,B6,'TD_Z1_TotalMontant'!$C$2:$C$148,"Z",'TD_Z1_TotalMontant'!$D$2:$D$148,"CA NET") | E6: =SUMIFS('TD_Z1_TotalMontant'!$E$2:$E$148,'TD_Z1_TotalMontant'!$B$2:$B$148,B6,'TD_Z1_TotalMontant'!$C$2:$C$148,"Z",'TD_Z1_TotalMontant'!$D$2:$D$148,"CB.TIROIR") | F6: =SUMIFS('TD_Z1_TotalMontant'!$E$2:$E$148,'TD_Z1_TotalMontant'!$B$2:$B$148,B6,'TD_Z1_TotalMontant'!$C$2:$C$148,"Z",'TD_Z1_TotalMontant'!$D$2:$D$148,"CHQ.TIROIR") | G6: =SUMIFS('TD_Z1_TotalMontant'!$E$2:$E$148,'TD_Z1_TotalMontant'!$B$2:$B$148,B6,'TD_Z1_TotalMontant'!$C$2:$C$148,"Z",'TD_Z1_TotalMontant'!$D$2:$D$148,"ESP.TIROIR") | H6: =SUMIFS('TD_Z1_TotalMontant'!$E$2:$E$148,'TD_Z1_TotalMontant'!$B$2:$B$148,B6,'TD_Z1_TotalMontant'!$C$2:$C$148,"Z",'TD_Z1_TotalMontant'!$D$2:$D$148,"HORS TAXE 1") | I6: =SUMIFS('TD_Z1_TotalMontant'!$E$2:$E$148,'TD_Z1_TotalMontant'!$B$2:$B$148,B6,'TD_Z1_TotalMontant'!$C$2:$C$148,"Z",'TD_Z1_TotalMontant'!$D$2:$D$148,"TVA 1")
A7: 2025 | B7: 2025-06|2025-07 | C7: =SUMIFS('TD_Z1_TotalMontant'!$E$2:$E$148,'TD_Z1_TotalMontant'!$B$2:$B$148,B7,'TD_Z1_TotalMontant'!$C$2:$C$148,"Z",'TD_Z1_TotalMontant'!$D$2:$D$148,"CA BRUT") | D7: =SUMIFS('TD_Z1_TotalMontant'!$E$2:$E$148,'TD_Z1_TotalMontant'!$B$2:$B$148,B7,'TD_Z1_TotalMontant'!$C$2:$C$148,"Z",'TD_Z1_TotalMontant'!$D$2:$D$148,"CA NET") | E7: =SUMIFS('TD_Z1_TotalMontant'!$E$2:$E$148,'TD_Z1_TotalMontant'!$B$2:$B$148,B7,'TD_Z1_TotalMontant'!$C$2:$C$148,"Z",'TD_Z1_TotalMontant'!$D$2:$D$148,"CB.TIROIR") | F7: =SUMIFS('TD_Z1_TotalMontant'!$E$2:$E$148,'TD_Z1_TotalMontant'!$B$2:$B$148,B7,'TD_Z1_TotalMontant'!$C$2:$C$148,"Z",'TD_Z1_TotalMontant'!$D$2:$D$148,"CHQ.TIROIR") | G7: =SUMIFS('TD_Z1_TotalMontant'!$E$2:$E$148,'TD_Z1_TotalMontant'!$B$2:$B$148,B7,'TD_Z1_TotalMontant'!$C$2:$C$148,"Z",'TD_Z1_TotalMontant'!$D$2:$D$148,"ESP.TIROIR") | H7: =SUMIFS('TD_Z1_TotalMontant'!$E$2:$E$148,'TD_Z1_TotalMontant'!$B$2:$B$148,B7,'TD_Z1_TotalMontant'!$C$2:$C$148,"Z",'TD_Z1_TotalMontant'!$D$2:$D$148,"HORS TAXE 1") | I7: =SUMIFS('TD_Z1_TotalMontant'!$E$2:$E$148,'TD_Z1_TotalMontant'!$B$2:$B$148,B7,'TD_Z1_TotalMontant'!$C$2:$C$148,"Z",'TD_Z1_TotalMontant'!$D$2:$D$148,"TVA 1")
A8: 2025 | B8: 2025-08 | C8: =SUMIFS('TD_Z1_TotalMontant'!$E$2:$E$148,'TD_Z1_TotalMontant'!$B$2:$B$148,B8,'TD_Z1_TotalMontant'!$C$2:$C$148,"Z",'TD_Z1_TotalMontant'!$D$2:$D$148,"CA BRUT") | D8: =SUMIFS('TD_Z1_TotalMontant'!$E$2:$E$148,'TD_Z1_TotalMontant'!$B$2:$B$148,B8,'TD_Z1_TotalMontant'!$C$2:$C$148,"Z",'TD_Z1_TotalMontant'!$D$2:$D$148,"CA NET") | E8: =SUMIFS('TD_Z1_TotalMontant'!$E$2:$E$148,'TD_Z1_TotalMontant'!$B$2:$B$148,B8,'TD_Z1_TotalMontant'!$C$2:$C$148,"Z",'TD_Z1_TotalMontant'!$D$2:$D$148,"CB.TIROIR") | F8: =SUMIFS('TD_Z1_TotalMontant'!$E$2:$E$148,'TD_Z1_TotalMontant'!$B$2:$B$148,B8,'TD_Z1_TotalMontant'!$C$2:$C$148,"Z",'TD_Z1_TotalMontant'!$D$2:$D$148,"CHQ.TIROIR") | G8: =SUMIFS('TD_Z1_TotalMontant'!$E$2:$E$148,'TD_Z1_TotalMontant'!$B$2:$B$148,B8,'TD_Z1_TotalMontant'!$C$2:$C$148,"Z",'TD_Z1_TotalMontant'!$D$2:$D$148,"ESP.TIROIR") | H8: =SUMIFS('TD_Z1_TotalMontant'!$E$2:$E$148,'TD_Z1_TotalMontant'!$B$2:$B$148,B8,'TD_Z1_TotalMontant'!$C$2:$C$148,"Z",'TD_Z1_TotalMontant'!$D$2:$D$148,"HORS TAXE 1") | I8: =SUMIFS('TD_Z1_TotalMontant'!$E$2:$E$148,'TD_Z1_TotalMontant'!$B$2:$B$148,B8,'TD_Z1_TotalMontant'!$C$2:$C$148,"Z",'TD_Z1_TotalMontant'!$D$2:$D$148,"TVA 1")

Sheet Compare_Z_vs_EJ
A1: AJ_ANNEE_Z | B1: AJ_MOIS_Z | C1: CA_TTC_Z1 | D1: CA_TTC_EJ | E1: AJ_ECART_CA_TTC | F1: HORS_TAXE_1_Z1 | G1: HORS_TAXE_1_EJ | H1: AJ_ECART_HORS_TAXE_1 | I1: TVA1_Z1 | J1: TVA1_EJ | K1: AJ_ECART_TVA1
A2: 2025 | B2: 2025-01 | C2: ='Z1_Total_ModeZ'!C2 | D2: 11680.3 | E2: =C2-D2 | F2: ='Z1_Total_ModeZ'!H2 | G2: 9733.59 | H2: =F2-G2 | I2: ='Z1_Total_ModeZ'!I2 | J2: 1946.71 | K2: =I2-J2
A3: 2025 | B3: 2025-02 | C3: ='Z1_Total_ModeZ'!C3 | D3: 4578.8 | E3: =C3-D3 | F3: ='Z1_Total_ModeZ'!H3 | G3: 3815.68 | H3: =F3-G3 | I3: ='Z1_Total_ModeZ'!I3 | J3: 763.12 | K3: =I3-J3
A4: 2025 | B4: 2025-03 | C4: ='Z1_Total_ModeZ'!C4 | D4: 3853.7 | E4: =C4-D4 | F4: ='Z1_Total_ModeZ'!H4 | G4: 3211.42 | H4: =F4-G4 | I4: ='Z1_Total_ModeZ'!I4 | J4: 642.28 | K4: =I4-J4
A5: 2025 | B5: 2025-04 | C5: ='Z1_Total_ModeZ'!C5 | D5: 0 | E5: =C5-D5 | F5: ='Z1_Total_ModeZ'!H5 | G5: 0 | H5: =F5-G5 | I5: ='Z1_Total_ModeZ'!I5 | J5: 0 | K5: =I5-J5
A6: 2025 | B6: 2025-05 | C6: ='Z1_Total_ModeZ'!C6 | D6: 0 | E6: =C6-D6 | F6: ='Z1_Total_ModeZ'!H6 | G6: 0 | H6: =F6-G6 | I6: ='Z1_Total_ModeZ'!I6 | J6: 0 | K6: =I6-J6
A7: 2025 | B7: 2025-06|2025-07 | C7: ='Z1_Total_ModeZ'!C7 | D7: 27074.6 | E7: =C7-D7 | F7: ='Z1_Total_ModeZ'!H7 | G7: 22562.17 | H7: =F7-G7 | I7: ='Z1_Total_ModeZ'!I7 | J7: 4512.43 | K7: =I7-J7
A8: 2025 | B8: 2025-08 | C8: ='Z1_Total_ModeZ'!C8 | D8: 2176 | E8: =C8-D8 | F8: ='Z1_Total_ModeZ'!H8 | G8: 1813.33 | H8: =F8-G8 | I8: ='Z1_Total_ModeZ'!I8 | J8: 362.67 | K8: =I8-J8
