Workbook

Sheet Z2_2023_MASSENA_0
A1: nomfichier | B1: E_MODELE | C1: E_MACHINE | D1: E_RAPPORT | E1: E_FICHIER | F1: E_MODE | G1: E_COMPTEUR_Z | H1: E_DATE | I1: E_HEURE | J1: D_ENREGISTREMENT | K1: D_DESIGNATION | L1: D_QUANTITE | M1: D_MONTANT
A2: Z002_01_112023_MASSENA.CSV | C2: MC#01 | D2: TRANSACTION | E2: FILE002 | F2: Z | G2: 0019 | H2: 45261 | I2: 14:19 | J2: 0001 | K2: ESPECES | L2: 796 | M2: 466079.5
A3: Z002_01_112023_MASSENA.CSV | C3: MC#01 | D3: TRANSACTION | E3: FILE002 | F3: Z | G3: 0019 | H3: 45261 | I3: 14:19 | J3: 0002 | K3: SOUS-TOTAL | L3: 0 | M3: 0
A4: Z002_01_112023_MASSENA.CSV | C4: MC#01 | D4: TRANSACTION | E4: FILE002 | F4: Z | G4: 0019 | H4: 45261 | I4: 14:19 | J4: 0003 | K4: CARTES | L4: 286 | M4: 243418
A5: Z002_01_112023_MASSENA.CSV | C5: MC#01 | D5: TRANSACTION | E5: FILE002 | F5: Z | G5: 0019 | H5: 45261 | I5: 14:19 | J5: 0004 | K5: CHEQUES | L5: 2 | M5: 7029
A6: Z002_01_112023_MASSENA.CSV | C6: MC#01 | D6: TRANSACTION | E6: FILE002 | F6: Z | G6: 0019 | H6: 45261 | I6: 14:19 | J6: 0005 | K6: AIDE | L6: 0 | M6: 0
A7: Z002_01_112023_MASSENA.CSV | C7: MC#01 | D7: TRANSACTION | E7: FILE002 | F7: Z | G7: 0019 | H7: 45261 | I7: 14:19 | J7: 0006 | K7: TAX PGM | L7: 0 | M7: 0
A8: Z002_01_112023_MASSENA.CSV | C8: MC#01 | D8: TRANSACTION | E8: FILE002 | F8: Z | G8: 0019 | H8: 45261 | I8: 14:19 | J8: 0007 | K8: SORTIECAISSE | L8: 0 | M8: 0
A9: Z002_01_112023_MASSENA.CSV | C9: MC#01 | D9: TRANSACTION | E9: FILE002 | F9: Z | G9: 0019 | H9: 45261 | I9: 14:19 | J9: 0008 | K9: REC&ACCOMPTE | L9: 0 | M9: 0
A10: Z002_01_112023_MASSENA.CSV | C10: MC#01 | D10: TRANSACTION | E10: FILE002 | F10: Z | G10: 0019 | H10: 45261 | I10: 14:19 | J10: 0009 | K10: SIGN-OFF | L10: 0 | M10: 0
A11: Z002_01_112023_MASSENA.CSV | C11: MC#01 | D11: TRANSACTION | E11: FILE002 | F11: Z | G11: 0019 | H11: 45261 | I11: 14:19 | J11: 0010 | K11: NUM CAISSIER | L11: 0 | M11: 0
A12: Z002_01_112023_MASSENA.CSV | C12: MC#01 | D12: TRANSACTION | E12: FILE002 | F12: Z | G12: 0019 | H12: 45261 | I12: 14:19 | J12: 0011 | K12: SHIFT/No | L12: 0 | M12: 0
A13: Z002_01_112023_MASSENA.CSV | C13: MC#01 | D13: TRANSACTION | E13: FILE002 | F13: Z | G13: 0019 | H13: 45261 | I13: 14:19 | J13: 0012 | K13: DWN | L13: 0 | M13: 0
... A33: Z002_01_112023_MASSENA.CSV | C33: MC#01 | D33: TRANSACTION | E33: FILE002 | F33: Z | G33: 0019 | H33: 45261 | I33: 14:19 | J33: 0032 | K33: ANNULATION | L33: 0 | M33: 0
A34: Z002_01_112023_MASSENA.CSV | C34: MC#01 | D34: TRANSACTION | E34: FILE002 | F34: Z | G34: 0019 | H34: 45261 | I34: 14:19 | J34: 0033 | L34: 0 | M34: 0
A35: Z002_01_112023_MASSENA.CSV | C35: MC#01 | D35: TRANSACTION | E35: FILE002 | F35: Z | G35: 0019 | H35: 45261 | I35: 14:19 | J35: 0034 | L35: 0 | M35: 0
A36: Z002_01_112023_MASSENA.CSV | C36: MC#01 | D36: TRANSACTION | E36: FILE002 | F36: Z | G36: 0019 | H36: 45261 | I36: 14:19 | J36: 0035 | L36: 0 | M36: 0
A37: Z002_01_112023_MASSENA.CSV | C37: MC#01 | D37: TRANSACTION | E37: FILE002 | F37: Z | G37: 0019 | H37: 45261 | I37: 14:19 | J37: 0036 | L37: 0 | M37: 0
A38: Z002_01_112023_MASSENA.CSV | C38: MC#01 | D38: TRANSACTION | E38: FILE002 | F38: Z | G38: 0019 | H38: 45261 | I38: 14:19 | J38: 0037 | L38: 0 | M38: 0
A39: Z002_01_112023_MASSENA.CSV | C39: MC#01 | D39: TRANSACTION | E39: FILE002 | F39: Z | G39: 0019 | H39: 45261 | I39: 14:19 | J39: 0038 | L39: 0 | M39: 0
A40: Z002_01_112023_MASSENA.CSV | C40: MC#01 | D40: TRANSACTION | E40: FILE002 | F40: Z | G40: 0019 | H40: 45261 | I40: 14:19 | J40: 0039 | L40: 0 | M40: 0
A41: Z002_01_112023_MASSENA.CSV | C41: MC#01 | D41: TRANSACTION | E41: FILE002 | F41: Z | G41: 0019 | H41: 45261 | I41: 14:19 | J41: 0040 | L41: 0 | M41: 0
A42: Z002_01_112023_MASSENA.CSV | C42: MC#01 | D42: TRANSACTION | E42: FILE002 | F42: Z | G42: 0019 | H42: 45261 | I42: 14:19 | J42: 0041 | L42: 0 | M42: 0
A43: Z002_01_112023_MASSENA.CSV | C43: MC#01 | D43: TRANSACTION | E43: FILE002 | F43: Z | G43: 0019 | H43: 45261 | I43: 14:19 | J43: 0042 | L43: 0 | M43: 0
A44: Z002_01_112023_MASSENA.CSV | C44: MC#01 | D44: TRANSACTION | E44: FILE002 | F44: Z | G44: 0019 | H44: 45261 | I44: 14:19 | J44: 0043 | L44: 0 | M44: 0
A45: Z002_01_112023_MASSENA.CSV | C45: MC#01 | D45: TRANSACTION | E45: FILE002 | F45: Z | G45: 0019 | H45: 45261 | I45: 14:19 | J45: 0044 | L45: 0 | M45: 0
... A51: Z002_01_112023_MASSENA.CSV | C51: MC#01 | D51: TRANSACTION | E51: FILE002 | F51: Z | G51: 0019 | H51: 45261 | I51: 14:19 | J51: 0050 | L51: 0 | M51: 0
A52: Z102_01A_112023_MASSENA.CSV | C52: MC#01 | D52: TRANSACTION | E52: FILE102 | F52: ZZ1 | G52: 0071 | H52: 45261 | I52: 14:21 | J52: 0001 | K52: ESPECES | L52: 4 | M52: 1186
A53: Z102_01A_112023_MASSENA.CSV | C53: MC#01 | D53: TRANSACTION | E53: FILE102 | F53: ZZ1 | G53: 0071 | H53: 45261 | I53: 14:21 | J53: 0002 | K53: SOUS-TOTAL | L53: 0 | M53: 0
A54: Z102_01A_112023_MASSENA.CSV | C54: MC#01 | D54: TRANSACTION | E54: FILE102 | F54: ZZ1 | G54: 0071 | H54: 45261 | I54: 14:21 | J54: 0003 | K54: CARTES | L54: 2 | M54: 5204
A55: Z102_01A_112023_MASSENA.CSV | C55: MC#01 | D55: TRANSACTION | E55: FILE102 | F55: ZZ1 | G55: 0071 | H55: 45261 | I55: 14:21 | J55: 0004 | K55: CHEQUES | L55: 0 | M55: 0
A56: Z102_01A_112023_MASSENA.CSV | C56: MC#01 | D56: TRANSACTION | E56: FILE102 | F56: ZZ1 | G56: 0071 | H56: 45261 | I56: 14:21 | J56: 0005 | K56: AIDE | L56: 0 | M56: 0
A57: Z102_01A_112023_MASSENA.CSV | C57: MC#01 | D57: TRANSACTION | E57: FILE102 | F57: ZZ1 | G57: 0071 | H57: 45261 | I57: 14:21 | J57: 0006 | K57: TAX PGM | L57: 0 | M57: 0
A58: Z102_01A_112023_MASSENA.CSV | C58: MC#01 | D58: TRANSACTION | E58: FILE102 | F58: ZZ1 | G58: 0071 | H58: 45261 | I58: 14:21 | J58: 0007 | K58: SORTIECAISSE | L58: 0 | M58: 0
A59: Z102_01A_112023_MASSENA.CSV | C59: MC#01 | D59: TRANSACTION | E59: FILE102 | F59: ZZ1 | G59: 0071 | H59: 45261 | I59: 14:21 | J59: 0008 | K59: REC&ACCOMPTE | L59: 0 | M59: 0
A60: Z102_01A_112023_MASSENA.CSV | C60: MC#01 | D60: TRANSACTION | E60: FILE102 | F60: ZZ1 | G60: 0071 | H60: 45261 | I60: 14:21 | J60: 0009 | K60: SIGN-OFF | L60: 0 | M60: 0
A61: Z102_01A_112023_MASSENA.CSV | C61: MC#01 | D61: TRANSACTION | E61: FILE102 | F61: ZZ1 | G61: 0071 | H61: 45261 | I61: 14:21 | J61: 0010 | K61: NUM CAISSIER | L61: 0 | M61: 0
A62: Z102_01A_112023_MASSENA.CSV | C62: MC#01 | D62: TRANSACTION | E62: FILE102 | F62: ZZ1 | G62: 0071 | H62: 45261 | I62: 14:21 | J62: 0011 | K62: SHIFT/No | L62: 0 | M62: 0
A63: Z102_01A_112023_MASSENA.CSV | C63: MC#01 | D63: TRANSACTION | E63: FILE102 | F63: ZZ1 | G63: 0071 | H63: 45261 | I63: 14:21 | J63: 0012 | K63: DWN | L63: 0 | M63: 0
... A83: Z102_01A_112023_MASSENA.CSV | C83: MC#01 | D83: TRANSACTION | E83: FILE102 | F83: ZZ1 | G83: 0071 | H83: 45261 | I83: 14:21 | J83: 0032 | K83: ANNULATION | L83: 0 | M83: 0
A84: Z102_01A_112023_MASSENA.CSV | C84: MC#01 | D84: TRANSACTION | E84: FILE102 | F84: ZZ1 | G84: 0071 | H84: 45261 | I84: 14:21 | J84: 0033 | L84: 0 | M84: 0
A85: Z102_01A_112023_MASSENA.CSV | C85: MC#01 | D85: TRANSACTION | E85: FILE102 | F85: ZZ1 | G85: 0071 | H85: 45261 | I85: 14:21 | J85: 0034 | L85: 0 | M85: 0
A86: Z102_01A_112023_MASSENA.CSV | C86: MC#01 | D86: TRANSACTION | E86: FILE102 | F86: ZZ1 | G86: 0071 | H86: 45261 | I86: 14:21 | J86: 0035 | L86: 0 | M86: 0
A87: Z102_01A_112023_MASSENA.CSV | C87: MC#01 | D87: TRANSACTION | E87: FILE102 | F87: ZZ1 | G87: 0071 | H87: 45261 | I87: 14:21 | J87: 0036 | L87: 0 | M87: 0
A88: Z102_01A_112023_MASSENA.CSV | C88: MC#01 | D88: TRANSACTION | E88: FILE102 | F88: ZZ1 | G88: 0071 | H88: 45261 | I88: 14:21 | J88: 0037 | L88: 0 | M88: 0
A89: Z102_01A_112023_MASSENA.CSV | C89: MC#01 | D89: TRANSACTION | E89: FILE102 | F89: ZZ1 | G89: 0071 | H89: 45261 | I89: 14:21 | J89: 0038 | L89: 0 | M89: 0
A90: Z102_01A_112023_MASSENA.CSV | C90: MC#01 | D90: TRANSACTION | E90: FILE102 | F90: ZZ1 | G90: 0071 | H90: 45261 | I90: 14:21 | J90: 0039 | L90: 0 | M90: 0
A91: Z102_01A_112023_MASSENA.CSV | C91: MC#01 | D91: TRANSACTION | E91: FILE102 | F91: ZZ1 | G91: 0071 | H91: 45261 | I91: 14:21 | J91: 0040 | L91: 0 | M91: 0
A92: Z102_01A_112023_MASSENA.CSV | C92: MC#01 | D92: TRANSACTION | E92: FILE102 | F92: ZZ1 | G92: 0071 | H92: 45261 | I92: 14:21 | J92: 0041 | L92: 0 | M92: 0
A93: Z102_01A_112023_MASSENA.CSV | C93: MC#01 | D93: TRANSACTION | E93: FILE102 | F93: ZZ1 | G93: 0071 | H93: 45261 | I93: 14:21 | J93: 0042 | L93: 0 | M93: 0
A94: Z102_01A_112023_MASSENA.CSV | C94: MC#01 | D94: TRANSACTION | E94: FILE102 | F94: ZZ1 | G94: 0071 | H94: 45261 | I94: 14:21 | J94: 0043 | L94: 0 | M94: 0
A95: Z102_01A_112023_MASSENA.CSV | C95: MC#01 | D95: TRANSACTION | E95: FILE102 | F95: ZZ1 | G95: 0071 | H95: 45261 | I95: 14:21 | J95: 0044 | L95: 0 | M95: 0
... A101: Z102_01A_112023_MASSENA.CSV | C101: MC#01 | D101: TRANSACTION | E101: FILE102 | F101: ZZ1 | G101: 0071 | H101: 45261 | I101: 14:21 | J101: 0050 | L101: 0 | M101: 0
A102: Z102_01_032023_MASSENA.CSV | C102: MC#01 | D102: TRANSACTION | E102: FILE102 | F102: ZZ1 | G102: 0063 | H102: 45017 | I102: 10:35 | J102: 0001 | K102: ESPECES | L102: 42 | M102: 28212
A103: Z102_01_032023_MASSENA.CSV | C103: MC#01 | D103: TRANSACTION | E103: FILE102 | F103: ZZ1 | G103: 0063 | H103: 45017 | I103: 10:35 | J103: 0002 | K103: SOUS-TOTAL | L103: 0 | M103: 0
A104: Z102_01_032023_MASSENA.CSV | C104: MC#01 | D104: TRANSACTION | E104: FILE102 | F104: ZZ1 | G104: 0063 | H104: 45017 | I104: 10:35 | J104: 0003 | K104: CARTES | L104: 10 | M104: 4414
A105: Z102_01_032023_MASSENA.CSV | C105: MC#01 | D105: TRANSACTION | E105: FILE102 | F105: ZZ1 | G105: 0063 | H105: 45017 | I105: 10:35 | J105: 0004 | K105: CHEQUES | L105: 1 | M105: 987
A106: Z102_01_032023_MASSENA.CSV | C106: MC#01 | D106: TRANSACTION | E106: FILE102 | F106: ZZ1 | G106: 0063 | H106: 45017 | I106: 10:35 | J106: 0005 | K106: AIDE | L106: 0 | M106: 0
A107: Z102_01_032023_MASSENA.CSV | C107: MC#01 | D107: TRANSACTION | E107: FILE102 | F107: ZZ1 | G107: 0063 | H107: 45017 | I107: 10:35 | J107: 0006 | K107: TAX PGM | L107: 0 | M107: 0
A108: Z102_01_032023_MASSENA.CSV | C108: MC#01 | D108: TRANSACTION | E108: FILE102 | F108: ZZ1 | G108: 0063 | H108: 45017 | I108: 10:35 | J108: 0007 | K108: SORTIECAISSE | L108: 0 | M108: 0
A109: Z102_01_032023_MASSENA.CSV | C109: MC#01 | D109: TRANSACTION | E109: FILE102 | F109: ZZ1 | G109: 0063 | H109: 45017 | I109: 10:35 | J109: 0008 | K109: REC&ACCOMPTE | L109: 0 | M109: 0
A110: Z102_01_032023_MASSENA.CSV | C110: MC#01 | D110: TRANSACTION | E110: FILE102 | F110: ZZ1 | G110: 0063 | H110: 45017 | I110: 10:35 | J110: 0009 | K110: SIGN-OFF | L110: 0 | M110: 0
A111: Z102_01_032023_MASSENA.CSV | C111: MC#01 | D111: TRANSACTION | E111: FILE102 | F111: ZZ1 | G111: 0063 | H111: 45017 | I111: 10:35 | J111: 0010 | K111: NUM CAISSIER | L111: 0 | M111: 0
A112: Z102_01_032023_MASSENA.CSV | C112: MC#01 | D112: TRANSACTION | E112: FILE102 | F112: ZZ1 | G112: 0063 | H112: 45017 | I112: 10:35 | J112: 0011 | K112: SHIFT/No | L112: 0 | M112: 0
A113: Z102_01_032023_MASSENA.CSV | C113: MC#01 | D113: TRANSACTION | E113: FILE102 | F113: ZZ1 | G113: 0063 | H113: 45017 | I113: 10:35 | J113: 0012 | K113: DWN | L113: 0 | M113: 0
... A133: Z102_01_032023_MASSENA.CSV | C133: MC#01 | D133: TRANSACTION | E133: FILE102 | F133: ZZ1 | G133: 0063 | H133: 45017 | I133: 10:35 | J133: 0032 | K133: ANNULATION | L133: 0 | M133: 0
A134: Z102_01_032023_MASSENA.CSV | C134: MC#01 | D134: TRANSACTION | E134: FILE102 | F134: ZZ1 | G134: 0063 | H134: 45017 | I134: 10:35 | J134: 0033 | L134: 0 | M134: 0
A135: Z102_01_032023_MASSENA.CSV | C135: MC#01 | D135: TRANSACTION | E135: FILE102 | F135: ZZ1 | G135: 0063 | H135: 45017 | I135: 10:35 | J135: 0034 | L135: 0 | M135: 0
A136: Z102_01_032023_MASSENA.CSV | C136: MC#01 | D136: TRANSACTION | E136: FILE102 | F136: ZZ1 | G136: 0063 | H136: 45017 | I136: 10:35 | J136: 0035 | L136: 0 | M136: 0
A137: Z102_01_032023_MASSENA.CSV | C137: MC#01 | D137: TRANSACTION | E137: FILE102 | F137: ZZ1 | G137: 0063 | H137: 45017 | I137: 10:35 | J137: 0036 | L137: 0 | M137: 0
A138: Z102_01_032023_MASSENA.CSV | C138: MC#01 | D138: TRANSACTION | E138: FILE102 | F138: ZZ1 | G138: 0063 | H138: 45017 | I138: 10:35 | J138: 0037 | L138: 0 | M138: 0
A139: Z102_01_032023_MASSENA.CSV | C139: MC#01 | D139: TRANSACTION | E139: FILE102 | F139: ZZ1 | G139: 0063 | H139: 45017 | I139: 10:35 | J139: 0038 | L139: 0 | M139: 0
A140: Z102_01_032023_MASSENA.CSV | C140: MC#01 | D140: TRANSACTION | E140: FILE102 | F140: ZZ1 | G140: 0063 | H140: 45017 | I140: 10:35 | J140: 0039 | L140: 0 | M140: 0
A141: Z102_01_032023_MASSENA.CSV | C141: MC#01 | D141: TRANSACTION | E141: FILE102 | F141: ZZ1 | G141: 0063 | H141: 45017 | I141: 10:35 | J141: 0040 | L141: 0 | M141: 0
A142: Z102_01_032023_MASSENA.CSV | C142: MC#01 | D142: TRANSACTION | E142: FILE102 | F142: ZZ1 | G142: 0063 | H142: 45017 | I142: 10:35 | J142: 0041 | L142: 0 | M142: 0
A143: Z102_01_032023_MASSENA.CSV | C143: MC#01 | D143: TRANSACTION | E143: FILE102 | F143: ZZ1 | G143: 0063 | H143: 45017 | I143: 10:35 | J143: 0042 | L143: 0 | M143: 0
A144: Z102_01_032023_MASSENA.CSV | C144: MC#01 | D144: TRANSACTION | E144: FILE102 | F144: ZZ1 | G144: 0063 | H144: 45017 | I144: 10:35 | J144: 0043 | L144: 0 | M144: 0
A145: Z102_01_032023_MASSENA.CSV | C145: MC#01 | D145: TRANSACTION | E145: FILE102 | F145: ZZ1 | G145: 0063 | H145: 45017 | I145: 10:35 | J145: 0044 | L145: 0 | M145: 0
... A151: Z102_01_032023_MASSENA.CSV | C151: MC#01 | D151: TRANSACTION | E151: FILE102 | F151: ZZ1 | G151: 0063 | H151: 45017 | I151: 10:35 | J151: 0050 | L151: 0 | M151: 0
A152: Z102_01_052023_MASSENA.CSV | C152: MC#01 | D152: TRANSACTION | E152: FILE102 | F152: ZZ1 | G152: 0065 | H152: 45078 | I152: 10:11 | J152: 0001 | K152: ESPECES | L152: 28 | M152: 16910
A153: Z102_01_052023_MASSENA.CSV | C153: MC#01 | D153: TRANSACTION | E153: FILE102 | F153: ZZ1 | G153: 0065 | H153: 45078 | I153: 10:11 | J153: 0002 | K153: SOUS-TOTAL | L153: 0 | M153: 0
A154: Z102_01_052023_MASSENA.CSV | C154: MC#01 | D154: TRANSACTION | E154: FILE102 | F154: ZZ1 | G154: 0065 | H154: 45078 | I154: 10:11 | J154: 0003 | K154: CARTES | L154: 19 | M154: 23452
A155: Z102_01_052023_MASSENA.CSV | C155: MC#01 | D155: TRANSACTION | E155: FILE102 | F155: ZZ1 | G155: 0065 | H155: 45078 | I155: 10:11 | J155: 0004 | K155: CHEQUES | L155: 0 | M155: 0
A156: Z102_01_052023_MASSENA.CSV | C156: MC#01 | D156: TRANSACTION | E156: FILE102 | F156: ZZ1 | G156: 0065 | H156: 45078 | I156: 10:11 | J156: 0005 | K156: AIDE | L156: 0 | M156: 0
A157: Z102_01_052023_MASSENA.CSV | C157: MC#01 | D157: TRANSACTION | E157: FILE102 | F157: ZZ1 | G157: 0065 | H157: 45078 | I157: 10:11 | J157: 0006 | K157: TAX PGM | L157: 0 | M157: 0
A158: Z102_01_052023_MASSENA.CSV | C158: MC#01 | D158: TRANSACTION | E158: FILE102 | F158: ZZ1 | G158: 0065 | H158: 45078 | I158: 10:11 | J158: 0007 | K158: SORTIECAISSE | L158: 0 | M158: 0
A159: Z102_01_052023_MASSENA.CSV | C159: MC#01 | D159: TRANSACTION | E159: FILE102 | F159: ZZ1 | G159: 0065 | H159: 45078 | I159: 10:11 | J159: 0008 | K159: REC&ACCOMPTE | L159: 0 | M159: 0
A160: Z102_01_052023_MASSENA.CSV | C160: MC#01 | D160: TRANSACTION | E160: FILE102 | F160: ZZ1 | G160: 0065 | H160: 45078 | I160: 10:11 | J160: 0009 | K160: SIGN-OFF | L160: 0 | M160: 0
A161: Z102_01_052023_MASSENA.CSV | C161: MC#01 | D161: TRANSACTION | E161: FILE102 | F161: ZZ1 | G161: 0065 | H161: 45078 | I161: 10:11 | J161: 0010 | K161: NUM CAISSIER | L161: 0 | M161: 0
A162: Z102_01_052023_MASSENA.CSV | C162: MC#01 | D162: TRANSACTION | E162: FILE102 | F162: ZZ1 | G162: 0065 | H162: 45078 | I162: 10:11 | J162: 0011 | K162: SHIFT/No | L162: 0 | M162: 0
A163: Z102_01_052023_MASSENA.CSV | C163: MC#01 | D163: TRANSACTION | E163: FILE102 | F163: ZZ1 | G163: 0065 | H163: 45078 | I163: 10:11 | J163: 0012 | K163: DWN | L163: 0 | M163: 0
... A183: Z102_01_052023_MASSENA.CSV | C183: MC#01 | D183: TRANSACTION | E183: FILE102 | F183: ZZ1 | G183: 0065 | H183: 45078 | I183: 10:11 | J183: 0032 | K183: ANNULATION | L183: 0 | M183: 0
A184: Z102_01_052023_MASSENA.CSV | C184: MC#01 | D184: TRANSACTION | E184: FILE102 | F184: ZZ1 | G184: 0065 | H184: 45078 | I184: 10:11 | J184: 0033 | L184: 0 | M184: 0
A185: Z102_01_052023_MASSENA.CSV | C185: MC#01 | D185: TRANSACTION | E185: FILE102 | F185: ZZ1 | G185: 0065 | H185: 45078 | I185: 10:11 | J185: 0034 | L185: 0 | M185: 0
A186: Z102_01_052023_MASSENA.CSV | C186: MC#01 | D186: TRANSACTION | E186: FILE102 | F186: ZZ1 | G186: 0065 | H186: 45078 | I186: 10:11 | J186: 0035 | L186: 0 | M186: 0
A187: Z102_01_052023_MASSENA.CSV | C187: MC#01 | D187: TRANSACTION | E187: FILE102 | F187: ZZ1 | G187: 0065 | H187: 45078 | I187: 10:11 | J187: 0036 | L187: 0 | M187: 0
A188: Z102_01_052023_MASSENA.CSV | C188: MC#01 | D188: TRANSACTION | E188: FILE102 | F188: ZZ1 | G188: 0065 | H188: 45078 | I188: 10:11 | J188: 0037 | L188: 0 | M188: 0
A189: Z102_01_052023_MASSENA.CSV | C189: MC#01 | D189: TRANSACTION | E189: FILE102 | F189: ZZ1 | G189: 0065 | H189: 45078 | I189: 10:11 | J189: 0038 | L189: 0 | M189: 0
A190: Z102_01_052023_MASSENA.CSV | C190: MC#01 | D190: TRANSACTION | E190: FILE102 | F190: ZZ1 | G190: 0065 | H190: 45078 | I190: 10:11 | J190: 0039 | L190: 0 | M190: 0
A191: Z102_01_052023_MASSENA.CSV | C191: MC#01 | D191: TRANSACTION | E191: FILE102 | F191: ZZ1 | G191: 0065 | H191: 45078 | I191: 10:11 | J191: 0040 | L191: 0 | M191: 0
...

Sheet Z2_CplteAnneeMois
A1: nomfichier | B1: E_MODELE | C1: E_MACHINE | D1: E_RAPPORT | E1: E_FICHIER | F1: E_MODE | G1: E_COMPTEUR_Z | H1: E_DATE | I1: E_HEURE | J1: D_ENREGISTREMENT | K1: D_DESIGNATION | L1: D_QUANTITE | M1: D_MONTANT | N1: AJ_ANNEE_Z | O1: AJ_MOIS_Z
A2: Z002_01_112023_MASSENA.CSV | C2: MC#01 | D2: TRANSACTION | E2: FILE002 | F2: Z | G2: 0019 | H2: 45261 | I2: 14:19 | J2: 0001 | K2: ESPECES | L2: 796 | M2: 466079.5 | N2: 2023 | O2: 2023-11
A3: Z002_01_112023_MASSENA.CSV | C3: MC#01 | D3: TRANSACTION | E3: FILE002 | F3: Z | G3: 0019 | H3: 45261 | I3: 14:19 | J3: 0002 | K3: SOUS-TOTAL | L3: 0 | M3: 0 | N3: 2023 | O3: 2023-11
A4: Z002_01_112023_MASSENA.CSV | C4: MC#01 | D4: TRANSACTION | E4: FILE002 | F4: Z | G4: 0019 | H4: 45261 | I4: 14:19 | J4: 0003 | K4: CARTES | L4: 286 | M4: 243418 | N4: 2023 | O4: 2023-11
A5: Z002_01_112023_MASSENA.CSV | C5: MC#01 | D5: TRANSACTION | E5: FILE002 | F5: Z | G5: 0019 | H5: 45261 | I5: 14:19 | J5: 0004 | K5: CHEQUES | L5: 2 | M5: 7029 | N5: 2023 | O5: 2023-11
A6: Z002_01_112023_MASSENA.CSV | C6: MC#01 | D6: TRANSACTION | E6: FILE002 | F6: Z | G6: 0019 | H6: 45261 | I6: 14:19 | J6: 0005 | K6: AIDE | L6: 0 | M6: 0 | N6: 2023 | O6: 2023-11
A7: Z002_01_112023_MASSENA.CSV | C7: MC#01 | D7: TRANSACTION | E7: FILE002 | F7: Z | G7: 0019 | H7: 45261 | I7: 14:19 | J7: 0006 | K7: TAX PGM | L7: 0 | M7: 0 | N7: 2023 | O7: 2023-11
A8: Z002_01_112023_MASSENA.CSV | C8: MC#01 | D8: TRANSACTION | E8: FILE002 | F8: Z | G8: 0019 | H8: 45261 | I8: 14:19 | J8: 0007 | K8: SORTIECAISSE | L8: 0 | M8: 0 | N8: 2023 | O8: 2023-11
A9: Z002_01_112023_MASSENA.CSV | C9: MC#01 | D9: TRANSACTION | E9: FILE002 | F9: Z | G9: 0019 | H9: 45261 | I9: 14:19 | J9: 0008 | K9: REC&ACCOMPTE | L9: 0 | M9: 0 | N9: 2023 | O9: 2023-11
A10: Z002_01_112023_MASSENA.CSV | C10: MC#01 | D10: TRANSACTION | E10: FILE002 | F10: Z | G10: 0019 | H10: 45261 | I10: 14:19 | J10: 0009 | K10: SIGN-OFF | L10: 0 | M10: 0 | N10: 2023 | O10: 2023-11
A11: Z002_01_112023_MASSENA.CSV | C11: MC#01 | D11: TRANSACTION | E11: FILE002 | F11: Z | G11: 0019 | H11: 45261 | I11: 14:19 | J11: 0010 | K11: NUM CAISSIER | L11: 0 | M11: 0 | N11: 2023 | O11: 2023-11
A12: Z002_01_112023_MASSENA.CSV | C12: MC#01 | D12: TRANSACTION | E12: FILE002 | F12: Z | G12: 0019 | H12: 45261 | I12: 14:19 | J12: 0011 | K12: SHIFT/No | L12: 0 | M12: 0 | N12: 2023 | O12: 2023-11
A13: Z002_01_112023_MASSENA.CSV | C13: MC#01 | D13: TRANSACTION | E13: FILE002 | F13: Z | G13: 0019 | H13: 45261 | I13: 14:19 | J13: 0012 | K13: DWN | L13: 0 | M13: 0 | N13: 2023 | O13: 2023-11
... A33: Z002_01_112023_MASSENA.CSV | C33: MC#01 | D33: TRANSACTION | E33: FILE002 | F33: Z | G33: 0019 | H33: 45261 | I33: 14:19 | J33: 0032 | K33: ANNULATION | L33: 0 | M33: 0 | N33: 2023 | O33: 2023-11
A34: Z002_01_112023_MASSENA.CSV | C34: MC#01 | D34: TRANSACTION | E34: FILE002 | F34: Z | G34: 0019 | H34: 45261 | I34: 14:19 | J34: 0033 | L34: 0 | M34: 0 | N34: 2023 | O34: 2023-11
A35: Z002_01_112023_MASSENA.CSV | C35: MC#01 | D35: TRANSACTION | E35: FILE002 | F35: Z | G35: 0019 | H35: 45261 | I35: 14:19 | J35: 0034 | L35: 0 | M35: 0 | N35: 2023 | O35: 2023-11
A36: Z002_01_112023_MASSENA.CSV | C36: MC#01 | D36: TRANSACTION | E36: FILE002 | F36: Z | G36: 0019 | H36: 45261 | I36: 14:19 | J36: 0035 | L36: 0 | M36: 0 | N36: 2023 | O36: 2023-11
A37: Z002_01_112023_MASSENA.CSV | C37: MC#01 | D37: TRANSACTION | E37: FILE002 | F37: Z | G37: 0019 | H37: 45261 | I37: 14:19 | J37: 0036 | L37: 0 | M37: 0 | N37: 2023 | O37: 2023-11
A38: Z002_01_112023_MASSENA.CSV | C38: MC#01 | D38: TRANSACTION | E38: FILE002 | F38: Z | G38: 0019 | H38: 45261 | I38: 14:19 | J38: 0037 | L38: 0 | M38: 0 | N38: 2023 | O38: 2023-11
A39: Z002_01_112023_MASSENA.CSV | C39: MC#01 | D39: TRANSACTION | E39: FILE002 | F39: Z | G39: 0019 | H39: 45261 | I39: 14:19 | J39: 0038 | L39: 0 | M39: 0 | N39: 2023 | O39: 2023-11
A40: Z002_01_112023_MASSENA.CSV | C40: MC#01 | D40: TRANSACTION | E40: FILE002 | F40: Z | G40: 0019 | H40: 45261 | I40: 14:19 | J40: 0039 | L40: 0 | M40: 0 | N40: 2023 | O40: 2023-11
A41: Z002_01_112023_MASSENA.CSV | C41: MC#01 | D41: TRANSACTION | E41: FILE002 | F41: Z | G41: 0019 | H41: 45261 | I41: 14:19 | J41: 0040 | L41: 0 | M41: 0 | N41: 2023 | O41: 2023-11
A42: Z002_01_112023_MASSENA.CSV | C42: MC#01 | D42: TRANSACTION | E42: FILE002 | F42: Z | G42: 0019 | H42: 45261 | I42: 14:19 | J42: 0041 | L42: 0 | M42: 0 | N42: 2023 | O42: 2023-11
A43: Z002_01_112023_MASSENA.CSV | C43: MC#01 | D43: TRANSACTION | E43: FILE002 | F43: Z | G43: 0019 | H43: 45261 | I43: 14:19 | J43: 0042 | L43: 0 | M43: 0 | N43: 2023 | O43: 2023-11
A44: Z002_01_112023_MASSENA.CSV | C44: MC#01 | D44: TRANSACTION | E44: FILE002 | F44: Z | G44: 0019 | H44: 45261 | I44: 14:19 | J44: 0043 | L44: 0 | M44: 0 | N44: 2023 | O44: 2023-11
A45: Z002_01_112023_MASSENA.CSV | C45: MC#01 | D45: TRANSACTION | E45: FILE002 | F45: Z | G45: 0019 | H45: 45261 | I45: 14:19 | J45: 0044 | L45: 0 | M45: 0 | N45: 2023 | O45: 2023-11
... A51: Z002_01_112023_MASSENA.CSV | C51: MC#01 | D51: TRANSACTION | E51: FILE002 | F51: Z | G51: 0019 | H51: 45261 | I51: 14:19 | J51: 0050 | L51: 0 | M51: 0 | N51: 2023 | O51: 2023-11
A52: Z102_01A_112023_MASSENA.CSV | C52: MC#01 | D52: TRANSACTION | E52: FILE102 | F52: ZZ1 | G52: 0071 | H52: 45261 | I52: 14:21 | J52: 0001 | K52: ESPECES | L52: 4 | M52: 1186 | N52: 2023 | O52: 2023-11
A53: Z102_01A_112023_MASSENA.CSV | C53: MC#01 | D53: TRANSACTION | E53: FILE102 | F53: ZZ1 | G53: 0071 | H53: 45261 | I53: 14:21 | J53: 0002 | K53: SOUS-TOTAL | L53: 0 | M53: 0 | N53: 2023 | O53: 2023-11
A54: Z102_01A_112023_MASSENA.CSV | C54: MC#01 | D54: TRANSACTION | E54: FILE102 | F54: ZZ1 | G54: 0071 | H54: 45261 | I54: 14:21 | J54: 0003 | K54: CARTES | L54: 2 | M54: 5204 | N54: 2023 | O54: 2023-11
A55: Z102_01A_112023_MASSENA.CSV | C55: MC#01 | D55: TRANSACTION | E55: FILE102 | F55: ZZ1 | G55: 0071 | H55: 45261 | I55: 14:21 | J55: 0004 | K55: CHEQUES | L55: 0 | M55: 0 | N55: 2023 | O55: 2023-11
A56: Z102_01A_112023_MASSENA.CSV | C56: MC#01 | D56: TRANSACTION | E56: FILE102 | F56: ZZ1 | G56: 0071 | H56: 45261 | I56: 14:21 | J56: 0005 | K56: AIDE | L56: 0 | M56: 0 | N56: 2023 | O56: 2023-11
A57: Z102_01A_112023_MASSENA.CSV | C57: MC#01 | D57: TRANSACTION | E57: FILE102 | F57: ZZ1 | G57: 0071 | H57: 45261 | I57: 14:21 | J57: 0006 | K57: TAX PGM | L57: 0 | M57: 0 | N57: 2023 | O57: 2023-11
A58: Z102_01A_112023_MASSENA.CSV | C58: MC#01 | D58: TRANSACTION | E58: FILE102 | F58: ZZ1 | G58: 0071 | H58: 45261 | I58: 14:21 | J58: 0007 | K58: SORTIECAISSE | L58: 0 | M58: 0 | N58: 2023 | O58: 2023-11
A59: Z102_01A_112023_MASSENA.CSV | C59: MC#01 | D59: TRANSACTION | E59: FILE102 | F59: ZZ1 | G59: 0071 | H59: 45261 | I59: 14:21 | J59: 0008 | K59: REC&ACCOMPTE | L59: 0 | M59: 0 | N59: 2023 | O59: 2023-11
A60: Z102_01A_112023_MASSENA.CSV | C60: MC#01 | D60: TRANSACTION | E60: FILE102 | F60: ZZ1 | G60: 0071 | H60: 45261 | I60: 14:21 | J60: 0009 | K60: SIGN-OFF | L60: 0 | M60: 0 | N60: 2023 | O60: 2023-11
A61: Z102_01A_112023_MASSENA.CSV | C61: MC#01 | D61: TRANSACTION | E61: FILE102 | F61: ZZ1 | G61: 0071 | H61: 45261 | I61: 14:21 | J61: 0010 | K61: NUM CAISSIER | L61: 0 | M61: 0 | N61: 2023 | O61: 2023-11
A62: Z102_01A_112023_MASSENA.CSV | C62: MC#01 | D62: TRANSACTION | E62: FILE102 | F62: ZZ1 | G62: 0071 | H62: 45261 | I62: 14:21 | J62: 0011 | K62: SHIFT/No | L62: 0 | M62: 0 | N62: 2023 | O62: 2023-11
A63: Z102_01A_112023_MASSENA.CSV | C63: MC#01 | D63: TRANSACTION | E63: FILE102 | F63: ZZ1 | G63: 0071 | H63: 45261 | I63: 14:21 | J63: 0012 | K63: DWN | L63: 0 | M63: 0 | N63: 2023 | O63: 2023-11
... A83: Z102_01A_112023_MASSENA.CSV | C83: MC#01 | D83: TRANSACTION | E83: FILE102 | F83: ZZ1 | G83: 0071 | H83: 45261 | I83: 14:21 | J83: 0032 | K83: ANNULATION | L83: 0 | M83: 0 | N83: 2023 | O83: 2023-11
A84: Z102_01A_112023_MASSENA.CSV | C84: MC#01 | D84: TRANSACTION | E84: FILE102 | F84: ZZ1 | G84: 0071 | H84: 45261 | I84: 14:21 | J84: 0033 | L84: 0 | M84: 0 | N84: 2023 | O84: 2023-11
A85: Z102_01A_112023_MASSENA.CSV | C85: MC#01 | D85: TRANSACTION | E85: FILE102 | F85: ZZ1 | G85: 0071 | H85: 45261 | I85: 14:21 | J85: 0034 | L85: 0 | M85: 0 | N85: 2023 | O85: 2023-11
A86: Z102_01A_112023_MASSENA.CSV | C86: MC#01 | D86: TRANSACTION | E86: FILE102 | F86: ZZ1 | G86: 0071 | H86: 45261 | I86: 14:21 | J86: 0035 | L86: 0 | M86: 0 | N86: 2023 | O86: 2023-11
A87: Z102_01A_112023_MASSENA.CSV | C87: MC#01 | D87: TRANSACTION | E87: FILE102 | F87: ZZ1 | G87: 0071 | H87: 45261 | I87: 14:21 | J87: 0036 | L87: 0 | M87: 0 | N87: 2023 | O87: 2023-11
A88: Z102_01A_112023_MASSENA.CSV | C88: MC#01 | D88: TRANSACTION | E88: FILE102 | F88: ZZ1 | G88: 0071 | H88: 45261 | I88: 14:21 | J88: 0037 | L88: 0 | M88: 0 | N88: 2023 | O88: 2023-11
A89: Z102_01A_112023_MASSENA.CSV | C89: MC#01 | D89: TRANSACTION | E89: FILE102 | F89: ZZ1 | G89: 0071 | H89: 45261 | I89: 14:21 | J89: 0038 | L89: 0 | M89: 0 | N89: 2023 | O89: 2023-11
A90: Z102_01A_112023_MASSENA.CSV | C90: MC#01 | D90: TRANSACTION | E90: FILE102 | F90: ZZ1 | G90: 0071 | H90: 45261 | I90: 14:21 | J90: 0039 | L90: 0 | M90: 0 | N90: 2023 | O90: 2023-11
A91: Z102_01A_112023_MASSENA.CSV | C91: MC#01 | D91: TRANSACTION | E91: FILE102 | F91: ZZ1 | G91: 0071 | H91: 45261 | I91: 14:21 | J91: 0040 | L91: 0 | M91: 0 | N91: 2023 | O91: 2023-11
A92: Z102_01A_112023_MASSENA.CSV | C92: MC#01 | D92: TRANSACTION | E92: FILE102 | F92: ZZ1 | G92: 0071 | H92: 45261 | I92: 14:21 | J92: 0041 | L92: 0 | M92: 0 | N92: 2023 | O92: 2023-11
A93: Z102_01A_112023_MASSENA.CSV | C93: MC#01 | D93: TRANSACTION | E93: FILE102 | F93: ZZ1 | G93: 0071 | H93: 45261 | I93: 14:21 | J93: 0042 | L93: 0 | M93: 0 | N93: 2023 | O93: 2023-11
A94: Z102_01A_112023_MASSENA.CSV | C94: MC#01 | D94: TRANSACTION | E94: FILE102 | F94: ZZ1 | G94: 0071 | H94: 45261 | I94: 14:21 | J94: 0043 | L94: 0 | M94: 0 | N94: 2023 | O94: 2023-11
A95: Z102_01A_112023_MASSENA.CSV | C95: MC#01 | D95: TRANSACTION | E95: FILE102 | F95: ZZ1 | G95: 0071 | H95: 45261 | I95: 14:21 | J95: 0044 | L95: 0 | M95: 0 | N95: 2023 | O95: 2023-11
... A101: Z102_01A_112023_MASSENA.CSV | C101: MC#01 | D101: TRANSACTION | E101: FILE102 | F101: ZZ1 | G101: 0071 | H101: 45261 | I101: 14:21 | J101: 0050 | L101: 0 | M101: 0 | N101: 2023 | O101: 2023-11
A102: Z102_01_032023_MASSENA.CSV | C102: MC#01 | D102: TRANSACTION | E102: FILE102 | F102: ZZ1 | G102: 0063 | H102: 45017 | I102: 10:35 | J102: 0001 | K102: ESPECES | L102: 42 | M102: 28212 | N102: 2023 | O102: 2023-03
A103: Z102_01_032023_MASSENA.CSV | C103: MC#01 | D103: TRANSACTION | E103: FILE102 | F103: ZZ1 | G103: 0063 | H103: 45017 | I103: 10:35 | J103: 0002 | K103: SOUS-TOTAL | L103: 0 | M103: 0 | N103: 2023 | O103: 2023-03
A104: Z102_01_032023_MASSENA.CSV | C104: MC#01 | D104: TRANSACTION | E104: FILE102 | F104: ZZ1 | G104: 0063 | H104: 45017 | I104: 10:35 | J104: 0003 | K104: CARTES | L104: 10 | M104: 4414 | N104: 2023 | O104: 2023-03
A105: Z102_01_032023_MASSENA.CSV | C105: MC#01 | D105: TRANSACTION | E105: FILE102 | F105: ZZ1 | G105: 0063 | H105: 45017 | I105: 10:35 | J105: 0004 | K105: CHEQUES | L105: 1 | M105: 987 | N105: 2023 | O105: 2023-03
A106: Z102_01_032023_MASSENA.CSV | C106: MC#01 | D106: TRANSACTION | E106: FILE102 | F106: ZZ1 | G106: 0063 | H106: 45017 | I106: 10:35 | J106: 0005 | K106: AIDE | L106: 0 | M106: 0 | N106: 2023 | O106: 2023-03
A107: Z102_01_032023_MASSENA.CSV | C107: MC#01 | D107: TRANSACTION | E107: FILE102 | F107: ZZ1 | G107: 0063 | H107: 45017 | I107: 10:35 | J107: 0006 | K107: TAX PGM | L107: 0 | M107: 0 | N107: 2023 | O107: 2023-03
A108: Z102_01_032023_MASSENA.CSV | C108: MC#01 | D108: TRANSACTION | E108: FILE102 | F108: ZZ1 | G108: 0063 | H108: 45017 | I108: 10:35 | J108: 0007 | K108: SORTIECAISSE | L108: 0 | M108: 0 | N108: 2023 | O108: 2023-03
A109: Z102_01_032023_MASSENA.CSV | C109: MC#01 | D109: TRANSACTION | E109: FILE102 | F109: ZZ1 | G109: 0063 | H109: 45017 | I109: 10:35 | J109: 0008 | K109: REC&ACCOMPTE | L109: 0 | M109: 0 | N109: 2023 | O109: 2023-03
A110: Z102_01_032023_MASSENA.CSV | C110: MC#01 | D110: TRANSACTION | E110: FILE102 | F110: ZZ1 | G110: 0063 | H110: 45017 | I110: 10:35 | J110: 0009 | K110: SIGN-OFF | L110: 0 | M110: 0 | N110: 2023 | O110: 2023-03
A111: Z102_01_032023_MASSENA.CSV | C111: MC#01 | D111: TRANSACTION | E111: FILE102 | F111: ZZ1 | G111: 0063 | H111: 45017 | I111: 10:35 | J111: 0010 | K111: NUM CAISSIER | L111: 0 | M111: 0 | N111: 2023 | O111: 2023-03
A112: Z102_01_032023_MASSENA.CSV | C112: MC#01 | D112: TRANSACTION | E112: FILE102 | F112: ZZ1 | G112: 0063 | H112: 45017 | I112: 10:35 | J112: 0011 | K112: SHIFT/No | L112: 0 | M112: 0 | N112: 2023 | O112: 2023-03
A113: Z102_01_032023_MASSENA.CSV | C113: MC#01 | D113: TRANSACTION | E113: FILE102 | F113: ZZ1 | G113: 0063 | H113: 45017 | I113: 10:35 | J113: 0012 | K113: DWN | L113: 0 | M113: 0 | N113: 2023 | O113: 2023-03
... A133: Z102_01_032023_MASSENA.CSV | C133: MC#01 | D133: TRANSACTION | E133: FILE102 | F133: ZZ1 | G133: 0063 | H133: 45017 | I133: 10:35 | J133: 0032 | K133: ANNULATION | L133: 0 | M133: 0 | N133: 2023 | O133: 2023-03
A134: Z102_01_032023_MASSENA.CSV | C134: MC#01 | D134: TRANSACTION | E134: FILE102 | F134: ZZ1 | G134: 0063 | H134: 45017 | I134: 10:35 | J134: 0033 | L134: 0 | M134: 0 | N134: 2023 | O134: 2023-03
A135: Z102_01_032023_MASSENA.CSV | C135: MC#01 | D135: TRANSACTION | E135: FILE102 | F135: ZZ1 | G135: 0063 | H135: 45017 | I135: 10:35 | J135: 0034 | L135: 0 | M135: 0 | N135: 2023 | O135: 2023-03
A136: Z102_01_032023_MASSENA.CSV | C136: MC#01 | D136: TRANSACTION | E136: FILE102 | F136: ZZ1 | G136: 0063 | H136: 45017 | I136: 10:35 | J136: 0035 | L136: 0 | M136: 0 | N136: 2023 | O136: 2023-03
A137: Z102_01_032023_MASSENA.CSV | C137: MC#01 | D137: TRANSACTION | E137: FILE102 | F137: ZZ1 | G137: 0063 | H137: 45017 | I137: 10:35 | J137: 0036 | L137: 0 | M137: 0 | N137: 2023 | O137: 2023-03
A138: Z102_01_032023_MASSENA.CSV | C138: MC#01 | D138: TRANSACTION | E138: FILE102 | F138: ZZ1 | G138: 0063 | H138: 45017 | I138: 10:35 | J138: 0037 | L138: 0 | M138: 0 | N138: 2023 | O138: 2023-03
A139: Z102_01_032023_MASSENA.CSV | C139: MC#01 | D139: TRANSACTION | E139: FILE102 | F139: ZZ1 | G139: 0063 | H139: 45017 | I139: 10:35 | J139: 0038 | L139: 0 | M139: 0 | N139: 2023 | O139: 2023-03
A140: Z102_01_032023_MASSENA.CSV | C140: MC#01 | D140: TRANSACTION | E140: FILE102 | F140: ZZ1 | G140: 0063 | H140: 45017 | I140: 10:35 | J140: 0039 | L140: 0 | M140: 0 | N140: 2023 | O140: 2023-03
A141: Z102_01_032023_MASSENA.CSV | C141: MC#01 | D141: TRANSACTION | E141: FILE102 | F141: ZZ1 | G141: 0063 | H141: 45017 | I141: 10:35 | J141: 0040 | L141: 0 | M141: 0 | N141: 2023 | O141: 2023-03
A142: Z102_01_032023_MASSENA.CSV | C142: MC#01 | D142: TRANSACTION | E142: FILE102 | F142: ZZ1 | G142: 0063 | H142: 45017 | I142: 10:35 | J142: 0041 | L142: 0 | M142: 0 | N142: 2023 | O142: 2023-03
A143: Z102_01_032023_MASSENA.CSV | C143: MC#01 | D143: TRANSACTION | E143: FILE102 | F143: ZZ1 | G143: 0063 | H143: 45017 | I143: 10:35 | J143: 0042 | L143: 0 | M143: 0 | N143: 2023 | O143: 2023-03
A144: Z102_01_032023_MASSENA.CSV | C144: MC#01 | D144: TRANSACTION | E144: FILE102 | F144: ZZ1 | G144: 0063 | H144: 45017 | I144: 10:35 | J144: 0043 | L144: 0 | M144: 0 | N144: 2023 | O144: 2023-03
A145: Z102_01_032023_MASSENA.CSV | C145: MC#01 | D145: TRANSACTION | E145: FILE102 | F145: ZZ1 | G145: 0063 | H145: 45017 | I145: 10:35 | J145: 0044 | L145: 0 | M145: 0 | N145: 2023 | O145: 2023-03
... A151: Z102_01_032023_MASSENA.CSV | C151: MC#01 | D151: TRANSACTION | E151: FILE102 | F151: ZZ1 | G151: 0063 | H151: 45017 | I151: 10:35 | J151: 0050 | L151: 0 | M151: 0 | N151: 2023 | O151: 2023-03
A152: Z102_01_052023_MASSENA.CSV | C152: MC#01 | D152: TRANSACTION | E152: FILE102 | F152: ZZ1 | G152: 0065 | H152: 45078 | I152: 10:11 | J152: 0001 | K152: ESPECES | L152: 28 | M152: 16910 | N152: 2023 | O152: 2023-05
A153: Z102_01_052023_MASSENA.CSV | C153: MC#01 | D153: TRANSACTION | E153: FILE102 | F153: ZZ1 | G153: 0065 | H153: 45078 | I153: 10:11 | J153: 0002 | K153: SOUS-TOTAL | L153: 0 | M153: 0 | N153: 2023 | O153: 2023-05
A154: Z102_01_052023_MASSENA.CSV | C154: MC#01 | D154: TRANSACTION | E154: FILE102 | F154: ZZ1 | G154: 0065 | H154: 45078 | I154: 10:11 | J154: 0003 | K154: CARTES | L154: 19 | M154: 23452 | N154: 2023 | O154: 2023-05
A155: Z102_01_052023_MASSENA.CSV | C155: MC#01 | D155: TRANSACTION | E155: FILE102 | F155: ZZ1 | G155: 0065 | H155: 45078 | I155: 10:11 | J155: 0004 | K155: CHEQUES | L155: 0 | M155: 0 | N155: 2023 | O155: 2023-05
A156: Z102_01_052023_MASSENA.CSV | C156: MC#01 | D156: TRANSACTION | E156: FILE102 | F156: ZZ1 | G156: 0065 | H156: 45078 | I156: 10:11 | J156: 0005 | K156: AIDE | L156: 0 | M156: 0 | N156: 2023 | O156: 2023-05
A157: Z102_01_052023_MASSENA.CSV | C157: MC#01 | D157: TRANSACTION | E157: FILE102 | F157: ZZ1 | G157: 0065 | H157: 45078 | I157: 10:11 | J157: 0006 | K157: TAX PGM | L157: 0 | M157: 0 | N157: 2023 | O157: 2023-05
A158: Z102_01_052023_MASSENA.CSV | C158: MC#01 | D158: TRANSACTION | E158: FILE102 | F158: ZZ1 | G158: 0065 | H158: 45078 | I158: 10:11 | J158: 0007 | K158: SORTIECAISSE | L158: 0 | M158: 0 | N158: 2023 | O158: 2023-05
A159: Z102_01_052023_MASSENA.CSV | C159: MC#01 | D159: TRANSACTION | E159: FILE102 | F159: ZZ1 | G159: 0065 | H159: 45078 | I159: 10:11 | J159: 0008 | K159: REC&ACCOMPTE | L159: 0 | M159: 0 | N159: 2023 | O159: 2023-05
A160: Z102_01_052023_MASSENA.CSV | C160: MC#01 | D160: TRANSACTION | E160: FILE102 | F160: ZZ1 | G160: 0065 | H160: 45078 | I160: 10:11 | J160: 0009 | K160: SIGN-OFF | L160: 0 | M160: 0 | N160: 2023 | O160: 2023-05
A161: Z102_01_052023_MASSENA.CSV | C161: MC#01 | D161: TRANSACTION | E161: FILE102 | F161: ZZ1 | G161: 0065 | H161: 45078 | I161: 10:11 | J161: 0010 | K161: NUM CAISSIER | L161: 0 | M161: 0 | N161: 2023 | O161: 2023-05
A162: Z102_01_052023_MASSENA.CSV | C162: MC#01 | D162: TRANSACTION | E162: FILE102 | F162: ZZ1 | G162: 0065 | H162: 45078 | I162: 10:11 | J162: 0011 | K162: SHIFT/No | L162: 0 | M162: 0 | N162: 2023 | O162: 2023-05
A163: Z102_01_052023_MASSENA.CSV | C163: MC#01 | D163: TRANSACTION | E163: FILE102 | F163: ZZ1 | G163: 0065 | H163: 45078 | I163: 10:11 | J163: 0012 | K163: DWN | L163: 0 | M163: 0 | N163: 2023 | O163: 2023-05
... A183: Z102_01_052023_MASSENA.CSV | C183: MC#01 | D183: TRANSACTION | E183: FILE102 | F183: ZZ1 | G183: 0065 | H183: 45078 | I183: 10:11 | J183: 0032 | K183: ANNULATION | L183: 0 | M183: 0 | N183: 2023 | O183: 2023-05
A184: Z102_01_052023_MASSENA.CSV | C184: MC#01 | D184: TRANSACTION | E184: FILE102 | F184: ZZ1 | G184: 0065 | H184: 45078 | I184: 10:11 | J184: 0033 | L184: 0 | M184: 0 | N184: 2023 | O184: 2023-05
A185: Z102_01_052023_MASSENA.CSV | C185: MC#01 | D185: TRANSACTION | E185: FILE102 | F185: ZZ1 | G185: 0065 | H185: 45078 | I185: 10:11 | J185: 0034 | L185: 0 | M185: 0 | N185: 2023 | O185: 2023-05
A186: Z102_01_052023_MASSENA.CSV | C186: MC#01 | D186: TRANSACTION | E186: FILE102 | F186: ZZ1 | G186: 0065 | H186: 45078 | I186: 10:11 | J186: 0035 | L186: 0 | M186: 0 | N186: 2023 | O186: 2023-05
A187: Z102_01_052023_MASSENA.CSV | C187: MC#01 | D187: TRANSACTION | E187: FILE102 | F187: ZZ1 | G187: 0065 | H187: 45078 | I187: 10:11 | J187: 0036 | L187: 0 | M187: 0 | N187: 2023 | O187: 2023-05
A188: Z102_01_052023_MASSENA.CSV | C188: MC#01 | D188: TRANSACTION | E188: FILE102 | F188: ZZ1 | G188: 0065 | H188: 45078 | I188: 10:11 | J188: 0037 | L188: 0 | M188: 0 | N188: 2023 | O188: 2023-05
A189: Z102_01_052023_MASSENA.CSV | C189: MC#01 | D189: TRANSACTION | E189: FILE102 | F189: ZZ1 | G189: 0065 | H189: 45078 | I189: 10:11 | J189: 0038 | L189: 0 | M189: 0 | N189: 2023 | O189: 2023-05
A190: Z102_01_052023_MASSENA.CSV | C190: MC#01 | D190: TRANSACTION | E190: FILE102 | F190: ZZ1 | G190: 0065 | H190: 45078 | I190: 10:11 | J190: 0039 | L190: 0 | M190: 0 | N190: 2023 | O190: 2023-05
A191: Z102_01_052023_MASSENA.CSV | C191: MC#01 | D191: TRANSACTION | E191: FILE102 | F191: ZZ1 | G191: 0065 | H191: 45078 | I191: 10:11 | J191: 0040 | L191: 0 | M191: 0 | N191: 2023 | O191: 2023-05
...

Sheet TD_TotalNatureTransac
A1: AJ_ANNEE_Z | B1: AJ_MOIS_Z | C1: E_MODE | D1: D_DESIGNATION | E1: D_QUANTITE | F1: D_MONTANT
A2: 2023 | B2: 2023-01 | C2: Z | D2: CARTES | E2: =SUMIFS('Z2_CplteAnneeMois'!$L$2:$L$1251,'Z2_CplteAnneeMois'!$O$2:$O$1251,B2,'Z2_CplteAnneeMois'!$F$2:$F$1251,C2,'Z2_CplteAnneeMois'!$K$2:$K$1251,D2) | F2: =SUMIFS('Z2_CplteAnneeMois'!$M$2:$M$1251,'Z2_CplteAnneeMois'!$O$2:$O$1251,B2,'Z2_CplteAnneeMois'!$F$2:$F$1251,C2,'Z2_CplteAnneeMois'!$K$2:$K$1251,D2)
A3: 2023 | B3: 2023-01 | C3: Z | D3: CHEQUES | E3: =SUMIFS('Z2_CplteAnneeMois'!$L$2:$L$1251,'Z2_CplteAnneeMois'!$O$2:$O$1251,B3,'Z2_CplteAnneeMois'!$F$2:$F$1251,C3,'Z2_CplteAnneeMois'!$K$2:$K$1251,D3) | F3: =SUMIFS('Z2_CplteAnneeMois'!$M$2:$M$1251,'Z2_CplteAnneeMois'!$O$2:$O$1251,B3,'Z2_CplteAnneeMois'!$F$2:$F$1251,C3,'Z2_CplteAnneeMois'!$K$2:$K$1251,D3)
A4: 2023 | B4: 2023-01 | C4: Z | D4: CORRECTION | E4: =SUMIFS('Z2_CplteAnneeMois'!$L$2:$L$1251,'Z2_CplteAnneeMois'!$O$2:$O$1251,B4,'Z2_CplteAnneeMois'!$F$2:$F$1251,C4,'Z2_CplteAnneeMois'!$K$2:$K$1251,D4) | F4: =SUMIFS('Z2_CplteAnneeMois'!$M$2:$M$1251,'Z2_CplteAnneeMois'!$O$2:$O$1251,B4,'Z2_CplteAnneeMois'!$F$2:$F$1251,C4,'Z2_CplteAnneeMois'!$K$2:$K$1251,D4)
A5: 2023 | B5: 2023-01 | C5: Z | D5: ESPECES | E5: =SUMIFS('Z2_CplteAnneeMois'!$L$2:$L$1251,'Z2_CplteAnneeMois'!$O$2:$O$1251,B5,'Z2_CplteAnneeMois'!$F$2:$F$1251,C5,'Z2_CplteAnneeMois'!$K$2:$K$1251,D5) | F5: =SUMIFS('Z2_CplteAnneeMois'!$M$2:$M$1251,'Z2_CplteAnneeMois'!$O$2:$O$1251,B5,'Z2_CplteAnneeMois'!$F$2:$F$1251,C5,'Z2_CplteAnneeMois'!$K$2:$K$1251,D5)
A6: 2023 | B6: 2023-01 | C6: Z | D6: REF./TIROIR | E6: =SUMIFS('Z2_CplteAnneeMois'!$L$2:$L$1251,'Z2_CplteAnneeMois'!$O$2:$O$1251,B6,'Z2_CplteAnneeMois'!$F$2:$F$1251,C6,'Z2_CplteAnneeMois'!$K$2:$K$1251,D6) | F6: =SUMIFS('Z2_CplteAnneeMois'!$M$2:$M$1251,'Z2_CplteAnneeMois'!$O$2:$O$1251,B6,'Z2_CplteAnneeMois'!$F$2:$F$1251,C6,'Z2_CplteAnneeMois'!$K$2:$K$1251,D6)
A7: 2023 | B7: 2023-01 | C7: ZZ1 | D7: CARTES | E7: =SUMIFS('Z2_CplteAnneeMois'!$L$2:$L$1251,'Z2_CplteAnneeMois'!$O$2:$O$1251,B7,'Z2_CplteAnneeMois'!$F$2:$F$1251,C7,'Z2_CplteAnneeMois'!$K$2:$K$1251,D7) | F7: =SUMIFS('Z2_CplteAnneeMois'!$M$2:$M$1251,'Z2_CplteAnneeMois'!$O$2:$O$1251,B7,'Z2_CplteAnneeMois'!$F$2:$F$1251,C7,'Z2_CplteAnneeMois'!$K$2:$K$1251,D7)
A8: 2023 | B8: 2023-01 | C8: ZZ1 | D8: CHEQUES | E8: =SUMIFS('Z2_CplteAnneeMois'!$L$2:$L$1251,'Z2_CplteAnneeMois'!$O$2:$O$1251,B8,'Z2_CplteAnneeMois'!$F$2:$F$1251,C8,'Z2_CplteAnneeMois'!$K$2:$K$1251,D8) | F8: =SUMIFS('Z2_CplteAnneeMois'!$M$2:$M$1251,'Z2_CplteAnneeMois'!$O$2:$O$1251,B8,'Z2_CplteAnneeMois'!$F$2:$F$1251,C8,'Z2_CplteAnneeMois'!$K$2:$K$1251,D8)
A9: 2023 | B9: 2023-01 | C9: ZZ1 | D9: CORRECTION | E9: =SUMIFS('Z2_CplteAnneeMois'!$L$2:$L$1251,'Z2_CplteAnneeMois'!$O$2:$O$1251,B9,'Z2_CplteAnneeMois'!$F$2:$F$1251,C9,'Z2_CplteAnneeMois'!$K$2:$K$1251,D9) | F9: =SUMIFS('Z2_CplteAnneeMois'!$M$2:$M$1251,'Z2_CplteAnneeMois'!$O$2:$O$1251,B9,'Z2_CplteAnneeMois'!$F$2:$F$1251,C9,'Z2_CplteAnneeMois'!$K$2:$K$1251,D9)
A10: 2023 | B10: 2023-01 | C10: ZZ1 | D10: ESPECES | E10: =SUMIFS('Z2_CplteAnneeMois'!$L$2:$L$1251,'Z2_CplteAnneeMois'!$O$2:$O$1251,B10,'Z2_CplteAnneeMois'!$F$2:$F$1251,C10,'Z2_CplteAnneeMois'!$K$2:$K$1251,D10) | F10: =SUMIFS('Z2_CplteAnneeMois'!$M$2:$M$1251,'Z2_CplteAnneeMois'!$O$2:$O$1251,B10,'Z2_CplteAnneeMois'!$F$2:$F$1251,C10,'Z2_CplteAnneeMois'!$K$2:$K$1251,D10)
A11: 2023 | B11: 2023-01 | C11: ZZ1 | D11: REF./TIROIR | E11: =SUMIFS('Z2_CplteAnneeMois'!$L$2:$L$1251,'Z2_CplteAnneeMois'!$O$2:$O$1251,B11,'Z2_CplteAnneeMois'!$F$2:$F$1251,C11,'Z2_CplteAnneeMois'!$K$2:$K$1251,D11) | F11: =SUMIFS('Z2_CplteAnneeMois'!$M$2:$M$1251,'Z2_CplteAnneeMois'!$O$2:$O$1251,B11,'Z2_CplteAnneeMois'!$F$2:$F$1251,C11,'Z2_CplteAnneeMois'!$K$2:$K$1251,D11)
A12: 2023 | B12: 2023-01 | C12: ZZ2 | D12: CARTES | E12: =SUMIFS('Z2_CplteAnneeMois'!$L$2:$L$1251,'Z2_CplteAnneeMois'!$O$2:$O$1251,B12,'Z2_CplteAnneeMois'!$F$2:$F$1251,C12,'Z2_CplteAnneeMois'!$K$2:$K$1251,D12) | F12: =SUMIFS('Z2_CplteAnneeMois'!$M$2:$M$1251,'Z2_CplteAnneeMois'!$O$2:$O$1251,B12,'Z2_CplteAnneeMois'!$F$2:$F$1251,C12,'Z2_CplteAnneeMois'!$K$2:$K$1251,D12)
A13: 2023 | B13: 2023-01 | C13: ZZ2 | D13: CHEQUES | E13: =SUMIFS('Z2_CplteAnneeMois'!$L$2:$L$1251,'Z2_CplteAnneeMois'!$O$2:$O$1251,B13,'Z2_CplteAnneeMois'!$F$2:$F$1251,C13,'Z2_CplteAnneeMois'!$K$2:$K$1251,D13) | F13: =SUMIFS('Z2_CplteAnneeMois'!$M$2:$M$1251,'Z2_CplteAnneeMois'!$O$2:$O$1251,B13,'Z2_CplteAnneeMois'!$F$2:$F$1251,C13,'Z2_CplteAnneeMois'!$K$2:$K$1251,D13)
... A181: 2023 | B181: 2023-12 | C181: ZZ2 | D181: REF./TIROIR | E181: =SUMIFS('Z2_CplteAnneeMois'!$L$2:$L$1251,'Z2_CplteAnneeMois'!$O$2:$O$1251,B181,'Z2_CplteAnneeMois'!$F$2:$F$1251,C181,'Z2_CplteAnneeMois'!$K$2:$K$1251,D181) | F181: =SUMIFS('Z2_CplteAnneeMois'!$M$2:$M$1251,'Z2_CplteAnneeMois'!$O$2:$O$1251,B181,'Z2_CplteAnneeMois'!$F$2:$F$1251,C181,'Z2_CplteAnneeMois'!$K$2:$K$1251,D181)

Sheet Z2_Total_ModeZZ1
A1: AJ_ANNEE_Z | B1: AJ_MOIS_Z | C1: CARTES_D_QUANTITE | D1: CARTES_D_MONTANT | E1: CHEQUES_D_QUANTITE | F1: CHEQUES_D_MONTANT | G1: CORRECTION_D_QUANTITE | H1: CORRECTION_D_MONTANT | I1: ESPECES_D_QUANTITE | J1: ESPECES_D_MONTANT | K1: REF__TIROIR_D_QUANTITE | L1: REF__TIROIR_D_MONTANT
A2: 2023 | B2: 2023-01 | C2: =SUMIFS('TD_TotalNatureTransac'!$E$2:$E$181,'TD_TotalNatureTransac'!$B$2:$B$181,B2,'TD_TotalNatureTransac'!$C$2:$C$181,"ZZ1",'TD_TotalNatureTransac'!$D$2:$D$181,"CARTES") | D2: =SUMIFS('TD_TotalNatureTransac'!$F$2:$F$181,'TD_TotalNatureTransac'!$B$2:$B$181,B2,'TD_TotalNatureTransac'!$C$2:$C$181,"ZZ1",'TD_TotalNatureTransac'!$D$2:$D$181,"CARTES") | E2: =SUMIFS('TD_TotalNatureTransac'!$E$2:$E$181,'TD_TotalNatureTransac'!$B$2:$B$181,B2,'TD_TotalNatureTransac'!$C$2:$C$181,"ZZ1",'TD_TotalNatureTransac'!$D$2:$D$181,"CHEQUES") | F2: =SUMIFS('TD_TotalNatureTransac'!$F$2:$F$181,'TD_TotalNatureTransac'!$B$2:$B$181,B2,'TD_TotalNatureTransac'!$C$2:$C$181,"ZZ1",'TD_TotalNatureTransac'!$D$2:$D$181,"CHEQUES") | G2: =SUMIFS('TD_TotalNatureTransac'!$E$2:$E$181,'TD_TotalNatureTransac'!$B$2:$B$181,B2,'TD_TotalNatureTransac'!$C$2:$C$181,"ZZ1",'TD_TotalNatureTransac'!$D$2:$D$181,"CORRECTION") | H2: =SUMIFS('TD_TotalNatureTransac'!$F$2:$F$181,'TD_TotalNatureTransac'!$B$2:$B$181,B2,'TD_TotalNatureTransac'!$C$2:$C$181,"ZZ1",'TD_TotalNatureTransac'!$D$2:$D$181,"CORRECTION") | I2: =SUMIFS('TD_TotalNatureTransac'!$E$2:$E$181,'TD_TotalNatureTransac'!$B$2:$B$181,B2,'TD_TotalNatureTransac'!$C$2:$C$181,"ZZ1",'TD_TotalNatureTransac'!$D$2:$D$181,"ESPECES") | J2: =SUMIFS('TD_TotalNatureTransac'!$F$2:$F$181,'TD_TotalNatureTransac'!$B$2:$B$181,B2,'TD_TotalNatureTransac'!$C$2:$C$181,"ZZ1",'TD_TotalNatureTransac'!$D$2:$D$181,"ESPECES") | K2: =SUMIFS('TD_TotalNatureTransac'!$E$2:$E$181,'TD_TotalNatureTransac'!$B$2:$B$181,B2,'TD_TotalNatureTransac'!$C$2:$C$181,"ZZ1",'TD_TotalNatureTransac'!$D$2:$D$181,"REF./TIROIR") | L2: =SUMIFS('TD_TotalNatureTransac'!$F$2:$F$181,'TD_TotalNatureTransac'!$B$2:$B$181,B2,'TD_TotalNatureTransac'!$C$2:$C$181,"ZZ1",'TD_TotalNatureTransac'!$D$2:$D$181,"REF./TIROIR")
A3: 2023 | B3: 2023-02 | C3: =SUMIFS('TD_TotalNatureTransac'!$E$2:$E$181,'TD_TotalNatureTransac'!$B$2:$B$181,B3,'TD_TotalNatureTransac'!$C$2:$C$181,"ZZ1",'TD_TotalNatureTransac'!$D$2:$D$181,"CARTES") | D3: =SUMIFS('TD_TotalNatureTransac'!$F$2:$F$181,'TD_TotalNatureTransac'!$B$2:$B$181,B3,'TD_TotalNatureTransac'!$C$2:$C$181,"ZZ1",'TD_TotalNatureTransac'!$D$2:$D$181,"CARTES") | E3: =SUMIFS('TD_TotalNatureTransac'!$E$2:$E$181,'TD_TotalNatureTransac'!$B$2:$B$181,B3,'TD_TotalNatureTransac'!$C$2:$C$181,"ZZ1",'TD_TotalNatureTransac'!$D$2:$D$181,"CHEQUES") | F3: =SUMIFS('TD_TotalNatureTransac'!$F$2:$F$181,'TD_TotalNatureTransac'!$B$2:$B$181,B3,'TD_TotalNatureTransac'!$C$2:$C$181,"ZZ1",'TD_TotalNatureTransac'!$D$2:$D$181,"CHEQUES") | G3: =SUMIFS('TD_TotalNatureTransac'!$E$2:$E$181,'TD_TotalNatureTransac'!$B$2:$B$181,B3,'TD_TotalNatureTransac'!$C$2:$C$181,"ZZ1",'TD_TotalNatureTransac'!$D$2:$D$181,"CORRECTION") | H3: =SUMIFS('TD_TotalNatureTransac'!$F$2:$F$181,'TD_TotalNatureTransac'!$B$2:$B$181,B3,'TD_TotalNatureTransac'!$C$2:$C$181,"ZZ1",'TD_TotalNatureTransac'!$D$2:$D$181,"CORRECTION") | I3: =SUMIFS('TD_TotalNatureTransac'!$E$2:$E$181,'TD_TotalNatureTransac'!$B$2:$B$181,B3,'TD_TotalNatureTransac'!$C$2:$C$181,"ZZ1",'TD_TotalNatureTransac'!$D$2:$D$181,"ESPECES") | J3: =SUMIFS('TD_TotalNatureTransac'!$F$2:$F$181,'TD_TotalNatureTransac'!$B$2:$B$181,B3,'TD_TotalNatureTransac'!$C$2:$C$181,"ZZ1",'TD_TotalNatureTransac'!$D$2:$D$181,"ESPECES") | K3: =SUMIFS('TD_TotalNatureTransac'!$E$2:$E$181,'TD_TotalNatureTransac'!$B$2:$B$181,B3,'TD_TotalNatureTransac'!$C$2:$C$181,"ZZ1",'TD_TotalNatureTransac'!$D$2:$D$181,"REF./TIROIR") | L3: =SUMIFS('TD_TotalNatureTransac'!$F$2:$F$181,'TD_TotalNatureTransac'!$B$2:$B$181,B3,'TD_TotalNatureTransac'!$C$2:$C$181,"ZZ1",'TD_TotalNatureTransac'!$D$2:$D$181,"REF./TIROIR")
A4: 2023 | B4: 2023-03 | C4: =SUMIFS('TD_TotalNatureTransac'!$E$2:$E$181,'TD_TotalNatureTransac'!$B$2:$B$181,B4,'TD_TotalNatureTransac'!$C$2:$C$181,"ZZ1",'TD_TotalNatureTransac'!$D$2:$D$181,"CARTES") | D4: =SUMIFS('TD_TotalNatureTransac'!$F$2:$F$181,'TD_TotalNatureTransac'!$B$2:$B$181,B4,'TD_TotalNatureTransac'!$C$2:$C$181,"ZZ1",'TD_TotalNatureTransac'!$D$2:$D$181,"CARTES") | E4: =SUMIFS('TD_TotalNatureTransac'!$E$2:$E$181,'TD_TotalNatureTransac'!$B$2:$B$181,B4,'TD_TotalNatureTransac'!$C$2:$C$181,"ZZ1",'TD_TotalNatureTransac'!$D$2:$D$181,"CHEQUES") | F4: =SUMIFS('TD_TotalNatureTransac'!$F$2:$F$181,'TD_TotalNatureTransac'!$B$2:$B$181,B4,'TD_TotalNatureTransac'!$C$2:$C$181,"ZZ1",'TD_TotalNatureTransac'!$D$2:$D$181,"CHEQUES") | G4: =SUMIFS('TD_TotalNatureTransac'!$E$2:$E$181,'TD_TotalNatureTransac'!$B$2:$B$181,B4,'TD_TotalNatureTransac'!$C$2:$C$181,"ZZ1",'TD_TotalNatureTransac'!$D$2:$D$181,"CORRECTION") | H4: =SUMIFS('TD_TotalNatureTransac'!$F$2:$F$181,'TD_TotalNatureTransac'!$B$2:$B$181,B4,'TD_TotalNatureTransac'!$C$2:$C$181,"ZZ1",'TD_TotalNatureTransac'!$D$2:$D$181,"CORRECTION") | I4: =SUMIFS('TD_TotalNatureTransac'!$E$2:$E$181,'TD_TotalNatureTransac'!$B$2:$B$181,B4,'TD_TotalNatureTransac'!$C$2:$C$181,"ZZ1",'TD_TotalNatureTransac'!$D$2:$D$181,"ESPECES") | J4: =SUMIFS('TD_TotalNatureTransac'!$F$2:$F$181,'TD_TotalNatureTransac'!$B$2:$B$181,B4,'TD_TotalNatureTransac'!$C$2:$C$181,"ZZ1",'TD_TotalNatureTransac'!$D$2:$D$181,"ESPECES") | K4: =SUMIFS('TD_TotalNatureTransac'!$E$2:$E$181,'TD_TotalNatureTransac'!$B$2:$B$181,B4,'TD_TotalNatureTransac'!$C$2:$C$181,"ZZ1",'TD_TotalNatureTransac'!$D$2:$D$181,"REF./TIROIR") | L4: =SUMIFS('TD_TotalNatureTransac'!$F$2:$F$181,'TD_TotalNatureTransac'!$B$2:$B$181,B4,'TD_TotalNatureTransac'!$C$2:$C$181,"ZZ1",'TD_TotalNatureTransac'!$D$2:$D$181,"REF./TIROIR")
A5: 2023 | B5: 2023-04 | C5: =SUMIFS('TD_TotalNatureTransac'!$E$2:$E$181,'TD_TotalNatureTransac'!$B$2:$B$181,B5,'TD_TotalNatureTransac'!$C$2:$C$181,"ZZ1",'TD_TotalNatureTransac'!$D$2:$D$181,"CARTES") | D5: =SUMIFS('TD_TotalNatureTransac'!$F$2:$F$181,'TD_TotalNatureTransac'!$B$2:$B$181,B5,'TD_TotalNatureTransac'!$C$2:$C$181,"ZZ1",'TD_TotalNatureTransac'!$D$2:$D$181,"CARTES") | E5: =SUMIFS('TD_TotalNatureTransac'!$E$2:$E$181,'TD_TotalNatureTransac'!$B$2:$B$181,B5,'TD_TotalNatureTransac'!$C$2:$C$181,"ZZ1",'TD_TotalNatureTransac'!$D$2:$D$181,"CHEQUES") | F5: =SUMIFS('TD_TotalNatureTransac'!$F$2:$F$181,'TD_TotalNatureTransac'!$B$2:$B$181,B5,'TD_TotalNatureTransac'!$C$2:$C$181,"ZZ1",'TD_TotalNatureTransac'!$D$2:$D$181,"CHEQUES") | G5: =SUMIFS('TD_TotalNatureTransac'!$E$2:$E$181,'TD_TotalNatureTransac'!$B$2:$B$181,B5,'TD_TotalNatureTransac'!$C$2:$C$181,"ZZ1",'TD_TotalNatureTransac'!$D$2:$D$181,"CORRECTION") | H5: =SUMIFS('TD_TotalNatureTransac'!$F$2:$F$181,'TD_TotalNatureTransac'!$B$2:$B$181,B5,'TD_TotalNatureTransac'!$C$2:$C$181,"ZZ1",'TD_TotalNatureTransac'!$D$2:$D$181,"CORRECTION") | I5: =SUMIFS('TD_TotalNatureTransac'!$E$2:$E$181,'TD_TotalNatureTransac'!$B$2:$B$181,B5,'TD_TotalNatureTransac'!$C$2:$C$181,"ZZ1",'TD_TotalNatureTransac'!$D$2:$D$181,"ESPECES") | J5: =SUMIFS('TD_TotalNatureTransac'!$F$2:$F$181,'TD_TotalNatureTransac'!$B$2:$B$181,B5,'TD_TotalNatureTransac'!$C$2:$C$181,"ZZ1",'TD_TotalNatureTransac'!$D$2:$D$181,"ESPECES") | K5: =SUMIFS('TD_TotalNatureTransac'!$E$2:$E$181,'TD_TotalNatureTransac'!$B$2:$B$181,B5,'TD_TotalNatureTransac'!$C$2:$C$181,"ZZ1",'TD_TotalNatureTransac'!$D$2:$D$181,"REF./TIROIR") | L5: =SUMIFS('TD_TotalNatureTransac'!$F$2:$F$181,'TD_TotalNatureTransac'!$B$2:$B$181,B5,'TD_TotalNatureTransac'!$C$2:$C$181,"ZZ1",'TD_TotalNatureTransac'!$D$2:$D$181,"REF./TIROIR")
A6: 2023 | B6: 2023-05 | C6: =SUMIFS('TD_TotalNatureTransac'!$E$2:$E$181,'TD_TotalNatureTransac'!$B$2:$B$181,B6,'TD_TotalNatureTransac'!$C$2:$C$181,"ZZ1",'TD_TotalNatureTransac'!$D$2:$D$181,"CARTES") | D6: =SUMIFS('TD_TotalNatureTransac'!$F$2:$F$181,'TD_TotalNatureTransac'!$B$2:$B$181,B6,'TD_TotalNatureTransac'!$C$2:$C$181,"ZZ1",'TD_TotalNatureTransac'!$D$2:$D$181,"CARTES") | E6: =SUMIFS('TD_TotalNatureTransac'!$E$2:$E$181,'TD_TotalNatureTransac'!$B$2:$B$181,B6,'TD_TotalNatureTransac'!$C$2:$C$181,"ZZ1",'TD_TotalNatureTransac'!$D$2:$D$181,"CHEQUES") | F6: =SUMIFS('TD_TotalNatureTransac'!$F$2:$F$181,'TD_TotalNatureTransac'!$B$2:$B$181,B6,'TD_TotalNatureTransac'!$C$2:$C$181,"ZZ1",'TD_TotalNatureTransac'!$D$2:$D$181,"CHEQUES") | G6: =SUMIFS('TD_TotalNatureTransac'!$E$2:$E$181,'TD_TotalNatureTransac'!$B$2:$B$181,B6,'TD_TotalNatureTransac'!$C$2:$C$181,"ZZ1",'TD_TotalNatureTransac'!$D$2:$D$181,"CORRECTION") | H6: =SUMIFS('TD_TotalNatureTransac'!$F$2:$F$181,'TD_TotalNatureTransac'!$B$2:$B$181,B6,'TD_TotalNatureTransac'!$C$2:$C$181,"ZZ1",'TD_TotalNatureTransac'!$D$2:$D$181,"CORRECTION") | I6: =SUMIFS('TD_TotalNatureTransac'!$E$2:$E$181,'TD_TotalNatureTransac'!$B$2:$B$181,B6,'TD_TotalNatureTransac'!$C$2:$C$181,"ZZ1",'TD_TotalNatureTransac'!$D$2:$D$181,"ESPECES") | J6: =SUMIFS('TD_TotalNatureTransac'!$F$2:$F$181,'TD_TotalNatureTransac'!$B$2:$B$181,B6,'TD_TotalNatureTransac'!$C$2:$C$181,"ZZ1",'TD_TotalNatureTransac'!$D$2:$D$181,"ESPECES") | K6: =SUMIFS('TD_TotalNatureTransac'!$E$2:$E$181,'TD_TotalNatureTransac'!$B$2:$B$181,B6,'TD_TotalNatureTransac'!$C$2:$C$181,"ZZ1",'TD_TotalNatureTransac'!$D$2:$D$181,"REF./TIROIR") | L6: =SUMIFS('TD_TotalNatureTransac'!$F$2:$F$181,'TD_TotalNatureTransac'!$B$2:$B$181,B6,'TD_TotalNatureTransac'!$C$2:$C$181,"ZZ1",'TD_TotalNatureTransac'!$D$2:$D$181,"REF./TIROIR")
A7: 2023 | B7: 2023-06 | C7: =SUMIFS('TD_TotalNatureTransac'!$E$2:$E$181,'TD_TotalNatureTransac'!$B$2:$B$181,B7,'TD_TotalNatureTransac'!$C$2:$C$181,"ZZ1",'TD_TotalNatureTransac'!$D$2:$D$181,"CARTES") | D7: =SUMIFS('TD_TotalNatureTransac'!$F$2:$F$181,'TD_TotalNatureTransac'!$B$2:$B$181,B7,'TD_TotalNatureTransac'!$C$2:$C$181,"ZZ1",'TD_TotalNatureTransac'!$D$2:$D$181,"CARTES") | E7: =SUMIFS('TD_TotalNatureTransac'!$E$2:$E$181,'TD_TotalNatureTransac'!$B$2:$B$181,B7,'TD_TotalNatureTransac'!$C$2:$C$181,"ZZ1",'TD_TotalNatureTransac'!$D$2:$D$181,"CHEQUES") | F7: =SUMIFS('TD_TotalNatureTransac'!$F$2:$F$181,'TD_TotalNatureTransac'!$B$2:$B$181,B7,'TD_TotalNatureTransac'!$C$2:$C$181,"ZZ1",'TD_TotalNatureTransac'!$D$2:$D$181,"CHEQUES") | G7: =SUMIFS('TD_TotalNatureTransac'!$E$2:$E$181,'TD_TotalNatureTransac'!$B$2:$B$181,B7,'TD_TotalNatureTransac'!$C$2:$C$181,"ZZ1",'TD_TotalNatureTransac'!$D$2:$D$181,"CORRECTION") | H7: =SUMIFS('TD_TotalNatureTransac'!$F$2:$F$181,'TD_TotalNatureTransac'!$B$2:$B$181,B7,'TD_TotalNatureTransac'!$C$2:$C$181,"ZZ1",'TD_TotalNatureTransac'!$D$2:$D$181,"CORRECTION") | I7: =SUMIFS('TD_TotalNatureTransac'!$E$2:$E$181,'TD_TotalNatureTransac'!$B$2:$B$181,B7,'TD_TotalNatureTransac'!$C$2:$C$181,"ZZ1",'TD_TotalNatureTransac'!$D$2:$D$181,"ESPECES") | J7: =SUMIFS('TD_TotalNatureTransac'!$F$2:$F$181,'TD_TotalNatureTransac'!$B$2:$B$181,B7,'TD_TotalNatureTransac'!$C$2:$C$181,"ZZ1",'TD_TotalNatureTransac'!$D$2:$D$181,"ESPECES") | K7: =SUMIFS('TD_TotalNatureTransac'!$E$2:$E$181,'TD_TotalNatureTransac'!$B$2:$B$181,B7,'TD_TotalNatureTransac'!$C$2:$C$181,"ZZ1",'TD_TotalNatureTransac'!$D$2:$D$181,"REF./TIROIR") | L7: =SUMIFS('TD_TotalNatureTransac'!$F$2:$F$181,'TD_TotalNatureTransac'!$B$2:$B$181,B7,'TD_TotalNatureTransac'!$C$2:$C$181,"ZZ1",'TD_TotalNatureTransac'!$D$2:$D$181,"REF./TIROIR")
A8: 2023 | B8: 2023-07 | C8: =SUMIFS('TD_TotalNatureTransac'!$E$2:$E$181,'TD_TotalNatureTransac'!$B$2:$B$181,B8,'TD_TotalNatureTransac'!$C$2:$C$181,"ZZ1",'TD_TotalNatureTransac'!$D$2:$D$181,"CARTES") | D8: =SUMIFS('TD_TotalNatureTransac'!$F$2:$F$181,'TD_TotalNatureTransac'!$B$2:$B$181,B8,'TD_TotalNatureTransac'!$C$2:$C$181,"ZZ1",'TD_TotalNatureTransac'!$D$2:$D$181,"CARTES") | E8: =SUMIFS('TD_TotalNatureTransac'!$E$2:$E$181,'TD_TotalNatureTransac'!$B$2:$B$181,B8,'TD_TotalNatureTransac'!$C$2:$C$181,"ZZ1",'TD_TotalNatureTransac'!$D$2:$D$181,"CHEQUES") | F8: =SUMIFS('TD_TotalNatureTransac'!$F$2:$F$181,'TD_TotalNatureTransac'!$B$2:$B$181,B8,'TD_TotalNatureTransac'!$C$2:$C$181,"ZZ1",'TD_TotalNatureTransac'!$D$2:$D$181,"CHEQUES") | G8: =SUMIFS('TD_TotalNatureTransac'!$E$2:$E$181,'TD_TotalNatureTransac'!$B$2:$B$181,B8,'TD_TotalNatureTransac'!$C$2:$C$181,"ZZ1",'TD_TotalNatureTransac'!$D$2:$D$181,"CORRECTION") | H8: =SUMIFS('TD_TotalNatureTransac'!$F$2:$F$181,'TD_TotalNatureTransac'!$B$2:$B$181,B8,'TD_TotalNatureTransac'!$C$2:$C$181,"ZZ1",'TD_TotalNatureTransac'!$D$2:$D$181,"CORRECTION") | I8: =SUMIFS('TD_TotalNatureTransac'!$E$2:$E$181,'TD_TotalNatureTransac'!$B$2:$B$181,B8,'TD_TotalNatureTransac'!$C$2:$C$181,"ZZ1",'TD_TotalNatureTransac'!$D$2:$D$181,"ESPECES") | J8: =SUMIFS('TD_TotalNatureTransac'!$F$2:$F$181,'TD_TotalNatureTransac'!$B$2:$B$181,B8,'TD_TotalNatureTransac'!$C$2:$C$181,"ZZ1",'TD_TotalNatureTransac'!$D$2:$D$181,"ESPECES") | K8: =SUMIFS('TD_TotalNatureTransac'!$E$2:$E$181,'TD_TotalNatureTransac'!$B$2:$B$181,B8,'TD_TotalNatureTransac'!$C$2:$C$181,"ZZ1",'TD_TotalNatureTransac'!$D$2:$D$181,"REF./TIROIR") | L8: =SUMIFS('TD_TotalNatureTransac'!$F$2:$F$181,'TD_TotalNatureTransac'!$B$2:$B$181,B8,'TD_TotalNatureTransac'!$C$2:$C$181,"ZZ1",'TD_TotalNatureTransac'!$D$2:$D$181,"REF./TIROIR")
A9: 2023 | B9: 2023-08 | C9: =SUMIFS('TD_TotalNatureTransac'!$E$2:$E$181,'TD_TotalNatureTransac'!$B$2:$B$181,B9,'TD_TotalNatureTransac'!$C$2:$C$181,"ZZ1",'TD_TotalNatureTransac'!$D$2:$D$181,"CARTES") | D9: =SUMIFS('TD_TotalNatureTransac'!$F$2:$F$181,'TD_TotalNatureTransac'!$B$2:$B$181,B9,'TD_TotalNatureTransac'!$C$2:$C$181,"ZZ1",'TD_TotalNatureTransac'!$D$2:$D$181,"CARTES") | E9: =SUMIFS('TD_TotalNatureTransac'!$E$2:$E$181,'TD_TotalNatureTransac'!$B$2:$B$181,B9,'TD_TotalNatureTransac'!$C$2:$C$181,"ZZ1",'TD_TotalNatureTransac'!$D$2:$D$181,"CHEQUES") | F9: =SUMIFS('TD_TotalNatureTransac'!$F$2:$F$181,'TD_TotalNatureTransac'!$B$2:$B$181,B9,'TD_TotalNatureTransac'!$C$2:$C$181,"ZZ1",'TD_TotalNatureTransac'!$D$2:$D$181,"CHEQUES") | G9: =SUMIFS('TD_TotalNatureTransac'!$E$2:$E$181,'TD_TotalNatureTransac'!$B$2:$B$181,B9,'TD_TotalNatureTransac'!$C$2:$C$181,"ZZ1",'TD_TotalNatureTransac'!$D$2:$D$181,"CORRECTION") | H9: =SUMIFS('TD_TotalNatureTransac'!$F$2:$F$181,'TD_TotalNatureTransac'!$B$2:$B$181,B9,'TD_TotalNatureTransac'!$C$2:$C$181,"ZZ1",'TD_TotalNatureTransac'!$D$2:$D$181,"CORRECTION") | I9: =SUMIFS('TD_TotalNatureTransac'!$E$2:$E$181,'TD_TotalNatureTransac'!$B$2:$B$181,B9,'TD_TotalNatureTransac'!$C$2:$C$181,"ZZ1",'TD_TotalNatureTransac'!$D$2:$D$181,"ESPECES") | J9: =SUMIFS('TD_TotalNatureTransac'!$F$2:$F$181,'TD_TotalNatureTransac'!$B$2:$B$181,B9,'TD_TotalNatureTransac'!$C$2:$C$181,"ZZ1",'TD_TotalNatureTransac'!$D$2:$D$181,"ESPECES") | K9: =SUMIFS('TD_TotalNatureTransac'!$E$2:$E$181,'TD_TotalNatureTransac'!$B$2:$B$181,B9,'TD_TotalNatureTransac'!$C$2:$C$181,"ZZ1",'TD_TotalNatureTransac'!$D$2:$D$181,"REF./TIROIR") | L9: =SUMIFS('TD_TotalNatureTransac'!$F$2:$F$181,'TD_TotalNatureTransac'!$B$2:$B$181,B9,'TD_TotalNatureTransac'!$C$2:$C$181,"ZZ1",'TD_TotalNatureTransac'!$D$2:$D$181,"REF./TIROIR")
A10: 2023 | B10: 2023-09 | C10: =SUMIFS('TD_TotalNatureTransac'!$E$2:$E$181,'TD_TotalNatureTransac'!$B$2:$B$181,B10,'TD_TotalNatureTransac'!$C$2:$C$181,"ZZ1",'TD_TotalNatureTransac'!$D$2:$D$181,"CARTES") | D10: =SUMIFS('TD_TotalNatureTransac'!$F$2:$F$181,'TD_TotalNatureTransac'!$B$2:$B$181,B10,'TD_TotalNatureTransac'!$C$2:$C$181,"ZZ1",'TD_TotalNatureTransac'!$D$2:$D$181,"CARTES") | E10: =SUMIFS('TD_TotalNatureTransac'!$E$2:$E$181,'TD_TotalNatureTransac'!$B$2:$B$181,B10,'TD_TotalNatureTransac'!$C$2:$C$181,"ZZ1",'TD_TotalNatureTransac'!$D$2:$D$181,"CHEQUES") | F10: =SUMIFS('TD_TotalNatureTransac'!$F$2:$F$181,'TD_TotalNatureTransac'!$B$2:$B$181,B10,'TD_TotalNatureTransac'!$C$2:$C$181,"ZZ1",'TD_TotalNatureTransac'!$D$2:$D$181,"CHEQUES") | G10: =SUMIFS('TD_TotalNatureTransac'!$E$2:$E$181,'TD_TotalNatureTransac'!$B$2:$B$181,B10,'TD_TotalNatureTransac'!$C$2:$C$181,"ZZ1",'TD_TotalNatureTransac'!$D$2:$D$181,"CORRECTION") | H10: =SUMIFS('TD_TotalNatureTransac'!$F$2:$F$181,'TD_TotalNatureTransac'!$B$2:$B$181,B10,'TD_TotalNatureTransac'!$C$2:$C$181,"ZZ1",'TD_TotalNatureTransac'!$D$2:$D$181,"CORRECTION") | I10: =SUMIFS('TD_TotalNatureTransac'!$E$2:$E$181,'TD_TotalNatureTransac'!$B$2:$B$181,B10,'TD_TotalNatureTransac'!$C$2:$C$181,"ZZ1",'TD_TotalNatureTransac'!$D$2:$D$181,"ESPECES") | J10: =SUMIFS('TD_TotalNatureTransac'!$F$2:$F$181,'TD_TotalNatureTransac'!$B$2:$B$181,B10,'TD_TotalNatureTransac'!$C$2:$C$181,"ZZ1",'TD_TotalNatureTransac'!$D$2:$D$181,"ESPECES") | K10: =SUMIFS('TD_TotalNatureTransac'!$E$2:$E$181,'TD_TotalNatureTransac'!$B$2:$B$181,B10,'TD_TotalNatureTransac'!$C$2:$C$181,"ZZ1",'TD_TotalNatureTransac'!$D$2:$D$181,"REF./TIROIR") | L10: =SUMIFS('TD_TotalNatureTransac'!$F$2:$F$181,'TD_TotalNatureTransac'!$B$2:$B$181,B10,'TD_TotalNatureTransac'!$C$2:$C$181,"ZZ1",'TD_TotalNatureTransac'!$D$2:$D$181,"REF./TIROIR")
A11: 2023 | B11: 2023-10 | C11: =SUMIFS('TD_TotalNatureTransac'!$E$2:$E$181,'TD_TotalNatureTransac'!$B$2:$B$181,B11,'TD_TotalNatureTransac'!$C$2:$C$181,"ZZ1",'TD_TotalNatureTransac'!$D$2:$D$181,"CARTES") | D11: =SUMIFS('TD_TotalNatureTransac'!$F$2:$F$181,'TD_TotalNatureTransac'!$B$2:$B$181,B11,'TD_TotalNatureTransac'!$C$2:$C$181,"ZZ1",'TD_TotalNatureTransac'!$D$2:$D$181,"CARTES") | E11: =SUMIFS('TD_TotalNatureTransac'!$E$2:$E$181,'TD_TotalNatureTransac'!$B$2:$B$181,B11,'TD_TotalNatureTransac'!$C$2:$C$181,"ZZ1",'TD_TotalNatureTransac'!$D$2:$D$181,"CHEQUES") | F11: =SUMIFS('TD_TotalNatureTransac'!$F$2:$F$181,'TD_TotalNatureTransac'!$B$2:$B$181,B11,'TD_TotalNatureTransac'!$C$2:$C$181,"ZZ1",'TD_TotalNatureTransac'!$D$2:$D$181,"CHEQUES") | G11: =SUMIFS('TD_TotalNatureTransac'!$E$2:$E$181,'TD_TotalNatureTransac'!$B$2:$B$181,B11,'TD_TotalNatureTransac'!$C$2:$C$181,"ZZ1",'TD_TotalNatureTransac'!$D$2:$D$181,"CORRECTION") | H11: =SUMIFS('TD_TotalNatureTransac'!$F$2:$F$181,'TD_TotalNatureTransac'!$B$2:$B$181,B11,'TD_TotalNatureTransac'!$C$2:$C$181,"ZZ1",'TD_TotalNatureTransac'!$D$2:$D$181,"CORRECTION") | I11: =SUMIFS('TD_TotalNatureTransac'!$E$2:$E$181,'TD_TotalNatureTransac'!$B$2:$B$181,B11,'TD_TotalNatureTransac'!$C$2:$C$181,"ZZ1",'TD_TotalNatureTransac'!$D$2:$D$181,"ESPECES") | J11: =SUMIFS('TD_TotalNatureTransac'!$F$2:$F$181,'TD_TotalNatureTransac'!$B$2:$B$181,B11,'TD_TotalNatureTransac'!$C$2:$C$181,"ZZ1",'TD_TotalNatureTransac'!$D$2:$D$181,"ESPECES") | K11: =SUMIFS('TD_TotalNatureTransac'!$E$2:$E$181,'TD_TotalNatureTransac'!$B$2:$B$181,B11,'TD_TotalNatureTransac'!$C$2:$C$181,"ZZ1",'TD_TotalNatureTransac'!$D$2:$D$181,"REF./TIROIR") | L11: =SUMIFS('TD_TotalNatureTransac'!$F$2:$F$181,'TD_TotalNatureTransac'!$B$2:$B$181,B11,'TD_TotalNatureTransac'!$C$2:$C$181,"ZZ1",'TD_TotalNatureTransac'!$D$2:$D$181,"REF./TIROIR")
A12: 2023 | B12: 2023-11 | C12: =SUMIFS('TD_TotalNatureTransac'!$E$2:$E$181,'TD_TotalNatureTransac'!$B$2:$B$181,B12,'TD_TotalNatureTransac'!$C$2:$C$181,"ZZ1",'TD_TotalNatureTransac'!$D$2:$D$181,"CARTES") | D12: =SUMIFS('TD_TotalNatureTransac'!$F$2:$F$181,'TD_TotalNatureTransac'!$B$2:$B$181,B12,'TD_TotalNatureTransac'!$C$2:$C$181,"ZZ1",'TD_TotalNatureTransac'!$D$2:$D$181,"CARTES") | E12: =SUMIFS('TD_TotalNatureTransac'!$E$2:$E$181,'TD_TotalNatureTransac'!$B$2:$B$181,B12,'TD_TotalNatureTransac'!$C$2:$C$181,"ZZ1",'TD_TotalNatureTransac'!$D$2:$D$181,"CHEQUES") | F12: =SUMIFS('TD_TotalNatureTransac'!$F$2:$F$181,'TD_TotalNatureTransac'!$B$2:$B$181,B12,'TD_TotalNatureTransac'!$C$2:$C$181,"ZZ1",'TD_TotalNatureTransac'!$D$2:$D$181,"CHEQUES") | G12: =SUMIFS('TD_TotalNatureTransac'!$E$2:$E$181,'TD_TotalNatureTransac'!$B$2:$B$181,B12,'TD_TotalNatureTransac'!$C$2:$C$181,"ZZ1",'TD_TotalNatureTransac'!$D$2:$D$181,"CORRECTION") | H12: =SUMIFS('TD_TotalNatureTransac'!$F$2:$F$181,'TD_TotalNatureTransac'!$B$2:$B$181,B12,'TD_TotalNatureTransac'!$C$2:$C$181,"ZZ1",'TD_TotalNatureTransac'!$D$2:$D$181,"CORRECTION") | I12: =SUMIFS('TD_TotalNatureTransac'!$E$2:$E$181,'TD_TotalNatureTransac'!$B$2:$B$181,B12,'TD_TotalNatureTransac'!$C$2:$C$181,"ZZ1",'TD_TotalNatureTransac'!$D$2:$D$181,"ESPECES") | J12: =SUMIFS('TD_TotalNatureTransac'!$F$2:$F$181,'TD_TotalNatureTransac'!$B$2:$B$181,B12,'TD_TotalNatureTransac'!$C$2:$C$181,"ZZ1",'TD_TotalNatureTransac'!$D$2:$D$181,"ESPECES") | K12: =SUMIFS('TD_TotalNatureTransac'!$E$2:$E$181,'TD_TotalNatureTransac'!$B$2:$B$181,B12,'TD_TotalNatureTransac'!$C$2:$C$181,"ZZ1",'TD_TotalNatureTransac'!$D$2:$D$181,"REF./TIROIR") | L12: =SUMIFS('TD_TotalNatureTransac'!$F$2:$F$181,'TD_TotalNatureTransac'!$B$2:$B$181,B12,'TD_TotalNatureTransac'!$C$2:$C$181,"ZZ1",'TD_TotalNatureTransac'!$D$2:$D$181,"REF./TIROIR")
A13: 2023 | B13: 2023-12 | C13: =SUMIFS('TD_TotalNatureTransac'!$E$2:$E$181,'TD_TotalNatureTransac'!$B$2:$B$181,B13,'TD_TotalNatureTransac'!$C$2:$C$181,"ZZ1",'TD_TotalNatureTransac'!$D$2:$D$181,"CARTES") | D13: =SUMIFS('TD_TotalNatureTransac'!$F$2:$F$181,'TD_TotalNatureTransac'!$B$2:$B$181,B13,'TD_TotalNatureTransac'!$C$2:$C$181,"ZZ1",'TD_TotalNatureTransac'!$D$2:$D$181,"CARTES") | E13: =SUMIFS('TD_TotalNatureTransac'!$E$2:$E$181,'TD_TotalNatureTransac'!$B$2:$B$181,B13,'TD_TotalNatureTransac'!$C$2:$C$181,"ZZ1",'TD_TotalNatureTransac'!$D$2:$D$181,"CHEQUES") | F13: =SUMIFS('TD_TotalNatureTransac'!$F$2:$F$181,'TD_TotalNatureTransac'!$B$2:$B$181,B13,'TD_TotalNatureTransac'!$C$2:$C$181,"ZZ1",'TD_TotalNatureTransac'!$D$2:$D$181,"CHEQUES") | G13: =SUMIFS('TD_TotalNatureTransac'!$E$2:$E$181,'TD_TotalNatureTransac'!$B$2:$B$181,B13,'TD_TotalNatureTransac'!$C$2:$C$181,"ZZ1",'TD_TotalNatureTransac'!$D$2:$D$181,"CORRECTION") | H13: =SUMIFS('TD_TotalNatureTransac'!$F$2:$F$181,'TD_TotalNatureTransac'!$B$2:$B$181,B13,'TD_TotalNatureTransac'!$C$2:$C$181,"ZZ1",'TD_TotalNatureTransac'!$D$2:$D$181,"CORRECTION") | I13: =SUMIFS('TD_TotalNatureTransac'!$E$2:$E$181,'TD_TotalNatureTransac'!$B$2:$B$181,B13,'TD_TotalNatureTransac'!$C$2:$C$181,"ZZ1",'TD_TotalNatureTransac'!$D$2:$D$181,"ESPECES") | J13: =SUMIFS('TD_TotalNatureTransac'!$F$2:$F$181,'TD_TotalNatureTransac'!$B$2:$B$181,B13,'TD_TotalNatureTransac'!$C$2:$C$181,"ZZ1",'TD_TotalNatureTransac'!$D$2:$D$181,"ESPECES") | K13: =SUMIFS('TD_TotalNatureTransac'!$E$2:$E$181,'TD_TotalNatureTransac'!$B$2:$B$181,B13,'TD_TotalNatureTransac'!$C$2:$C$181,"ZZ1",'TD_TotalNatureTransac'!$D$2:$D$181,"REF./TIROIR") | L13: =SUMIFS('TD_TotalNatureTransac'!$F$2:$F$181,'TD_TotalNatureTransac'!$B$2:$B$181,B13,'TD_TotalNatureTransac'!$C$2:$C$181,"ZZ1",'TD_TotalNatureTransac'!$D$2:$D$181,"REF./TIROIR")

Sheet Z2_Total_ModeZZ2
A1: AJ_ANNEE_Z | B1: AJ_MOIS_Z | C1: CARTES_D_QUANTITE | D1: CARTES_D_MONTANT | E1: CHEQUES_D_QUANTITE | F1: CHEQUES_D_MONTANT | G1: CORRECTION_D_QUANTITE | H1: CORRECTION_D_MONTANT | I1: ESPECES_D_QUANTITE | J1: ESPECES_D_MONTANT | K1: REF__TIROIR_D_QUANTITE | L1: REF__TIROIR_D_MONTANT
A2: 2023 | B2: 2023-01 | C2: =SUMIFS('TD_TotalNatureTransac'!$E$2:$E$181,'TD_TotalNatureTransac'!$B$2:$B$181,B2,'TD_TotalNatureTransac'!$C$2:$C$181,"ZZ2",'TD_TotalNatureTransac'!$D$2:$D$181,"CARTES") | D2: =SUMIFS('TD_TotalNatureTransac'!$F$2:$F$181,'TD_TotalNatureTransac'!$B$2:$B$181,B2,'TD_TotalNatureTransac'!$C$2:$C$181,"ZZ2",'TD_TotalNatureTransac'!$D$2:$D$181,"CARTES") | E2: =SUMIFS('TD_TotalNatureTransac'!$E$2:$E$181,'TD_TotalNatureTransac'!$B$2:$B$181,B2,'TD_TotalNatureTransac'!$C$2:$C$181,"ZZ2",'TD_TotalNatureTransac'!$D$2:$D$181,"CHEQUES") | F2: =SUMIFS('TD_TotalNatureTransac'!$F$2:$F$181,'TD_TotalNatureTransac'!$B$2:$B$181,B2,'TD_TotalNatureTransac'!$C$2:$C$181,"ZZ2",'TD_TotalNatureTransac'!$D$2:$D$181,"CHEQUES") | G2: =SUMIFS('TD_TotalNatureTransac'!$E$2:$E$181,'TD_TotalNatureTransac'!$B$2:$B$181,B2,'TD_TotalNatureTransac'!$C$2:$C$181,"ZZ2",'TD_TotalNatureTransac'!$D$2:$D$181,"CORRECTION") | H2: =SUMIFS('TD_TotalNatureTransac'!$F$2:$F$181,'TD_TotalNatureTransac'!$B$2:$B$181,B2,'TD_TotalNatureTransac'!$C$2:$C$181,"ZZ2",'TD_TotalNatureTransac'!$D$2:$D$181,"CORRECTION") | I2: =SUMIFS('TD_TotalNatureTransac'!$E$2:$E$181,'TD_TotalNatureTransac'!$B$2:$B$181,B2,'TD_TotalNatureTransac'!$C$2:$C$181,"ZZ2",'TD_TotalNatureTransac'!$D$2:$D$181,"ESPECES") | J2: =SUMIFS('TD_TotalNatureTransac'!$F$2:$F$181,'TD_TotalNatureTransac'!$B$2:$B$181,B2,'TD_TotalNatureTransac'!$C$2:$C$181,"ZZ2",'TD_TotalNatureTransac'!$D$2:$D$181,"ESPECES") | K2: =SUMIFS('TD_TotalNatureTransac'!$E$2:$E$181,'TD_TotalNatureTransac'!$B$2:$B$181,B2,'TD_TotalNatureTransac'!$C$2:$C$181,"ZZ2",'TD_TotalNatureTransac'!$D$2:$D$181,"REF./TIROIR") | L2: =SUMIFS('TD_TotalNatureTransac'!$F$2:$F$181,'TD_TotalNatureTransac'!$B$2:$B$181,B2,'TD_TotalNatureTransac'!$C$2:$C$181,"ZZ2",'TD_TotalNatureTransac'!$D$2:$D$181,"REF./TIROIR")
A3: 2023 | B3: 2023-02 | C3: =SUMIFS('TD_TotalNatureTransac'!$E$2:$E$181,'TD_TotalNatureTransac'!$B$2:$B$181,B3,'TD_TotalNatureTransac'!$C$2:$C$181,"ZZ2",'TD_TotalNatureTransac'!$D$2:$D$181,"CARTES") | D3: =SUMIFS('TD_TotalNatureTransac'!$F$2:$F$181,'TD_TotalNatureTransac'!$B$2:$B$181,B3,'TD_TotalNatureTransac'!$C$2:$C$181,"ZZ2",'TD_TotalNatureTransac'!$D$2:$D$181,"CARTES") | E3: =SUMIFS('TD_TotalNatureTransac'!$E$2:$E$181,'TD_TotalNatureTransac'!$B$2:$B$181,B3,'TD_TotalNatureTransac'!$C$2:$C$181,"ZZ2",'TD_TotalNatureTransac'!$D$2:$D$181,"CHEQUES") | F3: =SUMIFS('TD_TotalNatureTransac'!$F$2:$F$181,'TD_TotalNatureTransac'!$B$2:$B$181,B3,'TD_TotalNatureTransac'!$C$2:$C$181,"ZZ2",'TD_TotalNatureTransac'!$D$2:$D$181,"CHEQUES") | G3: =SUMIFS('TD_TotalNatureTransac'!$E$2:$E$181,'TD_TotalNatureTransac'!$B$2:$B$181,B3,'TD_TotalNatureTransac'!$C$2:$C$181,"ZZ2",'TD_TotalNatureTransac'!$D$2:$D$181,"CORRECTION") | H3: =SUMIFS('TD_TotalNatureTransac'!$F$2:$F$181,'TD_TotalNatureTransac'!$B$2:$B$181,B3,'TD_TotalNatureTransac'!$C$2:$C$181,"ZZ2",'TD_TotalNatureTransac'!$D$2:$D$181,"CORRECTION") | I3: =SUMIFS('TD_TotalNatureTransac'!$E$2:$E$181,'TD_TotalNatureTransac'!$B$2:$B$181,B3,'TD_TotalNatureTransac'!$C$2:$C$181,"ZZ2",'TD_TotalNatureTransac'!$D$2:$D$181,"ESPECES") | J3: =SUMIFS('TD_TotalNatureTransac'!$F$2:$F$181,'TD_TotalNatureTransac'!$B$2:$B$181,B3,'TD_TotalNatureTransac'!$C$2:$C$181,"ZZ2",'TD_TotalNatureTransac'!$D$2:$D$181,"ESPECES") | K3: =SUMIFS('TD_TotalNatureTransac'!$E$2:$E$181,'TD_TotalNatureTransac'!$B$2:$B$181,B3,'TD_TotalNatureTransac'!$C$2:$C$181,"ZZ2",'TD_TotalNatureTransac'!$D$2:$D$181,"REF./TIROIR") | L3: =SUMIFS('TD_TotalNatureTransac'!$F$2:$F$181,'TD_TotalNatureTransac'!$B$2:$B$181,B3,'TD_TotalNatureTransac'!$C$2:$C$181,"ZZ2",'TD_TotalNatureTransac'!$D$2:$D$181,"REF./TIROIR")
A4: 2023 | B4: 2023-03 | C4: =SUMIFS('TD_TotalNatureTransac'!$E$2:$E$181,'TD_TotalNatureTransac'!$B$2:$B$181,B4,'TD_TotalNatureTransac'!$C$2:$C$181,"ZZ2",'TD_TotalNatureTransac'!$D$2:$D$181,"CARTES") | D4: =SUMIFS('TD_TotalNatureTransac'!$F$2:$F$181,'TD_TotalNatureTransac'!$B$2:$B$181,B4,'TD_TotalNatureTransac'!$C$2:$C$181,"ZZ2",'TD_TotalNatureTransac'!$D$2:$D$181,"CARTES") | E4: =SUMIFS('TD_TotalNatureTransac'!$E$2:$E$181,'TD_TotalNatureTransac'!$B$2:$B$181,B4,'TD_TotalNatureTransac'!$C$2:$C$181,"ZZ2",'TD_TotalNatureTransac'!$D$2:$D$181,"CHEQUES") | F4: =SUMIFS('TD_TotalNatureTransac'!$F$2:$F$181,'TD_TotalNatureTransac'!$B$2:$B$181,B4,'TD_TotalNatureTransac'!$C$2:$C$181,"ZZ2",'TD_TotalNatureTransac'!$D$2:$D$181,"CHEQUES") | G4: =SUMIFS('TD_TotalNatureTransac'!$E$2:$E$181,'TD_TotalNatureTransac'!$B$2:$B$181,B4,'TD_TotalNatureTransac'!$C$2:$C$181,"ZZ2",'TD_TotalNatureTransac'!$D$2:$D$181,"CORRECTION") | H4: =SUMIFS('TD_TotalNatureTransac'!$F$2:$F$181,'TD_TotalNatureTransac'!$B$2:$B$181,B4,'TD_TotalNatureTransac'!$C$2:$C$181,"ZZ2",'TD_TotalNatureTransac'!$D$2:$D$181,"CORRECTION") | I4: =SUMIFS('TD_TotalNatureTransac'!$E$2:$E$181,'TD_TotalNatureTransac'!$B$2:$B$181,B4,'TD_TotalNatureTransac'!$C$2:$C$181,"ZZ2",'TD_TotalNatureTransac'!$D$2:$D$181,"ESPECES") | J4: =SUMIFS('TD_TotalNatureTransac'!$F$2:$F$181,'TD_TotalNatureTransac'!$B$2:$B$181,B4,'TD_TotalNatureTransac'!$C$2:$C$181,"ZZ2",'TD_TotalNatureTransac'!$D$2:$D$181,"ESPECES") | K4: =SUMIFS('TD_TotalNatureTransac'!$E$2:$E$181,'TD_TotalNatureTransac'!$B$2:$B$181,B4,'TD_TotalNatureTransac'!$C$2:$C$181,"ZZ2",'TD_TotalNatureTransac'!$D$2:$D$181,"REF./TIROIR") | L4: =SUMIFS('TD_TotalNatureTransac'!$F$2:$F$181,'TD_TotalNatureTransac'!$B$2:$B$181,B4,'TD_TotalNatureTransac'!$C$2:$C$181,"ZZ2",'TD_TotalNatureTransac'!$D$2:$D$181,"REF./TIROIR")
A5: 2023 | B5: 2023-04 | C5: =SUMIFS('TD_TotalNatureTransac'!$E$2:$E$181,'TD_TotalNatureTransac'!$B$2:$B$181,B5,'TD_TotalNatureTransac'!$C$2:$C$181,"ZZ2",'TD_TotalNatureTransac'!$D$2:$D$181,"CARTES") | D5: =SUMIFS('TD_TotalNatureTransac'!$F$2:$F$181,'TD_TotalNatureTransac'!$B$2:$B$181,B5,'TD_TotalNatureTransac'!$C$2:$C$181,"ZZ2",'TD_TotalNatureTransac'!$D$2:$D$181,"CARTES") | E5: =SUMIFS('TD_TotalNatureTransac'!$E$2:$E$181,'TD_TotalNatureTransac'!$B$2:$B$181,B5,'TD_TotalNatureTransac'!$C$2:$C$181,"ZZ2",'TD_TotalNatureTransac'!$D$2:$D$181,"CHEQUES") | F5: =SUMIFS('TD_TotalNatureTransac'!$F$2:$F$181,'TD_TotalNatureTransac'!$B$2:$B$181,B5,'TD_TotalNatureTransac'!$C$2:$C$181,"ZZ2",'TD_TotalNatureTransac'!$D$2:$D$181,"CHEQUES") | G5: =SUMIFS('TD_TotalNatureTransac'!$E$2:$E$181,'TD_TotalNatureTransac'!$B$2:$B$181,B5,'TD_TotalNatureTransac'!$C$2:$C$181,"ZZ2",'TD_TotalNatureTransac'!$D$2:$D$181,"CORRECTION") | H5: =SUMIFS('TD_TotalNatureTransac'!$F$2:$F$181,'TD_TotalNatureTransac'!$B$2:$B$181,B5,'TD_TotalNatureTransac'!$C$2:$C$181,"ZZ2",'TD_TotalNatureTransac'!$D$2:$D$181,"CORRECTION") | I5: =SUMIFS('TD_TotalNatureTransac'!$E$2:$E$181,'TD_TotalNatureTransac'!$B$2:$B$181,B5,'TD_TotalNatureTransac'!$C$2:$C$181,"ZZ2",'TD_TotalNatureTransac'!$D$2:$D$181,"ESPECES") | J5: =SUMIFS('TD_TotalNatureTransac'!$F$2:$F$181,'TD_TotalNatureTransac'!$B$2:$B$181,B5,'TD_TotalNatureTransac'!$C$2:$C$181,"ZZ2",'TD_TotalNatureTransac'!$D$2:$D$181,"ESPECES") | K5: =SUMIFS('TD_TotalNatureTransac'!$E$2:$E$181,'TD_TotalNatureTransac'!$B$2:$B$181,B5,'TD_TotalNatureTransac'!$C$2:$C$181,"ZZ2",'TD_TotalNatureTransac'!$D$2:$D$181,"REF./TIROIR") | L5: =SUMIFS('TD_TotalNatureTransac'!$F$2:$F$181,'TD_TotalNatureTransac'!$B$2:$B$181,B5,'TD_TotalNatureTransac'!$C$2:$C$181,"ZZ2",'TD_TotalNatureTransac'!$D$2:$D$181,"REF./TIROIR")
A6: 2023 | B6: 2023-05 | C6: =SUMIFS('TD_TotalNatureTransac'!$E$2:$E$181,'TD_TotalNatureTransac'!$B$2:$B$181,B6,'TD_TotalNatureTransac'!$C$2:$C$181,"ZZ2",'TD_TotalNatureTransac'!$D$2:$D$181,"CARTES") | D6: =SUMIFS('TD_TotalNatureTransac'!$F$2:$F$181,'TD_TotalNatureTransac'!$B$2:$B$181,B6,'TD_TotalNatureTransac'!$C$2:$C$181,"ZZ2",'TD_TotalNatureTransac'!$D$2:$D$181,"CARTES") | E6: =SUMIFS('TD_TotalNatureTransac'!$E$2:$E$181,'TD_TotalNatureTransac'!$B$2:$B$181,B6,'TD_TotalNatureTransac'!$C$2:$C$181,"ZZ2",'TD_TotalNatureTransac'!$D$2:$D$181,"CHEQUES") | F6: =SUMIFS('TD_TotalNatureTransac'!$F$2:$F$181,'TD_TotalNatureTransac'!$B$2:$B$181,B6,'TD_TotalNatureTransac'!$C$2:$C$181,"ZZ2",'TD_TotalNatureTransac'!$D$2:$D$181,"CHEQUES") | G6: =SUMIFS('TD_TotalNatureTransac'!$E$2:$E$181,'TD_TotalNatureTransac'!$B$2:$B$181,B6,'TD_TotalNatureTransac'!$C$2:$C$181,"ZZ2",'TD_TotalNatureTransac'!$D$2:$D$181,"CORRECTION") | H6: =SUMIFS('TD_TotalNatureTransac'!$F$2:$F$181,'TD_TotalNatureTransac'!$B$2:$B$181,B6,'TD_TotalNatureTransac'!$C$2:$C$181,"ZZ2",'TD_TotalNatureTransac'!$D$2:$D$181,"CORRECTION") | I6: =SUMIFS('TD_TotalNatureTransac'!$E$2:$E$181,'TD_TotalNatureTransac'!$B$2:$B$181,B6,'TD_TotalNatureTransac'!$C$2:$C$181,"ZZ2",'TD_TotalNatureTransac'!$D$2:$D$181,"ESPECES") | J6: =SUMIFS('TD_TotalNatureTransac'!$F$2:$F$181,'TD_TotalNatureTransac'!$B$2:$B$181,B6,'TD_TotalNatureTransac'!$C$2:$C$181,"ZZ2",'TD_TotalNatureTransac'!$D$2:$D$181,"ESPECES") | K6: =SUMIFS('TD_TotalNatureTransac'!$E$2:$E$181,'TD_TotalNatureTransac'!$B$2:$B$181,B6,'TD_TotalNatureTransac'!$C$2:$C$181,"ZZ2",'TD_TotalNatureTransac'!$D$2:$D$181,"REF./TIROIR") | L6: =SUMIFS('TD_TotalNatureTransac'!$F$2:$F$181,'TD_TotalNatureTransac'!$B$2:$B$181,B6,'TD_TotalNatureTransac'!$C$2:$C$181,"ZZ2",'TD_TotalNatureTransac'!$D$2:$D$181,"REF./TIROIR")
A7: 2023 | B7: 2023-06 | C7: =SUMIFS('TD_TotalNatureTransac'!$E$2:$E$181,'TD_TotalNatureTransac'!$B$2:$B$181,B7,'TD_TotalNatureTransac'!$C$2:$C$181,"ZZ2",'TD_TotalNatureTransac'!$D$2:$D$181,"CARTES") | D7: =SUMIFS('TD_TotalNatureTransac'!$F$2:$F$181,'TD_TotalNatureTransac'!$B$2:$B$181,B7,'TD_TotalNatureTransac'!$C$2:$C$181,"ZZ2",'TD_TotalNatureTransac'!$D$2:$D$181,"CARTES") | E7: =SUMIFS('TD_TotalNatureTransac'!$E$2:$E$181,'TD_TotalNatureTransac'!$B$2:$B$181,B7,'TD_TotalNatureTransac'!$C$2:$C$181,"ZZ2",'TD_TotalNatureTransac'!$D$2:$D$181,"CHEQUES") | F7: =SUMIFS('TD_TotalNatureTransac'!$F$2:$F$181,'TD_TotalNatureTransac'!$B$2:$B$181,B7,'TD_TotalNatureTransac'!$C$2:$C$181,"ZZ2",'TD_TotalNatureTransac'!$D$2:$D$181,"CHEQUES") | G7: =SUMIFS('TD_TotalNatureTransac'!$E$2:$E$181,'TD_TotalNatureTransac'!$B$2:$B$181,B7,'TD_TotalNatureTransac'!$C$2:$C$181,"ZZ2",'TD_TotalNatureTransac'!$D$2:$D$181,"CORRECTION") | H7: =SUMIFS('TD_TotalNatureTransac'!$F$2:$F$181,'TD_TotalNatureTransac'!$B$2:$B$181,B7,'TD_TotalNatureTransac'!$C$2:$C$181,"ZZ2",'TD_TotalNatureTransac'!$D$2:$D$181,"CORRECTION") | I7: =SUMIFS('TD_TotalNatureTransac'!$E$2:$E$181,'TD_TotalNatureTransac'!$B$2:$B$181,B7,'TD_TotalNatureTransac'!$C$2:$C$181,"ZZ2",'TD_TotalNatureTransac'!$D$2:$D$181,"ESPECES") | J7: =SUMIFS('TD_TotalNatureTransac'!$F$2:$F$181,'TD_TotalNatureTransac'!$B$2:$B$181,B7,'TD_TotalNatureTransac'!$C$2:$C$181,"ZZ2",'TD_TotalNatureTransac'!$D$2:$D$181,"ESPECES") | K7: =SUMIFS('TD_TotalNatureTransac'!$E$2:$E$181,'TD_TotalNatureTransac'!$B$2:$B$181,B7,'TD_TotalNatureTransac'!$C$2:$C$181,"ZZ2",'TD_TotalNatureTransac'!$D$2:$D$181,"REF./TIROIR") | L7: =SUMIFS('TD_TotalNatureTransac'!$F$2:$F$181,'TD_TotalNatureTransac'!$B$2:$B$181,B7,'TD_TotalNatureTransac'!$C$2:$C$181,"ZZ2",'TD_TotalNatureTransac'!$D$2:$D$181,"REF./TIROIR")
A8: 2023 | B8: 2023-07 | C8: =SUMIFS('TD_TotalNatureTransac'!$E$2:$E$181,'TD_TotalNatureTransac'!$B$2:$B$181,B8,'TD_TotalNatureTransac'!$C$2:$C$181,"ZZ2",'TD_TotalNatureTransac'!$D$2:$D$181,"CARTES") | D8: =SUMIFS('TD_TotalNatureTransac'!$F$2:$F$181,'TD_TotalNatureTransac'!$B$2:$B$181,B8,'TD_TotalNatureTransac'!$C$2:$C$181,"ZZ2",'TD_TotalNatureTransac'!$D$2:$D$181,"CARTES") | E8: =SUMIFS('TD_TotalNatureTransac'!$E$2:$E$181,'TD_TotalNatureTransac'!$B$2:$B$181,B8,'TD_TotalNatureTransac'!$C$2:$C$181,"ZZ2",'TD_TotalNatureTransac'!$D$2:$D$181,"CHEQUES") | F8: =SUMIFS('TD_TotalNatureTransac'!$F$2:$F$181,'TD_TotalNatureTransac'!$B$2:$B$181,B8,'TD_TotalNatureTransac'!$C$2:$C$181,"ZZ2",'TD_TotalNatureTransac'!$D$2:$D$181,"CHEQUES") | G8: =SUMIFS('TD_TotalNatureTransac'!$E$2:$E$181,'TD_TotalNatureTransac'!$B$2:$B$181,B8,'TD_TotalNatureTransac'!$C$2:$C$181,"ZZ2",'TD_TotalNatureTransac'!$D$2:$D$181,"CORRECTION") | H8: =SUMIFS('TD_TotalNatureTransac'!$F$2:$F$181,'TD_TotalNatureTransac'!$B$2:$B$181,B8,'TD_TotalNatureTransac'!$C$2:$C$181,"ZZ2",'TD_TotalNatureTransac'!$D$2:$D$181,"CORRECTION") | I8: =SUMIFS('TD_TotalNatureTransac'!$E$2:$E$181,'TD_TotalNatureTransac'!$B$2:$B$181,B8,'TD_TotalNatureTransac'!$C$2:$C$181,"ZZ2",'TD_TotalNatureTransac'!$D$2:$D$181,"ESPECES") | J8: =SUMIFS('TD_TotalNatureTransac'!$F$2:$F$181,'TD_TotalNatureTransac'!$B$2:$B$181,B8,'TD_TotalNatureTransac'!$C$2:$C$181,"ZZ2",'TD_TotalNatureTransac'!$D$2:$D$181,"ESPECES") | K8: =SUMIFS('TD_TotalNatureTransac'!$E$2:$E$181,'TD_TotalNatureTransac'!$B$2:$B$181,B8,'TD_TotalNatureTransac'!$C$2:$C$181,"ZZ2",'TD_TotalNatureTransac'!$D$2:$D$181,"REF./TIROIR") | L8: =SUMIFS('TD_TotalNatureTransac'!$F$2:$F$181,'TD_TotalNatureTransac'!$B$2:$B$181,B8,'TD_TotalNatureTransac'!$C$2:$C$181,"ZZ2",'TD_TotalNatureTransac'!$D$2:$D$181,"REF./TIROIR")
A9: 2023 | B9: 2023-08 | C9: =SUMIFS('TD_TotalNatureTransac'!$E$2:$E$181,'TD_TotalNatureTransac'!$B$2:$B$181,B9,'TD_TotalNatureTransac'!$C$2:$C$181,"ZZ2",'TD_TotalNatureTransac'!$D$2:$D$181,"CARTES") | D9: =SUMIFS('TD_TotalNatureTransac'!$F$2:$F$181,'TD_TotalNatureTransac'!$B$2:$B$181,B9,'TD_TotalNatureTransac'!$C$2:$C$181,"ZZ2",'TD_TotalNatureTransac'!$D$2:$D$181,"CARTES") | E9: =SUMIFS('TD_TotalNatureTransac'!$E$2:$E$181,'TD_TotalNatureTransac'!$B$2:$B$181,B9,'TD_TotalNatureTransac'!$C$2:$C$181,"ZZ2",'TD_TotalNatureTransac'!$D$2:$D$181,"CHEQUES") | F9: =SUMIFS('TD_TotalNatureTransac'!$F$2:$F$181,'TD_TotalNatureTransac'!$B$2:$B$181,B9,'TD_TotalNatureTransac'!$C$2:$C$181,"ZZ2",'TD_TotalNatureTransac'!$D$2:$D$181,"CHEQUES") | G9: =SUMIFS('TD_TotalNatureTransac'!$E$2:$E$181,'TD_TotalNatureTransac'!$B$2:$B$181,B9,'TD_TotalNatureTransac'!$C$2:$C$181,"ZZ2",'TD_TotalNatureTransac'!$D$2:$D$181,"CORRECTION") | H9: =SUMIFS('TD_TotalNatureTransac'!$F$2:$F$181,'TD_TotalNatureTransac'!$B$2:$B$181,B9,'TD_TotalNatureTransac'!$C$2:$C$181,"ZZ2",'TD_TotalNatureTransac'!$D$2:$D$181,"CORRECTION") | I9: =SUMIFS('TD_TotalNatureTransac'!$E$2:$E$181,'TD_TotalNatureTransac'!$B$2:$B$181,B9,'TD_TotalNatureTransac'!$C$2:$C$181,"ZZ2",'TD_TotalNatureTransac'!$D$2:$D$181,"ESPECES") | J9: =SUMIFS('TD_TotalNatureTransac'!$F$2:$F$181,'TD_TotalNatureTransac'!$B$2:$B$181,B9,'TD_TotalNatureTransac'!$C$2:$C$181,"ZZ2",'TD_TotalNatureTransac'!$D$2:$D$181,"ESPECES") | K9: =SUMIFS('TD_TotalNatureTransac'!$E$2:$E$181,'TD_TotalNatureTransac'!$B$2:$B$181,B9,'TD_TotalNatureTransac'!$C$2:$C$181,"ZZ2",'TD_TotalNatureTransac'!$D$2:$D$181,"REF./TIROIR") | L9: =SUMIFS('TD_TotalNatureTransac'!$F$2:$F$181,'TD_TotalNatureTransac'!$B$2:$B$181,B9,'TD_TotalNatureTransac'!$C$2:$C$181,"ZZ2",'TD_TotalNatureTransac'!$D$2:$D$181,"REF./TIROIR")
A10: 2023 | B10: 2023-09 | C10: =SUMIFS('TD_TotalNatureTransac'!$E$2:$E$181,'TD_TotalNatureTransac'!$B$2:$B$181,B10,'TD_TotalNatureTransac'!$C$2:$C$181,"ZZ2",'TD_TotalNatureTransac'!$D$2:$D$181,"CARTES") | D10: =SUMIFS('TD_TotalNatureTransac'!$F$2:$F$181,'TD_TotalNatureTransac'!$B$2:$B$181,B10,'TD_TotalNatureTransac'!$C$2:$C$181,"ZZ2",'TD_TotalNatureTransac'!$D$2:$D$181,"CARTES") | E10: =SUMIFS('TD_TotalNatureTransac'!$E$2:$E$181,'TD_TotalNatureTransac'!$B$2:$B$181,B10,'TD_TotalNatureTransac'!$C$2:$C$181,"ZZ2",'TD_TotalNatureTransac'!$D$2:$D$181,"CHEQUES") | F10: =SUMIFS('TD_TotalNatureTransac'!$F$2:$F$181,'TD_TotalNatureTransac'!$B$2:$B$181,B10,'TD_TotalNatureTransac'!$C$2:$C$181,"ZZ2",'TD_TotalNatureTransac'!$D$2:$D$181,"CHEQUES") | G10: =SUMIFS('TD_TotalNatureTransac'!$E$2:$E$181,'TD_TotalNatureTransac'!$B$2:$B$181,B10,'TD_TotalNatureTransac'!$C$2:$C$181,"ZZ2",'TD_TotalNatureTransac'!$D$2:$D$181,"CORRECTION") | H10: =SUMIFS('TD_TotalNatureTransac'!$F$2:$F$181,'TD_TotalNatureTransac'!$B$2:$B$181,B10,'TD_TotalNatureTransac'!$C$2:$C$181,"ZZ2",'TD_TotalNatureTransac'!$D$2:$D$181,"CORRECTION") | I10: =SUMIFS('TD_TotalNatureTransac'!$E$2:$E$181,'TD_TotalNatureTransac'!$B$2:$B$181,B10,'TD_TotalNatureTransac'!$C$2:$C$181,"ZZ2",'TD_TotalNatureTransac'!$D$2:$D$181,"ESPECES") | J10: =SUMIFS('TD_TotalNatureTransac'!$F$2:$F$181,'TD_TotalNatureTransac'!$B$2:$B$181,B10,'TD_TotalNatureTransac'!$C$2:$C$181,"ZZ2",'TD_TotalNatureTransac'!$D$2:$D$181,"ESPECES") | K10: =SUMIFS('TD_TotalNatureTransac'!$E$2:$E$181,'TD_TotalNatureTransac'!$B$2:$B$181,B10,'TD_TotalNatureTransac'!$C$2:$C$181,"ZZ2",'TD_TotalNatureTransac'!$D$2:$D$181,"REF./TIROIR") | L10: =SUMIFS('TD_TotalNatureTransac'!$F$2:$F$181,'TD_TotalNatureTransac'!$B$2:$B$181,B10,'TD_TotalNatureTransac'!$C$2:$C$181,"ZZ2",'TD_TotalNatureTransac'!$D$2:$D$181,"REF./TIROIR")
A11: 2023 | B11: 2023-10 | C11: =SUMIFS('TD_TotalNatureTransac'!$E$2:$E$181,'TD_TotalNatureTransac'!$B$2:$B$181,B11,'TD_TotalNatureTransac'!$C$2:$C$181,"ZZ2",'TD_TotalNatureTransac'!$D$2:$D$181,"CARTES") | D11: =SUMIFS('TD_TotalNatureTransac'!$F$2:$F$181,'TD_TotalNatureTransac'!$B$2:$B$181,B11,'TD_TotalNatureTransac'!$C$2:$C$181,"ZZ2",'TD_TotalNatureTransac'!$D$2:$D$181,"CARTES") | E11: =SUMIFS('TD_TotalNatureTransac'!$E$2:$E$181,'TD_TotalNatureTransac'!$B$2:$B$181,B11,'TD_TotalNatureTransac'!$C$2:$C$181,"ZZ2",'TD_TotalNatureTransac'!$D$2:$D$181,"CHEQUES") | F11: =SUMIFS('TD_TotalNatureTransac'!$F$2:$F$181,'TD_TotalNatureTransac'!$B$2:$B$181,B11,'TD_TotalNatureTransac'!$C$2:$C$181,"ZZ2",'TD_TotalNatureTransac'!$D$2:$D$181,"CHEQUES") | G11: =SUMIFS('TD_TotalNatureTransac'!$E$2:$E$181,'TD_TotalNatureTransac'!$B$2:$B$181,B11,'TD_TotalNatureTransac'!$C$2:$C$181,"ZZ2",'TD_TotalNatureTransac'!$D$2:$D$181,"CORRECTION") | H11: =SUMIFS('TD_TotalNatureTransac'!$F$2:$F$181,'TD_TotalNatureTransac'!$B$2:$B$181,B11,'TD_TotalNatureTransac'!$C$2:$C$181,"ZZ2",'TD_TotalNatureTransac'!$D$2:$D$181,"CORRECTION") | I11: =SUMIFS('TD_TotalNatureTransac'!$E$2:$E$181,'TD_TotalNatureTransac'!$B$2:$B$181,B11,'TD_TotalNatureTransac'!$C$2:$C$181,"ZZ2",'TD_TotalNatureTransac'!$D$2:$D$181,"ESPECES") | J11: =SUMIFS('TD_TotalNatureTransac'!$F$2:$F$181,'TD_TotalNatureTransac'!$B$2:$B$181,B11,'TD_TotalNatureTransac'!$C$2:$C$181,"ZZ2",'TD_TotalNatureTransac'!$D$2:$D$181,"ESPECES") | K11: =SUMIFS('TD_TotalNatureTransac'!$E$2:$E$181,'TD_TotalNatureTransac'!$B$2:$B$181,B11,'TD_TotalNatureTransac'!$C$2:$C$181,"ZZ2",'TD_TotalNatureTransac'!$D$2:$D$181,"REF./TIROIR") | L11: =SUMIFS('TD_TotalNatureTransac'!$F$2:$F$181,'TD_TotalNatureTransac'!$B$2:$B$181,B11,'TD_TotalNatureTransac'!$C$2:$C$181,"ZZ2",'TD_TotalNatureTransac'!$D$2:$D$181,"REF./TIROIR")
A12: 2023 | B12: 2023-11 | C12: =SUMIFS('TD_TotalNatureTransac'!$E$2:$E$181,'TD_TotalNatureTransac'!$B$2:$B$181,B12,'TD_TotalNatureTransac'!$C$2:$C$181,"ZZ2",'TD_TotalNatureTransac'!$D$2:$D$181,"CARTES") | D12: =SUMIFS('TD_TotalNatureTransac'!$F$2:$F$181,'TD_TotalNatureTransac'!$B$2:$B$181,B12,'TD_TotalNatureTransac'!$C$2:$C$181,"ZZ2",'TD_TotalNatureTransac'!$D$2:$D$181,"CARTES") | E12: =SUMIFS('TD_TotalNatureTransac'!$E$2:$E$181,'TD_TotalNatureTransac'!$B$2:$B$181,B12,'TD_TotalNatureTransac'!$C$2:$C$181,"ZZ2",'TD_TotalNatureTransac'!$D$2:$D$181,"CHEQUES") | F12: =SUMIFS('TD_TotalNatureTransac'!$F$2:$F$181,'TD_TotalNatureTransac'!$B$2:$B$181,B12,'TD_TotalNatureTransac'!$C$2:$C$181,"ZZ2",'TD_TotalNatureTransac'!$D$2:$D$181,"CHEQUES") | G12: =SUMIFS('TD_TotalNatureTransac'!$E$2:$E$181,'TD_TotalNatureTransac'!$B$2:$B$181,B12,'TD_TotalNatureTransac'!$C$2:$C$181,"ZZ2",'TD_TotalNatureTransac'!$D$2:$D$181,"CORRECTION") | H12: =SUMIFS('TD_TotalNatureTransac'!$F$2:$F$181,'TD_TotalNatureTransac'!$B$2:$B$181,B12,'TD_TotalNatureTransac'!$C$2:$C$181,"ZZ2",'TD_TotalNatureTransac'!$D$2:$D$181,"CORRECTION") | I12: =SUMIFS('TD_TotalNatureTransac'!$E$2:$E$181,'TD_TotalNatureTransac'!$B$2:$B$181,B12,'TD_TotalNatureTransac'!$C$2:$C$181,"ZZ2",'TD_TotalNatureTransac'!$D$2:$D$181,"ESPECES") | J12: =SUMIFS('TD_TotalNatureTransac'!$F$2:$F$181,'TD_TotalNatureTransac'!$B$2:$B$181,B12,'TD_TotalNatureTransac'!$C$2:$C$181,"ZZ2",'TD_TotalNatureTransac'!$D$2:$D$181,"ESPECES") | K12: =SUMIFS('TD_TotalNatureTransac'!$E$2:$E$181,'TD_TotalNatureTransac'!$B$2:$B$181,B12,'TD_TotalNatureTransac'!$C$2:$C$181,"ZZ2",'TD_TotalNatureTransac'!$D$2:$D$181,"REF./TIROIR") | L12: =SUMIFS('TD_TotalNatureTransac'!$F$2:$F$181,'TD_TotalNatureTransac'!$B$2:$B$181,B12,'TD_TotalNatureTransac'!$C$2:$C$181,"ZZ2",'TD_TotalNatureTransac'!$D$2:$D$181,"REF./TIROIR")
A13: 2023 | B13: 2023-12 | C13: =SUMIFS('TD_TotalNatureTransac'!$E$2:$E$181,'TD_TotalNatureTransac'!$B$2:$B$181,B13,'TD_TotalNatureTransac'!$C$2:$C$181,"ZZ2",'TD_TotalNatureTransac'!$D$2:$D$181,"CARTES") | D13: =SUMIFS('TD_TotalNatureTransac'!$F$2:$F$181,'TD_TotalNatureTransac'!$B$2:$B$181,B13,'TD_TotalNatureTransac'!$C$2:$C$181,"ZZ2",'TD_TotalNatureTransac'!$D$2:$D$181,"CARTES") | E13: =SUMIFS('TD_TotalNatureTransac'!$E$2:$E$181,'TD_TotalNatureTransac'!$B$2:$B$181,B13,'TD_TotalNatureTransac'!$C$2:$C$181,"ZZ2",'TD_TotalNatureTransac'!$D$2:$D$181,"CHEQUES") | F13: =SUMIFS('TD_TotalNatureTransac'!$F$2:$F$181,'TD_TotalNatureTransac'!$B$2:$B$181,B13,'TD_TotalNatureTransac'!$C$2:$C$181,"ZZ2",'TD_TotalNatureTransac'!$D$2:$D$181,"CHEQUES") | G13: =SUMIFS('TD_TotalNatureTransac'!$E$2:$E$181,'TD_TotalNatureTransac'!$B$2:$B$181,B13,'TD_TotalNatureTransac'!$C$2:$C$181,"ZZ2",'TD_TotalNatureTransac'!$D$2:$D$181,"CORRECTION") | H13: =SUMIFS('TD_TotalNatureTransac'!$F$2:$F$181,'TD_TotalNatureTransac'!$B$2:$B$181,B13,'TD_TotalNatureTransac'!$C$2:$C$181,"ZZ2",'TD_TotalNatureTransac'!$D$2:$D$181,"CORRECTION") | I13: =SUMIFS('TD_TotalNatureTransac'!$E$2:$E$181,'TD_TotalNatureTransac'!$B$2:$B$181,B13,'TD_TotalNatureTransac'!$C$2:$C$181,"ZZ2",'TD_TotalNatureTransac'!$D$2:$D$181,"ESPECES") | J13: =SUMIFS('TD_TotalNatureTransac'!$F$2:$F$181,'TD_TotalNatureTransac'!$B$2:$B$181,B13,'TD_TotalNatureTransac'!$C$2:$C$181,"ZZ2",'TD_TotalNatureTransac'!$D$2:$D$181,"ESPECES") | K13: =SUMIFS('TD_TotalNatureTransac'!$E$2:$E$181,'TD_TotalNatureTransac'!$B$2:$B$181,B13,'TD_TotalNatureTransac'!$C$2:$C$181,"ZZ2",'TD_TotalNatureTransac'!$D$2:$D$181,"REF./TIROIR") | L13: =SUMIFS('TD_TotalNatureTransac'!$F$2:$F$181,'TD_TotalNatureTransac'!$B$2:$B$181,B13,'TD_TotalNatureTransac'!$C$2:$C$181,"ZZ2",'TD_TotalNatureTransac'!$D$2:$D$181,"REF./TIROIR")

Sheet Z2_Total_ModeZ
A1: AJ_ANNEE_Z | B1: AJ_MOIS_Z | C1: CARTES_D_QUANTITE | D1: CARTES_D_MONTANT | E1: CHEQUES_D_QUANTITE | F1: CHEQUES_D_MONTANT | G1: CORRECTION_D_QUANTITE | H1: CORRECTION_D_MONTANT | I1: ESPECES_D_QUANTITE | J1: ESPECES_D_MONTANT | K1: REF__TIROIR_D_QUANTITE | L1: REF__TIROIR_D_MONTANT
A2: 2023 | B2: 2023-01 | C2: =SUMIFS('TD_TotalNatureTransac'!$E$2:$E$181,'TD_TotalNatureTransac'!$B$2:$B$181,B2,'TD_TotalNatureTransac'!$C$2:$C$181,"Z",'TD_TotalNatureTransac'!$D$2:$D$181,"CARTES") | D2: =SUMIFS('TD_TotalNatureTransac'!$F$2:$F$181,'TD_TotalNatureTransac'!$B$2:$B$181,B2,'TD_TotalNatureTransac'!$C$2:$C$181,"Z",'TD_TotalNatureTransac'!$D$2:$D$181,"CARTES") | E2: =SUMIFS('TD_TotalNatureTransac'!$E$2:$E$181,'TD_TotalNatureTransac'!$B$2:$B$181,B2,'TD_TotalNatureTransac'!$C$2:$C$181,"Z",'TD_TotalNatureTransac'!$D$2:$D$181,"CHEQUES") | F2: =SUMIFS('TD_TotalNatureTransac'!$F$2:$F$181,'TD_TotalNatureTransac'!$B$2:$B$181,B2,'TD_TotalNatureTransac'!$C$2:$C$181,"Z",'TD_TotalNatureTransac'!$D$2:$D$181,"CHEQUES") | G2: =SUMIFS('TD_TotalNatureTransac'!$E$2:$E$181,'TD_TotalNatureTransac'!$B$2:$B$181,B2,'TD_TotalNatureTransac'!$C$2:$C$181,"Z",'TD_TotalNatureTransac'!$D$2:$D$181,"CORRECTION") | H2: =SUMIFS('TD_TotalNatureTransac'!$F$2:$F$181,'TD_TotalNatureTransac'!$B$2:$B$181,B2,'TD_TotalNatureTransac'!$C$2:$C$181,"Z",'TD_TotalNatureTransac'!$D$2:$D$181,"CORRECTION") | I2: =SUMIFS('TD_TotalNatureTransac'!$E$2:$E$181,'TD_TotalNatureTransac'!$B$2:$B$181,B2,'TD_TotalNatureTransac'!$C$2:$C$181,"Z",'TD_TotalNatureTransac'!$D$2:$D$181,"ESPECES") | J2: =SUMIFS('TD_TotalNatureTransac'!$F$2:$F$181,'TD_TotalNatureTransac'!$B$2:$B$181,B2,'TD_TotalNatureTransac'!$C$2:$C$181,"Z",'TD_TotalNatureTransac'!$D$2:$D$181,"ESPECES") | K2: =SUMIFS('TD_TotalNatureTransac'!$E$2:$E$181,'TD_TotalNatureTransac'!$B$2:$B$181,B2,'TD_TotalNatureTransac'!$C$2:$C$181,"Z",'TD_TotalNatureTransac'!$D$2:$D$181,"REF./TIROIR") | L2: =SUMIFS('TD_TotalNatureTransac'!$F$2:$F$181,'TD_TotalNatureTransac'!$B$2:$B$181,B2,'TD_TotalNatureTransac'!$C$2:$C$181,"Z",'TD_TotalNatureTransac'!$D$2:$D$181,"REF./TIROIR")
A3: 2023 | B3: 2023-02 | C3: =SUMIFS('TD_TotalNatureTransac'!$E$2:$E$181,'TD_TotalNatureTransac'!$B$2:$B$181,B3,'TD_TotalNatureTransac'!$C$2:$C$181,"Z",'TD_TotalNatureTransac'!$D$2:$D$181,"CARTES") | D3: =SUMIFS('TD_TotalNatureTransac'!$F$2:$F$181,'TD_TotalNatureTransac'!$B$2:$B$181,B3,'TD_TotalNatureTransac'!$C$2:$C$181,"Z",'TD_TotalNatureTransac'!$D$2:$D$181,"CARTES") | E3: =SUMIFS('TD_TotalNatureTransac'!$E$2:$E$181,'TD_TotalNatureTransac'!$B$2:$B$181,B3,'TD_TotalNatureTransac'!$C$2:$C$181,"Z",'TD_TotalNatureTransac'!$D$2:$D$181,"CHEQUES") | F3: =SUMIFS('TD_TotalNatureTransac'!$F$2:$F$181,'TD_TotalNatureTransac'!$B$2:$B$181,B3,'TD_TotalNatureTransac'!$C$2:$C$181,"Z",'TD_TotalNatureTransac'!$D$2:$D$181,"CHEQUES") | G3: =SUMIFS('TD_TotalNatureTransac'!$E$2:$E$181,'TD_TotalNatureTransac'!$B$2:$B$181,B3,'TD_TotalNatureTransac'!$C$2:$C$181,"Z",'TD_TotalNatureTransac'!$D$2:$D$181,"CORRECTION") | H3: =SUMIFS('TD_TotalNatureTransac'!$F$2:$F$181,'TD_TotalNatureTransac'!$B$2:$B$181,B3,'TD_TotalNatureTransac'!$C$2:$C$181,"Z",'TD_TotalNatureTransac'!$D$2:$D$181,"CORRECTION") | I3: =SUMIFS('TD_TotalNatureTransac'!$E$2:$E$181,'TD_TotalNatureTransac'!$B$2:$B$181,B3,'TD_TotalNatureTransac'!$C$2:$C$181,"Z",'TD_TotalNatureTransac'!$D$2:$D$181,"ESPECES") | J3: =SUMIFS('TD_TotalNatureTransac'!$F$2:$F$181,'TD_TotalNatureTransac'!$B$2:$B$181,B3,'TD_TotalNatureTransac'!$C$2:$C$181,"Z",'TD_TotalNatureTransac'!$D$2:$D$181,"ESPECES") | K3: =SUMIFS('TD_TotalNatureTransac'!$E$2:$E$181,'TD_TotalNatureTransac'!$B$2:$B$181,B3,'TD_TotalNatureTransac'!$C$2:$C$181,"Z",'TD_TotalNatureTransac'!$D$2:$D$181,"REF./TIROIR") | L3: =SUMIFS('TD_TotalNatureTransac'!$F$2:$F$181,'TD_TotalNatureTransac'!$B$2:$B$181,B3,'TD_TotalNatureTransac'!$C$2:$C$181,"Z",'TD_TotalNatureTransac'!$D$2:$D$181,"REF./TIROIR")
A4: 2023 | B4: 2023-03 | C4: =SUMIFS('TD_TotalNatureTransac'!$E$2:$E$181,'TD_TotalNatureTransac'!$B$2:$B$181,B4,'TD_TotalNatureTransac'!$C$2:$C$181,"Z",'TD_TotalNatureTransac'!$D$2:$D$181,"CARTES") | D4: =SUMIFS('TD_TotalNatureTransac'!$F$2:$F$181,'TD_TotalNatureTransac'!$B$2:$B$181,B4,'TD_TotalNatureTransac'!$C$2:$C$181,"Z",'TD_TotalNatureTransac'!$D$2:$D$181,"CARTES") | E4: =SUMIFS('TD_TotalNatureTransac'!$E$2:$E$181,'TD_TotalNatureTransac'!$B$2:$B$181,B4,'TD_TotalNatureTransac'!$C$2:$C$181,"Z",'TD_TotalNatureTransac'!$D$2:$D$181,"CHEQUES") | F4: =SUMIFS('TD_TotalNatureTransac'!$F$2:$F$181,'TD_TotalNatureTransac'!$B$2:$B$181,B4,'TD_TotalNatureTransac'!$C$2:$C$181,"Z",'TD_TotalNatureTransac'!$D$2:$D$181,"CHEQUES") | G4: =SUMIFS('TD_TotalNatureTransac'!$E$2:$E$181,'TD_TotalNatureTransac'!$B$2:$B$181,B4,'TD_TotalNatureTransac'!$C$2:$C$181,"Z",'TD_TotalNatureTransac'!$D$2:$D$181,"CORRECTION") | H4: =SUMIFS('TD_TotalNatureTransac'!$F$2:$F$181,'TD_TotalNatureTransac'!$B$2:$B$181,B4,'TD_TotalNatureTransac'!$C$2:$C$181,"Z",'TD_TotalNatureTransac'!$D$2:$D$181,"CORRECTION") | I4: =SUMIFS('TD_TotalNatureTransac'!$E$2:$E$181,'TD_TotalNatureTransac'!$B$2:$B$181,B4,'TD_TotalNatureTransac'!$C$2:$C$181,"Z",'TD_TotalNatureTransac'!$D$2:$D$181,"ESPECES") | J4: =SUMIFS('TD_TotalNatureTransac'!$F$2:$F$181,'TD_TotalNatureTransac'!$B$2:$B$181,B4,'TD_TotalNatureTransac'!$C$2:$C$181,"Z",'TD_TotalNatureTransac'!$D$2:$D$181,"ESPECES") | K4: =SUMIFS('TD_TotalNatureTransac'!$E$2:$E$181,'TD_TotalNatureTransac'!$B$2:$B$181,B4,'TD_TotalNatureTransac'!$C$2:$C$181,"Z",'TD_TotalNatureTransac'!$D$2:$D$181,"REF./TIROIR") | L4: =SUMIFS('TD_TotalNatureTransac'!$F$2:$F$181,'TD_TotalNatureTransac'!$B$2:$B$181,B4,'TD_TotalNatureTransac'!$C$2:$C$181,"Z",'TD_TotalNatureTransac'!$D$2:$D$181,"REF./TIROIR")
A5: 2023 | B5: 2023-04 | C5: =SUMIFS('TD_TotalNatureTransac'!$E$2:$E$181,'TD_TotalNatureTransac'!$B$2:$B$181,B5,'TD_TotalNatureTransac'!$C$2:$C$181,"Z",'TD_TotalNatureTransac'!$D$2:$D$181,"CARTES") | D5: =SUMIFS('TD_TotalNatureTransac'!$F$2:$F$181,'TD_TotalNatureTransac'!$B$2:$B$181,B5,'TD_TotalNatureTransac'!$C$2:$C$181,"Z",'TD_TotalNatureTransac'!$D$2:$D$181,"CARTES") | E5: =SUMIFS('TD_TotalNatureTransac'!$E$2:$E$181,'TD_TotalNatureTransac'!$B$2:$B$181,B5,'TD_TotalNatureTransac'!$C$2:$C$181,"Z",'TD_TotalNatureTransac'!$D$2:$D$181,"CHEQUES") | F5: =SUMIFS('TD_TotalNatureTransac'!$F$2:$F$181,'TD_TotalNatureTransac'!$B$2:$B$181,B5,'TD_TotalNatureTransac'!$C$2:$C$181,"Z",'TD_TotalNatureTransac'!$D$2:$D$181,"CHEQUES") | G5: =SUMIFS('TD_TotalNatureTransac'!$E$2:$E$181,'TD_TotalNatureTransac'!$B$2:$B$181,B5,'TD_TotalNatureTransac'!$C$2:$C$181,"Z",'TD_TotalNatureTransac'!$D$2:$D$181,"CORRECTION") | H5: =SUMIFS('TD_TotalNatureTransac'!$F$2:$F$181,'TD_TotalNatureTransac'!$B$2:$B$181,B5,'TD_TotalNatureTransac'!$C$2:$C$181,"Z",'TD_TotalNatureTransac'!$D$2:$D$181,"CORRECTION") | I5: =SUMIFS('TD_TotalNatureTransac'!$E$2:$E$181,'TD_TotalNatureTransac'!$B$2:$B$181,B5,'TD_TotalNatureTransac'!$C$2:$C$181,"Z",'TD_TotalNatureTransac'!$D$2:$D$181,"ESPECES") | J5: =SUMIFS('TD_TotalNatureTransac'!$F$2:$F$181,'TD_TotalNatureTransac'!$B$2:$B$181,B5,'TD_TotalNatureTransac'!$C$2:$C$181,"Z",'TD_TotalNatureTransac'!$D$2:$D$181,"ESPECES") | K5: =SUMIFS('TD_TotalNatureTransac'!$E$2:$E$181,'TD_TotalNatureTransac'!$B$2:$B$181,B5,'TD_TotalNatureTransac'!$C$2:$C$181,"Z",'TD_TotalNatureTransac'!$D$2:$D$181,"REF./TIROIR") | L5: =SUMIFS('TD_TotalNatureTransac'!$F$2:$F$181,'TD_TotalNatureTransac'!$B$2:$B$181,B5,'TD_TotalNatureTransac'!$C$2:$C$181,"Z",'TD_TotalNatureTransac'!$D$2:$D$181,"REF./TIROIR")
A6: 2023 | B6: 2023-05 | C6: =SUMIFS('TD_TotalNatureTransac'!$E$2:$E$181,'TD_TotalNatureTransac'!$B$2:$B$181,B6,'TD_TotalNatureTransac'!$C$2:$C$181,"Z",'TD_TotalNatureTransac'!$D$2:$D$181,"CARTES") | D6: =SUMIFS('TD_TotalNatureTransac'!$F$2:$F$181,'TD_TotalNatureTransac'!$B$2:$B$181,B6,'TD_TotalNatureTransac'!$C$2:$C$181,"Z",'TD_TotalNatureTransac'!$D$2:$D$181,"CARTES") | E6: =SUMIFS('TD_TotalNatureTransac'!$E$2:$E$181,'TD_TotalNatureTransac'!$B$2:$B$181,B6,'TD_TotalNatureTransac'!$C$2:$C$181,"Z",'TD_TotalNatureTransac'!$D$2:$D$181,"CHEQUES") | F6: =SUMIFS('TD_TotalNatureTransac'!$F$2:$F$181,'TD_TotalNatureTransac'!$B$2:$B$181,B6,'TD_TotalNatureTransac'!$C$2:$C$181,"Z",'TD_TotalNatureTransac'!$D$2:$D$181,"CHEQUES") | G6: =SUMIFS('TD_TotalNatureTransac'!$E$2:$E$181,'TD_TotalNatureTransac'!$B$2:$B$181,B6,'TD_TotalNatureTransac'!$C$2:$C$181,"Z",'TD_TotalNatureTransac'!$D$2:$D$181,"CORRECTION") | H6: =SUMIFS('TD_TotalNatureTransac'!$F$2:$F$181,'TD_TotalNatureTransac'!$B$2:$B$181,B6,'TD_TotalNatureTransac'!$C$2:$C$181,"Z",'TD_TotalNatureTransac'!$D$2:$D$181,"CORRECTION") | I6: =SUMIFS('TD_TotalNatureTransac'!$E$2:$E$181,'TD_TotalNatureTransac'!$B$2:$B$181,B6,'TD_TotalNatureTransac'!$C$2:$C$181,"Z",'TD_TotalNatureTransac'!$D$2:$D$181,"ESPECES") | J6: =SUMIFS('TD_TotalNatureTransac'!$F$2:$F$181,'TD_TotalNatureTransac'!$B$2:$B$181,B6,'TD_TotalNatureTransac'!$C$2:$C$181,"Z",'TD_TotalNatureTransac'!$D$2:$D$181,"ESPECES") | K6: =SUMIFS('TD_TotalNatureTransac'!$E$2:$E$181,'TD_TotalNatureTransac'!$B$2:$B$181,B6,'TD_TotalNatureTransac'!$C$2:$C$181,"Z",'TD_TotalNatureTransac'!$D$2:$D$181,"REF./TIROIR") | L6: =SUMIFS('TD_TotalNatureTransac'!$F$2:$F$181,'TD_TotalNatureTransac'!$B$2:$B$181,B6,'TD_TotalNatureTransac'!$C$2:$C$181,"Z",'TD_TotalNatureTransac'!$D$2:$D$181,"REF./TIROIR")
A7: 2023 | B7: 2023-06 | C7: =SUMIFS('TD_TotalNatureTransac'!$E$2:$E$181,'TD_TotalNatureTransac'!$B$2:$B$181,B7,'TD_TotalNatureTransac'!$C$2:$C$181,"Z",'TD_TotalNatureTransac'!$D$2:$D$181,"CARTES") | D7: =SUMIFS('TD_TotalNatureTransac'!$F$2:$F$181,'TD_TotalNatureTransac'!$B$2:$B$181,B7,'TD_TotalNatureTransac'!$C$2:$C$181,"Z",'TD_TotalNatureTransac'!$D$2:$D$181,"CARTES") | E7: =SUMIFS('TD_TotalNatureTransac'!$E$2:$E$181,'TD_TotalNatureTransac'!$B$2:$B$181,B7,'TD_TotalNatureTransac'!$C$2:$C$181,"Z",'TD_TotalNatureTransac'!$D$2:$D$181,"CHEQUES") | F7: =SUMIFS('TD_TotalNatureTransac'!$F$2:$F$181,'TD_TotalNatureTransac'!$B$2:$B$181,B7,'TD_TotalNatureTransac'!$C$2:$C$181,"Z",'TD_TotalNatureTransac'!$D$2:$D$181,"CHEQUES") | G7: =SUMIFS('TD_TotalNatureTransac'!$E$2:$E$181,'TD_TotalNatureTransac'!$B$2:$B$181,B7,'TD_TotalNatureTransac'!$C$2:$C$181,"Z",'TD_TotalNatureTransac'!$D$2:$D$181,"CORRECTION") | H7: =SUMIFS('TD_TotalNatureTransac'!$F$2:$F$181,'TD_TotalNatureTransac'!$B$2:$B$181,B7,'TD_TotalNatureTransac'!$C$2:$C$181,"Z",'TD_TotalNatureTransac'!$D$2:$D$181,"CORRECTION") | I7: =SUMIFS('TD_TotalNatureTransac'!$E$2:$E$181,'TD_TotalNatureTransac'!$B$2:$B$181,B7,'TD_TotalNatureTransac'!$C$2:$C$181,"Z",'TD_TotalNatureTransac'!$D$2:$D$181,"ESPECES") | J7: =SUMIFS('TD_TotalNatureTransac'!$F$2:$F$181,'TD_TotalNatureTransac'!$B$2:$B$181,B7,'TD_TotalNatureTransac'!$C$2:$C$181,"Z",'TD_TotalNatureTransac'!$D$2:$D$181,"ESPECES") | K7: =SUMIFS('TD_TotalNatureTransac'!$E$2:$E$181,'TD_TotalNatureTransac'!$B$2:$B$181,B7,'TD_TotalNatureTransac'!$C$2:$C$181,"Z",'TD_TotalNatureTransac'!$D$2:$D$181,"REF./TIROIR") | L7: =SUMIFS('TD_TotalNatureTransac'!$F$2:$F$181,'TD_TotalNatureTransac'!$B$2:$B$181,B7,'TD_TotalNatureTransac'!$C$2:$C$181,"Z",'TD_TotalNatureTransac'!$D$2:$D$181,"REF./TIROIR")
A8: 2023 | B8: 2023-07 | C8: =SUMIFS('TD_TotalNatureTransac'!$E$2:$E$181,'TD_TotalNatureTransac'!$B$2:$B$181,B8,'TD_TotalNatureTransac'!$C$2:$C$181,"Z",'TD_TotalNatureTransac'!$D$2:$D$181,"CARTES") | D8: =SUMIFS('TD_TotalNatureTransac'!$F$2:$F$181,'TD_TotalNatureTransac'!$B$2:$B$181,B8,'TD_TotalNatureTransac'!$C$2:$C$181,"Z",'TD_TotalNatureTransac'!$D$2:$D$181,"CARTES") | E8: =SUMIFS('TD_TotalNatureTransac'!$E$2:$E$181,'TD_TotalNatureTransac'!$B$2:$B$181,B8,'TD_TotalNatureTransac'!$C$2:$C$181,"Z",'TD_TotalNatureTransac'!$D$2:$D$181,"CHEQUES") | F8: =SUMIFS('TD_TotalNatureTransac'!$F$2:$F$181,'TD_TotalNatureTransac'!$B$2:$B$181,B8,'TD_TotalNatureTransac'!$C$2:$C$181,"Z",'TD_TotalNatureTransac'!$D$2:$D$181,"CHEQUES") | G8: =SUMIFS('TD_TotalNatureTransac'!$E$2:$E$181,'TD_TotalNatureTransac'!$B$2:$B$181,B8,'TD_TotalNatureTransac'!$C$2:$C$181,"Z",'TD_TotalNatureTransac'!$D$2:$D$181,"CORRECTION") | H8: =SUMIFS('TD_TotalNatureTransac'!$F$2:$F$181,'TD_TotalNatureTransac'!$B$2:$B$181,B8,'TD_TotalNatureTransac'!$C$2:$C$181,"Z",'TD_TotalNatureTransac'!$D$2:$D$181,"CORRECTION") | I8: =SUMIFS('TD_TotalNatureTransac'!$E$2:$E$181,'TD_TotalNatureTransac'!$B$2:$B$181,B8,'TD_TotalNatureTransac'!$C$2:$C$181,"Z",'TD_TotalNatureTransac'!$D$2:$D$181,"ESPECES") | J8: =SUMIFS('TD_TotalNatureTransac'!$F$2:$F$181,'TD_TotalNatureTransac'!$B$2:$B$181,B8,'TD_TotalNatureTransac'!$C$2:$C$181,"Z",'TD_TotalNatureTransac'!$D$2:$D$181,"ESPECES") | K8: =SUMIFS('TD_TotalNatureTransac'!$E$2:$E$181,'TD_TotalNatureTransac'!$B$2:$B$181,B8,'TD_TotalNatureTransac'!$C$2:$C$181,"Z",'TD_TotalNatureTransac'!$D$2:$D$181,"REF./TIROIR") | L8: =SUMIFS('TD_TotalNatureTransac'!$F$2:$F$181,'TD_TotalNatureTransac'!$B$2:$B$181,B8,'TD_TotalNatureTransac'!$C$2:$C$181,"Z",'TD_TotalNatureTransac'!$D$2:$D$181,"REF./TIROIR")
A9: 2023 | B9: 2023-08 | C9: =SUMIFS('TD_TotalNatureTransac'!$E$2:$E$181,'TD_TotalNatureTransac'!$B$2:$B$181,B9,'TD_TotalNatureTransac'!$C$2:$C$181,"Z",'TD_TotalNatureTransac'!$D$2:$D$181,"CARTES") | D9: =SUMIFS('TD_TotalNatureTransac'!$F$2:$F$181,'TD_TotalNatureTransac'!$B$2:$B$181,B9,'TD_TotalNatureTransac'!$C$2:$C$181,"Z",'TD_TotalNatureTransac'!$D$2:$D$181,"CARTES") | E9: =SUMIFS('TD_TotalNatureTransac'!$E$2:$E$181,'TD_TotalNatureTransac'!$B$2:$B$181,B9,'TD_TotalNatureTransac'!$C$2:$C$181,"Z",'TD_TotalNatureTransac'!$D$2:$D$181,"CHEQUES") | F9: =SUMIFS('TD_TotalNatureTransac'!$F$2:$F$181,'TD_TotalNatureTransac'!$B$2:$B$181,B9,'TD_TotalNatureTransac'!$C$2:$C$181,"Z",'TD_TotalNatureTransac'!$D$2:$D$181,"CHEQUES") | G9: =SUMIFS('TD_TotalNatureTransac'!$E$2:$E$181,'TD_TotalNatureTransac'!$B$2:$B$181,B9,'TD_TotalNatureTransac'!$C$2:$C$181,"Z",'TD_TotalNatureTransac'!$D$2:$D$181,"CORRECTION") | H9: =SUMIFS('TD_TotalNatureTransac'!$F$2:$F$181,'TD_TotalNatureTransac'!$B$2:$B$181,B9,'TD_TotalNatureTransac'!$C$2:$C$181,"Z",'TD_TotalNatureTransac'!$D$2:$D$181,"CORRECTION") | I9: =SUMIFS('TD_TotalNatureTransac'!$E$2:$E$181,'TD_TotalNatureTransac'!$B$2:$B$181,B9,'TD_TotalNatureTransac'!$C$2:$C$181,"Z",'TD_TotalNatureTransac'!$D$2:$D$181,"ESPECES") | J9: =SUMIFS('TD_TotalNatureTransac'!$F$2:$F$181,'TD_TotalNatureTransac'!$B$2:$B$181,B9,'TD_TotalNatureTransac'!$C$2:$C$181,"Z",'TD_TotalNatureTransac'!$D$2:$D$181,"ESPECES") | K9: =SUMIFS('TD_TotalNatureTransac'!$E$2:$E$181,'TD_TotalNatureTransac'!$B$2:$B$181,B9,'TD_TotalNatureTransac'!$C$2:$C$181,"Z",'TD_TotalNatureTransac'!$D$2:$D$181,"REF./TIROIR") | L9: =SUMIFS('TD_TotalNatureTransac'!$F$2:$F$181,'TD_TotalNatureTransac'!$B$2:$B$181,B9,'TD_TotalNatureTransac'!$C$2:$C$181,"Z",'TD_TotalNatureTransac'!$D$2:$D$181,"REF./TIROIR")
A10: 2023 | B10: 2023-09 | C10: =SUMIFS('TD_TotalNatureTransac'!$E$2:$E$181,'TD_TotalNatureTransac'!$B$2:$B$181,B10,'TD_TotalNatureTransac'!$C$2:$C$181,"Z",'TD_TotalNatureTransac'!$D$2:$D$181,"CARTES") | D10: =SUMIFS('TD_TotalNatureTransac'!$F$2:$F$181,'TD_TotalNatureTransac'!$B$2:$B$181,B10,'TD_TotalNatureTransac'!$C$2:$C$181,"Z",'TD_TotalNatureTransac'!$D$2:$D$181,"CARTES") | E10: =SUMIFS('TD_TotalNatureTransac'!$E$2:$E$181,'TD_TotalNatureTransac'!$B$2:$B$181,B10,'TD_TotalNatureTransac'!$C$2:$C$181,"Z",'TD_TotalNatureTransac'!$D$2:$D$181,"CHEQUES") | F10: =SUMIFS('TD_TotalNatureTransac'!$F$2:$F$181,'TD_TotalNatureTransac'!$B$2:$B$181,B10,'TD_TotalNatureTransac'!$C$2:$C$181,"Z",'TD_TotalNatureTransac'!$D$2:$D$181,"CHEQUES") | G10: =SUMIFS('TD_TotalNatureTransac'!$E$2:$E$181,'TD_TotalNatureTransac'!$B$2:$B$181,B10,'TD_TotalNatureTransac'!$C$2:$C$181,"Z",'TD_TotalNatureTransac'!$D$2:$D$181,"CORRECTION") | H10: =SUMIFS('TD_TotalNatureTransac'!$F$2:$F$181,'TD_TotalNatureTransac'!$B$2:$B$181,B10,'TD_TotalNatureTransac'!$C$2:$C$181,"Z",'TD_TotalNatureTransac'!$D$2:$D$181,"CORRECTION") | I10: =SUMIFS('TD_TotalNatureTransac'!$E$2:$E$181,'TD_TotalNatureTransac'!$B$2:$B$181,B10,'TD_TotalNatureTransac'!$C$2:$C$181,"Z",'TD_TotalNatureTransac'!$D$2:$D$181,"ESPECES") | J10: =SUMIFS('TD_TotalNatureTransac'!$F$2:$F$181,'TD_TotalNatureTransac'!$B$2:$B$181,B10,'TD_TotalNatureTransac'!$C$2:$C$181,"Z",'TD_TotalNatureTransac'!$D$2:$D$181,"ESPECES") | K10: =SUMIFS('TD_TotalNatureTransac'!$E$2:$E$181,'TD_TotalNatureTransac'!$B$2:$B$181,B10,'TD_TotalNatureTransac'!$C$2:$C$181,"Z",'TD_TotalNatureTransac'!$D$2:$D$181,"REF./TIROIR") | L10: =SUMIFS('TD_TotalNatureTransac'!$F$2:$F$181,'TD_TotalNatureTransac'!$B$2:$B$181,B10,'TD_TotalNatureTransac'!$C$2:$C$181,"Z",'TD_TotalNatureTransac'!$D$2:$D$181,"REF./TIROIR")
A11: 2023 | B11: 2023-10 | C11: =SUMIFS('TD_TotalNatureTransac'!$E$2:$E$181,'TD_TotalNatureTransac'!$B$2:$B$181,B11,'TD_TotalNatureTransac'!$C$2:$C$181,"Z",'TD_TotalNatureTransac'!$D$2:$D$181,"CARTES") | D11: =SUMIFS('TD_TotalNatureTransac'!$F$2:$F$181,'TD_TotalNatureTransac'!$B$2:$B$181,B11,'TD_TotalNatureTransac'!$C$2:$C$181,"Z",'TD_TotalNatureTransac'!$D$2:$D$181,"CARTES") | E11: =SUMIFS('TD_TotalNatureTransac'!$E$2:$E$181,'TD_TotalNatureTransac'!$B$2:$B$181,B11,'TD_TotalNatureTransac'!$C$2:$C$181,"Z",'TD_TotalNatureTransac'!$D$2:$D$181,"CHEQUES") | F11: =SUMIFS('TD_TotalNatureTransac'!$F$2:$F$181,'TD_TotalNatureTransac'!$B$2:$B$181,B11,'TD_TotalNatureTransac'!$C$2:$C$181,"Z",'TD_TotalNatureTransac'!$D$2:$D$181,"CHEQUES") | G11: =SUMIFS('TD_TotalNatureTransac'!$E$2:$E$181,'TD_TotalNatureTransac'!$B$2:$B$181,B11,'TD_TotalNatureTransac'!$C$2:$C$181,"Z",'TD_TotalNatureTransac'!$D$2:$D$181,"CORRECTION") | H11: =SUMIFS('TD_TotalNatureTransac'!$F$2:$F$181,'TD_TotalNatureTransac'!$B$2:$B$181,B11,'TD_TotalNatureTransac'!$C$2:$C$181,"Z",'TD_TotalNatureTransac'!$D$2:$D$181,"CORRECTION") | I11: =SUMIFS('TD_TotalNatureTransac'!$E$2:$E$181,'TD_TotalNatureTransac'!$B$2:$B$181,B11,'TD_TotalNatureTransac'!$C$2:$C$181,"Z",'TD_TotalNatureTransac'!$D$2:$D$181,"ESPECES") | J11: =SUMIFS('TD_TotalNatureTransac'!$F$2:$F$181,'TD_TotalNatureTransac'!$B$2:$B$181,B11,'TD_TotalNatureTransac'!$C$2:$C$181,"Z",'TD_TotalNatureTransac'!$D$2:$D$181,"ESPECES") | K11: =SUMIFS('TD_TotalNatureTransac'!$E$2:$E$181,'TD_TotalNatureTransac'!$B$2:$B$181,B11,'TD_TotalNatureTransac'!$C$2:$C$181,"Z",'TD_TotalNatureTransac'!$D$2:$D$181,"REF./TIROIR") | L11: =SUMIFS('TD_TotalNatureTransac'!$F$2:$F$181,'TD_TotalNatureTransac'!$B$2:$B$181,B11,'TD_TotalNatureTransac'!$C$2:$C$181,"Z",'TD_TotalNatureTransac'!$D$2:$D$181,"REF./TIROIR")
A12: 2023 | B12: 2023-11 | C12: =SUMIFS('TD_TotalNatureTransac'!$E$2:$E$181,'TD_TotalNatureTransac'!$B$2:$B$181,B12,'TD_TotalNatureTransac'!$C$2:$C$181,"Z",'TD_TotalNatureTransac'!$D$2:$D$181,"CARTES") | D12: =SUMIFS('TD_TotalNatureTransac'!$F$2:$F$181,'TD_TotalNatureTransac'!$B$2:$B$181,B12,'TD_TotalNatureTransac'!$C$2:$C$181,"Z",'TD_TotalNatureTransac'!$D$2:$D$181,"CARTES") | E12: =SUMIFS('TD_TotalNatureTransac'!$E$2:$E$181,'TD_TotalNatureTransac'!$B$2:$B$181,B12,'TD_TotalNatureTransac'!$C$2:$C$181,"Z",'TD_TotalNatureTransac'!$D$2:$D$181,"CHEQUES") | F12: =SUMIFS('TD_TotalNatureTransac'!$F$2:$F$181,'TD_TotalNatureTransac'!$B$2:$B$181,B12,'TD_TotalNatureTransac'!$C$2:$C$181,"Z",'TD_TotalNatureTransac'!$D$2:$D$181,"CHEQUES") | G12: =SUMIFS('TD_TotalNatureTransac'!$E$2:$E$181,'TD_TotalNatureTransac'!$B$2:$B$181,B12,'TD_TotalNatureTransac'!$C$2:$C$181,"Z",'TD_TotalNatureTransac'!$D$2:$D$181,"CORRECTION") | H12: =SUMIFS('TD_TotalNatureTransac'!$F$2:$F$181,'TD_TotalNatureTransac'!$B$2:$B$181,B12,'TD_TotalNatureTransac'!$C$2:$C$181,"Z",'TD_TotalNatureTransac'!$D$2:$D$181,"CORRECTION") | I12: =SUMIFS('TD_TotalNatureTransac'!$E$2:$E$181,'TD_TotalNatureTransac'!$B$2:$B$181,B12,'TD_TotalNatureTransac'!$C$2:$C$181,"Z",'TD_TotalNatureTransac'!$D$2:$D$181,"ESPECES") | J12: =SUMIFS('TD_TotalNatureTransac'!$F$2:$F$181,'TD_TotalNatureTransac'!$B$2:$B$181,B12,'TD_TotalNatureTransac'!$C$2:$C$181,"Z",'TD_TotalNatureTransac'!$D$2:$D$181,"ESPECES") | K12: =SUMIFS('TD_TotalNatureTransac'!$E$2:$E$181,'TD_TotalNatureTransac'!$B$2:$B$181,B12,'TD_TotalNatureTransac'!$C$2:$C$181,"Z",'TD_TotalNatureTransac'!$D$2:$D$181,"REF./TIROIR") | L12: =SUMIFS('TD_TotalNatureTransac'!$F$2:$F$181,'TD_TotalNatureTransac'!$B$2:$B$181,B12,'TD_TotalNatureTransac'!$C$2:$C$181,"Z",'TD_TotalNatureTransac'!$D$2:$D$181,"REF./TIROIR")
A13: 2023 | B13: 2023-12 | C13: =SUMIFS('TD_TotalNatureTransac'!$E$2:$E$181,'TD_TotalNatureTransac'!$B$2:$B$181,B13,'TD_TotalNatureTransac'!$C$2:$C$181,"Z",'TD_TotalNatureTransac'!$D$2:$D$181,"CARTES") | D13: =SUMIFS('TD_TotalNatureTransac'!$F$2:$F$181,'TD_TotalNatureTransac'!$B$2:$B$181,B13,'TD_TotalNatureTransac'!$C$2:$C$181,"Z",'TD_TotalNatureTransac'!$D$2:$D$181,"CARTES") | E13: =SUMIFS('TD_TotalNatureTransac'!$E$2:$E$181,'TD_TotalNatureTransac'!$B$2:$B$181,B13,'TD_TotalNatureTransac'!$C$2:$C$181,"Z",'TD_TotalNatureTransac'!$D$2:$D$181,"CHEQUES") | F13: =SUMIFS('TD_TotalNatureTransac'!$F$2:$F$181,'TD_TotalNatureTransac'!$B$2:$B$181,B13,'TD_TotalNatureTransac'!$C$2:$C$181,"Z",'TD_TotalNatureTransac'!$D$2:$D$181,"CHEQUES") | G13: =SUMIFS('TD_TotalNatureTransac'!$E$2:$E$181,'TD_TotalNatureTransac'!$B$2:$B$181,B13,'TD_TotalNatureTransac'!$C$2:$C$181,"Z",'TD_TotalNatureTransac'!$D$2:$D$181,"CORRECTION") | H13: =SUMIFS('TD_TotalNatureTransac'!$F$2:$F$181,'TD_TotalNatureTransac'!$B$2:$B$181,B13,'TD_TotalNatureTransac'!$C$2:$C$181,"Z",'TD_TotalNatureTransac'!$D$2:$D$181,"CORRECTION") | I13: =SUMIFS('TD_TotalNatureTransac'!$E$2:$E$181,'TD_TotalNatureTransac'!$B$2:$B$181,B13,'TD_TotalNatureTransac'!$C$2:$C$181,"Z",'TD_TotalNatureTransac'!$D$2:$D$181,"ESPECES") | J13: =SUMIFS('TD_TotalNatureTransac'!$F$2:$F$181,'TD_TotalNatureTransac'!$B$2:$B$181,B13,'TD_TotalNatureTransac'!$C$2:$C$181,"Z",'TD_TotalNatureTransac'!$D$2:$D$181,"ESPECES") | K13: =SUMIFS('TD_TotalNatureTransac'!$E$2:$E$181,'TD_TotalNatureTransac'!$B$2:$B$181,B13,'TD_TotalNatureTransac'!$C$2:$C$181,"Z",'TD_TotalNatureTransac'!$D$2:$D$181,"REF./TIROIR") | L13: =SUMIFS('TD_TotalNatureTransac'!$F$2:$F$181,'TD_TotalNatureTransac'!$B$2:$B$181,B13,'TD_TotalNatureTransac'!$C$2:$C$181,"Z",'TD_TotalNatureTransac'!$D$2:$D$181,"REF./TIROIR")

Sheet Compare_ZZ1_vs_ZZ2
A1: AJ_ANNEE_Z | B1: AJ_MOIS_Z | C1: CARTES_AJ_ECART_QTE | D1: CARTES_AJ_ECART_MONTANT | E1: CHEQUES_AJ_ECART_QTE | F1: CHEQUES_AJ_ECART_MONTANT | G1: CORRECTION_AJ_ECART_QTE | H1: CORRECTION_AJ_ECART_MONTANT | I1: ESPECES_AJ_ECART_QTE | J1: ESPECES_AJ_ECART_MONTANT | K1: REF__TIROIR_AJ_ECART_QTE | L1: REF__TIROIR_AJ_ECART_MONTANT
A2: 2023 | B2: 2023-01 | C2: ='Z2_Total_ModeZZ1'!C2-'Z2_Total_ModeZZ2'!C2 | D2: ='Z2_Total_ModeZZ1'!D2-'Z2_Total_ModeZZ2'!D2 | E2: ='Z2_Total_ModeZZ1'!E2-'Z2_Total_ModeZZ2'!E2 | F2: ='Z2_Total_ModeZZ1'!F2-'Z2_Total_ModeZZ2'!F2 | G2: ='Z2_Total_ModeZZ1'!G2-'Z2_Total_ModeZZ2'!G2 | H2: ='Z2_Total_ModeZZ1'!H2-'Z2_Total_ModeZZ2'!H2 | I2: ='Z2_Total_ModeZZ1'!I2-'Z2_Total_ModeZZ2'!I2 | J2: ='Z2_Total_ModeZZ1'!J2-'Z2_Total_ModeZZ2'!J2 | ... L2: ='Z2_Total_ModeZZ1'!L2-'Z2_Total_ModeZZ2'!L2
A3: 2023 | B3: 2023-02 | C3: ='Z2_Total_ModeZZ1'!C3-'Z2_Total_ModeZZ2'!C3 | D3: ='Z2_Total_ModeZZ1'!D3-'Z2_Total_ModeZZ2'!D3 | E3: ='Z2_Total_ModeZZ1'!E3-'Z2_Total_ModeZZ2'!E3 | F3: ='Z2_Total_ModeZZ1'!F3-'Z2_Total_ModeZZ2'!F3 | G3: ='Z2_Total_ModeZZ1'!G3-'Z2_Total_ModeZZ2'!G3 | H3: ='Z2_Total_ModeZZ1'!H3-'Z2_Total_ModeZZ2'!H3 | I3: ='Z2_Total_ModeZZ1'!I3-'Z2_Total_ModeZZ2'!I3 | J3: ='Z2_Total_ModeZZ1'!J3-'Z2_Total_ModeZZ2'!J3 | ... L3: ='Z2_Total_ModeZZ1'!L3-'Z2_Total_ModeZZ2'!L3
A4: 2023 | B4: 2023-03 | C4: ='Z2_Total_ModeZZ1'!C4-'Z2_Total_ModeZZ2'!C4 | D4: ='Z2_Total_ModeZZ1'!D4-'Z2_Total_ModeZZ2'!D4 | E4: ='Z2_Total_ModeZZ1'!E4-'Z2_Total_ModeZZ2'!E4 | F4: ='Z2_Total_ModeZZ1'!F4-'Z2_Total_ModeZZ2'!F4 | G4: ='Z2_Total_ModeZZ1'!G4-'Z2_Total_ModeZZ2'!G4 | H4: ='Z2_Total_ModeZZ1'!H4-'Z2_Total_ModeZZ2'!H4 | I4: ='Z2_Total_ModeZZ1'!I4-'Z2_Total_ModeZZ2'!I4 | J4: ='Z2_Total_ModeZZ1'!J4-'Z2_Total_ModeZZ2'!J4 | ... L4: ='Z2_Total_ModeZZ1'!L4-'Z2_Total_ModeZZ2'!L4
A5: 2023 | B5: 2023-04 | C5: ='Z2_Total_ModeZZ1'!C5-'Z2_Total_ModeZZ2'!C5 | D5: ='Z2_Total_ModeZZ1'!D5-'Z2_Total_ModeZZ2'!D5 | E5: ='Z2_Total_ModeZZ1'!E5-'Z2_Total_ModeZZ2'!E5 | F5: ='Z2_Total_ModeZZ1'!F5-'Z2_Total_ModeZZ2'!F5 | G5: ='Z2_Total_ModeZZ1'!G5-'Z2_Total_ModeZZ2'!G5 | H5: ='Z2_Total_ModeZZ1'!H5-'Z2_Total_ModeZZ2'!H5 | I5: ='Z2_Total_ModeZZ1'!I5-'Z2_Total_ModeZZ2'!I5 | J5: ='Z2_Total_ModeZZ1'!J5-'Z2_Total_ModeZZ2'!J5 | ... L5: ='Z2_Total_ModeZZ1'!L5-'Z2_Total_ModeZZ2'!L5
A6: 2023 | B6: 2023-05 | C6: ='Z2_Total_ModeZZ1'!C6-'Z2_Total_ModeZZ2'!C6 | D6: ='Z2_Total_ModeZZ1'!D6-'Z2_Total_ModeZZ2'!D6 | E6: ='Z2_Total_ModeZZ1'!E6-'Z2_Total_ModeZZ2'!E6 | F6: ='Z2_Total_ModeZZ1'!F6-'Z2_Total_ModeZZ2'!F6 | G6: ='Z2_Total_ModeZZ1'!G6-'Z2_Total_ModeZZ2'!G6 | H6: ='Z2_Total_ModeZZ1'!H6-'Z2_Total_ModeZZ2'!H6 | I6: ='Z2_Total_ModeZZ1'!I6-'Z2_Total_ModeZZ2'!I6 | J6: ='Z2_Total_ModeZZ1'!J6-'Z2_Total_ModeZZ2'!J6 | ... L6: ='Z2_Total_ModeZZ1'!L6-'Z2_Total_ModeZZ2'!L6
A7: 2023 | B7: 2023-06 | C7: ='Z2_Total_ModeZZ1'!C7-'Z2_Total_ModeZZ2'!C7 | D7: ='Z2_Total_ModeZZ1'!D7-'Z2_Total_ModeZZ2'!D7 | E7: ='Z2_Total_ModeZZ1'!E7-'Z2_Total_ModeZZ2'!E7 | F7: ='Z2_Total_ModeZZ1'!F7-'Z2_Total_ModeZZ2'!F7 | G7: ='Z2_Total_ModeZZ1'!G7-'Z2_Total_ModeZZ2'!G7 | H7: ='Z2_Total_ModeZZ1'!H7-'Z2_Total_ModeZZ2'!H7 | I7: ='Z2_Total_ModeZZ1'!I7-'Z2_Total_ModeZZ2'!I7 | J7: ='Z2_Total_ModeZZ1'!J7-'Z2_Total_ModeZZ2'!J7 | ... L7: ='Z2_Total_ModeZZ1'!L7-'Z2_Total_ModeZZ2'!L7
A8: 2023 | B8: 2023-07 | C8: ='Z2_Total_ModeZZ1'!C8-'Z2_Total_ModeZZ2'!C8 | D8: ='Z2_Total_ModeZZ1'!D8-'Z2_Total_ModeZZ2'!D8 | E8: ='Z2_Total_ModeZZ1'!E8-'Z2_Total_ModeZZ2'!E8 | F8: ='Z2_Total_ModeZZ1'!F8-'Z2_Total_ModeZZ2'!F8 | G8: ='Z2_Total_ModeZZ1'!G8-'Z2_Total_ModeZZ2'!G8 | H8: ='Z2_Total_ModeZZ1'!H8-'Z2_Total_ModeZZ2'!H8 | I8: ='Z2_Total_ModeZZ1'!I8-'Z2_Total_ModeZZ2'!I8 | J8: ='Z2_Total_ModeZZ1'!J8-'Z2_Total_ModeZZ2'!J8 | ... L8: ='Z2_Total_ModeZZ1'!L8-'Z2_Total_ModeZZ2'!L8
A9: 2023 | B9: 2023-08 | C9: ='Z2_Total_ModeZZ1'!C9-'Z2_Total_ModeZZ2'!C9 | D9: ='Z2_Total_ModeZZ1'!D9-'Z2_Total_ModeZZ2'!D9 | E9: ='Z2_Total_ModeZZ1'!E9-'Z2_Total_ModeZZ2'!E9 | F9: ='Z2_Total_ModeZZ1'!F9-'Z2_Total_ModeZZ2'!F9 | G9: ='Z2_Total_ModeZZ1'!G9-'Z2_Total_ModeZZ2'!G9 | H9: ='Z2_Total_ModeZZ1'!H9-'Z2_Total_ModeZZ2'!H9 | I9: ='Z2_Total_ModeZZ1'!I9-'Z2_Total_ModeZZ2'!I9 | J9: ='Z2_Total_ModeZZ1'!J9-'Z2_Total_ModeZZ2'!J9 | ... L9: ='Z2_Total_ModeZZ1'!L9-'Z2_Total_ModeZZ2'!L9
A10: 2023 | B10: 2023-09 | C10: ='Z2_Total_ModeZZ1'!C10-'Z2_Total_ModeZZ2'!C10 | D10: ='Z2_Total_ModeZZ1'!D10-'Z2_Total_ModeZZ2'!D10 | E10: ='Z2_Total_ModeZZ1'!E10-'Z2_Total_ModeZZ2'!E10 | F10: ='Z2_Total_ModeZZ1'!F10-'Z2_Total_ModeZZ2'!F10 | G10: ='Z2_Total_ModeZZ1'!G10-'Z2_Total_ModeZZ2'!G10 | H10: ='Z2_Total_ModeZZ1'!H10-'Z2_Total_ModeZZ2'!H10 | I10: ='Z2_Total_ModeZZ1'!I10-'Z2_Total_ModeZZ2'!I10 | J10: ='Z2_Total_ModeZZ1'!J10-'Z2_Total_ModeZZ2'!J10 | ... L10: ='Z2_Total_ModeZZ1'!L10-'Z2_Total_ModeZZ2'!L10
A11: 2023 | B11: 2023-10 | C11: ='Z2_Total_ModeZZ1'!C11-'Z2_Total_ModeZZ2'!C11 | D11: ='Z2_Total_ModeZZ1'!D11-'Z2_Total_ModeZZ2'!D11 | E11: ='Z2_Total_ModeZZ1'!E11-'Z2_Total_ModeZZ2'!E11 | F11: ='Z2_Total_ModeZZ1'!F11-'Z2_Total_ModeZZ2'!F11 | G11: ='Z2_Total_ModeZZ1'!G11-'Z2_Total_ModeZZ2'!G11 | H11: ='Z2_Total_ModeZZ1'!H11-'Z2_Total_ModeZZ2'!H11 | I11: ='Z2_Total_ModeZZ1'!I11-'Z2_Total_ModeZZ2'!I11 | J11: ='Z2_Total_ModeZZ1'!J11-'Z2_Total_ModeZZ2'!J11 | ... L11: ='Z2_Total_ModeZZ1'!L11-'Z2_Total_ModeZZ2'!L11
A12: 2023 | B12: 2023-11 | C12: ='Z2_Total_ModeZZ1'!C12-'Z2_Total_ModeZZ2'!C12 | D12: ='Z2_Total_ModeZZ1'!D12-'Z2_Total_ModeZZ2'!D12 | E12: ='Z2_Total_ModeZZ1'!E12-'Z2_Total_ModeZZ2'!E12 | F12: ='Z2_Total_ModeZZ1'!F12-'Z2_Total_ModeZZ2'!F12 | G12: ='Z2_Total_ModeZZ1'!G12-'Z2_Total_ModeZZ2'!G12 | H12: ='Z2_Total_ModeZZ1'!H12-'Z2_Total_ModeZZ2'!H12 | I12: ='Z2_Total_ModeZZ1'!I12-'Z2_Total_ModeZZ2'!I12 | J12: ='Z2_Total_ModeZZ1'!J12-'Z2_Total_ModeZZ2'!J12 | ... L12: ='Z2_Total_ModeZZ1'!L12-'Z2_Total_ModeZZ2'!L12
A13: 2023 | B13: 2023-12 | C13: ='Z2_Total_ModeZZ1'!C13-'Z2_Total_ModeZZ2'!C13 | D13: ='Z2_Total_ModeZZ1'!D13-'Z2_Total_ModeZZ2'!D13 | E13: ='Z2_Total_ModeZZ1'!E13-'Z2_Total_ModeZZ2'!E13 | F13: ='Z2_Total_ModeZZ1'!F13-'Z2_Total_ModeZZ2'!F13 | G13: ='Z2_Total_ModeZZ1'!G13-'Z2_Total_ModeZZ2'!G13 | H13: ='Z2_Total_ModeZZ1'!H13-'Z2_Total_ModeZZ2'!H13 | I13: ='Z2_Total_ModeZZ1'!I13-'Z2_Total_ModeZZ2'!I13 | J13: ='Z2_Total_ModeZZ1'!J13-'Z2_Total_ModeZZ2'!J13 | ... L13: ='Z2_Total_ModeZZ1'!L13-'Z2_Total_ModeZZ2'!L13

Sheet Compare_ZZ1_vs_EJ
A1: AJ_ANNEE_Z | B1: AJ_MOIS_Z | C1: CARTES_Z2 | D1: CARTES_EJ | E1: AJ_ECART_CARTES | F1: CHEQUES_Z2 | G1: CHEQUES_EJ | H1: AJ_ECART_CHEQUES | I1: ESPECES_Z2 | J1: ESPECES_EJ | K1: AJ_ECART_ESPECES
A2: 2023 | B2: 2023-01 | C2: ='Z2_Total_ModeZZ1'!D2 | D2: 15385 | E2: =C2-D2 | F2: ='Z2_Total_ModeZZ1'!F2 | G2: 6042 | H2: =F2-G2 | I2: ='Z2_Total_ModeZZ1'!J2 | J2: 54942.8 | K2: =I2-J2
A3: 2023 | B3: 2023-02 | C3: ='Z2_Total_ModeZZ1'!D3 | D3: 22705 | E3: =C3-D3 | F3: ='Z2_Total_ModeZZ1'!F3 | G3: 0 | H3: =F3-G3 | I3: ='Z2_Total_ModeZZ1'!J3 | J3: 30060 | K3: =I3-J3
A4: 2023 | B4: 2023-03 | C4: ='Z2_Total_ModeZZ1'!D4 | D4: 4414 | E4: =C4-D4 | F4: ='Z2_Total_ModeZZ1'!F4 | G4: 987 | H4: =F4-G4 | I4: ='Z2_Total_ModeZZ1'!J4 | J4: 28212 | K4: =I4-J4
A5: 2023 | B5: 2023-04 | C5: ='Z2_Total_ModeZZ1'!D5 | D5: 20500 | E5: =C5-D5 | F5: ='Z2_Total_ModeZZ1'!F5 | G5: 0 | H5: =F5-G5 | I5: ='Z2_Total_ModeZZ1'!J5 | J5: 35596 | K5: =I5-J5
A6: 2023 | B6: 2023-05 | C6: ='Z2_Total_ModeZZ1'!D6 | D6: 23452 | E6: =C6-D6 | F6: ='Z2_Total_ModeZZ1'!F6 | G6: 0 | H6: =F6-G6 | I6: ='Z2_Total_ModeZZ1'!J6 | J6: 16910 | K6: =I6-J6
A7: 2023 | B7: 2023-06 | C7: ='Z2_Total_ModeZZ1'!D7 | D7: 6499 | E7: =C7-D7 | F7: ='Z2_Total_ModeZZ1'!F7 | G7: 0 | H7: =F7-G7 | I7: ='Z2_Total_ModeZZ1'!J7 | J7: 20192 | K7: =I7-J7
A8: 2023 | B8: 2023-07 | C8: ='Z2_Total_ModeZZ1'!D8 | D8: 12773 | E8: =C8-D8 | F8: ='Z2_Total_ModeZZ1'!F8 | G8: 0 | H8: =F8-G8 | I8: ='Z2_Total_ModeZZ1'!J8 | J8: 18659 | K8: =I8-J8
A9: 2023 | B9: 2023-08 | C9: ='Z2_Total_ModeZZ1'!D9 | D9: 5315 | E9: =C9-D9 | F9: ='Z2_Total_ModeZZ1'!F9 | G9: 0 | H9: =F9-G9 | I9: ='Z2_Total_ModeZZ1'!J9 | J9: 20909 | K9: =I9-J9
A10: 2023 | B10: 2023-09 | C10: ='Z2_Total_ModeZZ1'!D10 | D10: 13209 | E10: =C10-D10 | F10: ='Z2_Total_ModeZZ1'!F10 | G10: 0 | H10: =F10-G10 | I10: ='Z2_Total_ModeZZ1'!J10 | J10: 20724.5 | K10: =I10-J10
A11: 2023 | B11: 2023-10 | C11: ='Z2_Total_ModeZZ1'!D11 | D11: 20776 | E11: =C11-D11 | F11: ='Z2_Total_ModeZZ1'!F11 | G11: 0 | H11: =F11-G11 | I11: ='Z2_Total_ModeZZ1'!J11 | J11: 11347.8 | K11: =I11-J11
A12: 2023 | B12: 2023-11 | C12: ='Z2_Total_ModeZZ1'!D12 | D12: 5204 | E12: =C12-D12 | F12: ='Z2_Total_ModeZZ1'!F12 | G12: 0 | H12: =F12-G12 | I12: ='Z2_Total_ModeZZ1'!J12 | J12: 1186 | K12: =I12-J12
A13: 2023 | B13: 2023-12 | C13: ='Z2_Total_ModeZZ1'!D13 | D13: 9809 | E13: =C13-D13 | F13: ='Z2_Total_ModeZZ1'!F13 | G13: 0 | H13: =F13-G13 | I13: ='Z2_Total_ModeZZ1'!J13 | J13: 18329 | K13: =I13-J13
